Begin Time:2026-03-18T15:50:02.914
[2026-03-18T15:50:02.914 info Netsdk:63708 83236:84824 AVNetSDKMgr.cpp:504]Load avnetsdk library dynamically
[2026-03-18T15:50:02.965 info Netsdk:63708 83236:84824 AVNetSDKMgr.cpp:549]avnetsdk module handle: 0000017C0ADB0000

[2026-03-18T15:50:02.969 info Netsdk:63708 83236:84824 AVNetSDKMgr.cpp:823]Load configsdk dynamically
[2026-03-18T15:50:02.979 info Netsdk:63708 83236:84824 dhnetsdk.cpp:352]Enter CLIENT_SetNetworkParam:[nWaittime=0, nConnectTime=0, nConnectTryNum=2, nSubConnectSpaceTime=0, nGetDevInfoTime=3000, nConnectBufSize=0, nGetConnInfoTime=0, nSearchRecordTime=0, nsubDisconnetTime=0, byNetType=0, byPlaybackBufSize=0, bDetectDisconnTime=0, bKeepLifeInterval=0, nPicBufSize=0].
[2026-03-18T15:50:02.980 info Netsdk:63708 83236:84824 dhnetsdk.cpp:367]Leave CLIENT_SetNetworkParam.
[2026-03-18T15:50:02.980 info Netsdk:63708 83236:84824 dhnetsdk.cpp:302]Enter CLIENT_SetAutoReconnect:[cbAutoConnect=00007FF66C23A000, dwUser=00000054F38FE940].
[2026-03-18T15:50:02.980 info Netsdk:63708 83236:84824 dhnetsdk.cpp:304]Leave CLIENT_SetAutoReconnect.
[2026-03-18T15:50:03.522 info Netsdk:63708 83236:84824 dhnetsdk.cpp:991]Enter CLIENT_LoginWithHighLevelSecurity. pstInParam:00000054F38FCEE0, pstOutParam:00000054F38FCFE0.
[2026-03-18T15:50:03.522 info Netsdk:63708 83236:84824 dhnetsdk.cpp:1007]IP:192.168.1.23, port:37777, SpeCap:0, CapParam:0000000000000000, TLSCap:0
[2026-03-18T15:50:03.711 info Netsdk:63708 83236:84824 dhnetsdk.cpp:1054]Leave CLIENT_LoginWithHighLevelSecurity. error:0, login ID:179745504.
[2026-03-18T15:50:03.763 info Netsdk:63708 83236:84824 dhnetsdk.cpp:8181]Enter CLIENT_QueryDevState. [lLoginID=179745504, nType=4, pBuf=00000054F38FB520, nBufLen=3076, pRetLen=00000054F38FCD74, waittime=3000.]
[2026-03-18T15:50:03.848 info Netsdk:63708 83236:84824 dhnetsdk.cpp:8205]Leave CLIENT_QueryDevState.ret:1.
Begin Time:2026-03-18T15:50:05.342
[2026-03-18T15:50:05.342 info Netsdk:63708 93344:93348 AVNetSDKMgr.cpp:504]Load avnetsdk library dynamically
[2026-03-18T15:50:05.346 info Netsdk:63708 93344:93348 AVNetSDKMgr.cpp:549]avnetsdk module handle: 00000140846C0000

[2026-03-18T15:50:05.346 info Netsdk:63708 93344:93348 AVNetSDKMgr.cpp:823]Load configsdk dynamically
[2026-03-18T15:50:05.349 info Netsdk:63708 93344:93348 dhnetsdk.cpp:302]Enter CLIENT_SetAutoReconnect:[cbAutoConnect=00007FF74F3FA109, dwUser=00000001000FCC30].
[2026-03-18T15:50:05.349 info Netsdk:63708 93344:93348 dhnetsdk.cpp:304]Leave CLIENT_SetAutoReconnect.
[2026-03-18T15:50:05.390 info Netsdk:63708 93344:93348 dhnetsdk.cpp:991]Enter CLIENT_LoginWithHighLevelSecurity. pstInParam:00000001000FB0F0, pstOutParam:00000001000FB1F0.
[2026-03-18T15:50:05.390 info Netsdk:63708 93344:93348 dhnetsdk.cpp:1007]IP:192.168.1.23, port:37777, SpeCap:0, CapParam:0000000000000000, TLSCap:0
[2026-03-18T15:50:05.563 info Netsdk:63708 93344:93348 dhnetsdk.cpp:1054]Leave CLIENT_LoginWithHighLevelSecurity. error:0, login ID:-2085575120.
[2026-03-18T15:50:05.714 info Netsdk:63708 93344:93348 dhnetsdk.cpp:8181]Enter CLIENT_QueryDevState. [lLoginID=-2085575120, nType=82, pBuf=00000001000FB318, nBufLen=60, pRetLen=00000001000FB2F4, waittime=1000.]
[2026-03-18T15:50:05.814 info Netsdk:63708 93344:93348 dhnetsdk.cpp:8205]Leave CLIENT_QueryDevState.ret:1.
[2026-03-18T15:50:06.033 info Netsdk:63708 93344:93348 dhnetsdk.cpp:1288]Enter CLIENT_RealPlayEx. lLoginID:-2085575120. nChannelID:0. rType:0
[2026-03-18T15:50:06.540 error Netsdk:63708 93344:93348 Generation2ProtocolSecureTransmit.cpp:661]Not find
[2026-03-18T15:50:06.541 info Netsdk:63708 93344:93348 DevConfigEx.cpp:11689]IN SetupSession PORT=0 and PORT: 37777
[2026-03-18T15:50:07.590 info Netsdk:63708 93344:93348 dhnetsdk.cpp:1354]Leave CLIENT_RealPlayEx. ret:-2027131264
[2026-03-18T15:51:33.844 info Netsdk:63708 83236:84824 dhnetsdk.cpp:8113]Enter CLIENT_ControlDevice. [lLoginID=179745504, type=27, param=0000000000000000, waittime=3000.]
[2026-03-18T15:51:33.846 info Netsdk:63708 83236:84824 dhnetsdk.cpp:8136]Leave CLIENT_ControlDevice.ret:1.
[2026-03-18T15:51:38.351 info Netsdk:63708 83236:84824 dhnetsdk.cpp:8113]Enter CLIENT_ControlDevice. [lLoginID=179745504, type=27, param=0000000000000000, waittime=3000.]
[2026-03-18T15:51:38.351 info Netsdk:63708 83236:84824 dhnetsdk.cpp:8136]Leave CLIENT_ControlDevice.ret:1.
[2026-03-18T15:51:43.251 info Netsdk:63708 83236:84824 dhnetsdk.cpp:8113]Enter CLIENT_ControlDevice. [lLoginID=179745504, type=18, param=0000000000000000, waittime=3000.]
[2026-03-18T15:51:43.251 info Netsdk:63708 83236:84824 dhnetsdk.cpp:8136]Leave CLIENT_ControlDevice.ret:1.
[2026-03-18T15:51:49.817 info Netsdk:63708 83236:84824 dhnetsdk.cpp:8113]Enter CLIENT_ControlDevice. [lLoginID=179745504, type=18, param=0000000000000000, waittime=3000.]
[2026-03-18T15:51:49.817 info Netsdk:63708 83236:84824 dhnetsdk.cpp:8136]Leave CLIENT_ControlDevice.ret:1.
[2026-03-18T15:51:51.753 info Netsdk:63708 93344:93348 dhnetsdk.cpp:2090]Enter CLIENT_StopRealPlayEx. lRealHandle:-2027131264.
[2026-03-18T15:51:51.780 info Netsdk:63708 93344:93348 dhnetsdk.cpp:2104]Leave CLIENT_StopRealPlayEx. ret:1
[2026-03-18T15:51:51.780 info Netsdk:63708 93344:93348 dhnetsdk.cpp:1288]Enter CLIENT_RealPlayEx. lLoginID:-2085575120. nChannelID:7. rType:0
[2026-03-18T15:51:51.787 error Netsdk:63708 93344:93348 Generation2ProtocolSecureTransmit.cpp:661]Not find
[2026-03-18T15:51:51.787 info Netsdk:63708 93344:93348 DevConfigEx.cpp:11689]IN SetupSession PORT=0 and PORT: 37777
[2026-03-18T15:51:51.828 info Netsdk:63708 93344:93348 dhnetsdk.cpp:1354]Leave CLIENT_RealPlayEx. ret:-2085493248
[2026-03-18T15:51:51.831 info Netsdk:63708 93344:93348 dhnetsdk.cpp:5105]Enter CLIENT_DHPTZControl. [lLoginID=-2085575120, nChannelID=7, dwPTZCommand=4, param1=0, param2=4, param3=0, dwStop=0, param4=0000000000000000.]
[2026-03-18T15:51:51.832 info Netsdk:63708 93344:93348 dhnetsdk.cpp:5128]Leave CLIENT_DHPTZControl.ret:1.
[2026-03-18T15:51:54.798 info Netsdk:63708 93344:93348 dhnetsdk.cpp:5105]Enter CLIENT_DHPTZControl. [lLoginID=-2085575120, nChannelID=7, dwPTZCommand=4, param1=0, param2=4, param3=0, dwStop=1, param4=0000000000000000.]
[2026-03-18T15:51:54.801 info Netsdk:63708 93344:93348 dhnetsdk.cpp:5128]Leave CLIENT_DHPTZControl.ret:1.
[2026-03-18T15:53:02.097 info Netsdk:63708 83236:84824 dhnetsdk.cpp:1075]Enter CLIENT_Logout. lLoginID:179745504.
[2026-03-18T15:53:02.101 error Netsdk:63708 83236:84824 TPTCPClient.cpp:723]Device is not online, ip:192.168.1.23
[2026-03-18T15:53:02.101 info Netsdk:63708 83236:84824 dhnetsdk.cpp:1097]Leave CLIENT_Logout. ret:1
[2026-03-18T15:53:02.365 info Netsdk:63708 93344:93348 dhnetsdk.cpp:2090]Enter CLIENT_StopRealPlayEx. lRealHandle:-2085493248.
[2026-03-18T15:53:02.399 info Netsdk:63708 93344:93348 dhnetsdk.cpp:2104]Leave CLIENT_StopRealPlayEx. ret:1
[2026-03-18T15:53:02.399 info Netsdk:63708 93344:93348 dhnetsdk.cpp:1075]Enter CLIENT_Logout. lLoginID:-2085575120.
[2026-03-18T15:53:02.400 error Netsdk:63708 93344:93348 TPTCPClient.cpp:723]Device is not online, ip:192.168.1.23
[2026-03-18T15:53:02.400 info Netsdk:63708 93344:93348 dhnetsdk.cpp:1097]Leave CLIENT_Logout. ret:1
Begin Time:2026-03-23T16:19:43.583
[2026-03-23T16:19:43.583 info Netsdk:63708 49828:49832 AVNetSDKMgr.cpp:504]Load avnetsdk library dynamically
[2026-03-23T16:19:43.601 info Netsdk:63708 49828:49832 AVNetSDKMgr.cpp:549]avnetsdk module handle: 000002046A2F0000

[2026-03-23T16:19:43.601 info Netsdk:63708 49828:49832 AVNetSDKMgr.cpp:823]Load configsdk dynamically
[2026-03-23T16:19:43.605 info Netsdk:63708 49828:49832 dhnetsdk.cpp:352]Enter CLIENT_SetNetworkParam:[nWaittime=0, nConnectTime=0, nConnectTryNum=2, nSubConnectSpaceTime=0, nGetDevInfoTime=3000, nConnectBufSize=0, nGetConnInfoTime=0, nSearchRecordTime=0, nsubDisconnetTime=0, byNetType=0, byPlaybackBufSize=0, bDetectDisconnTime=0, bKeepLifeInterval=0, nPicBufSize=0].
[2026-03-23T16:19:43.605 info Netsdk:63708 49828:49832 dhnetsdk.cpp:367]Leave CLIENT_SetNetworkParam.
[2026-03-23T16:19:43.605 info Netsdk:63708 49828:49832 dhnetsdk.cpp:302]Enter CLIENT_SetAutoReconnect:[cbAutoConnect=00007FF6F02DA000, dwUser=000000720BCFE800].
[2026-03-23T16:19:43.605 info Netsdk:63708 49828:49832 dhnetsdk.cpp:304]Leave CLIENT_SetAutoReconnect.
[2026-03-23T16:19:43.746 info Netsdk:63708 49828:49832 dhnetsdk.cpp:991]Enter CLIENT_LoginWithHighLevelSecurity. pstInParam:000000720BCFCDA0, pstOutParam:000000720BCFCEA0.
[2026-03-23T16:19:43.747 info Netsdk:63708 49828:49832 dhnetsdk.cpp:1007]IP:192.168.1.23, port:37777, SpeCap:0, CapParam:0000000000000000, TLSCap:0
[2026-03-23T16:19:43.959 info Netsdk:63708 49828:49832 dhnetsdk.cpp:1054]Leave CLIENT_LoginWithHighLevelSecurity. error:0, login ID:1716824256.
[2026-03-23T16:19:43.971 info Netsdk:63708 49828:49832 dhnetsdk.cpp:8181]Enter CLIENT_QueryDevState. [lLoginID=1716824256, nType=4, pBuf=000000720BCFB3E0, nBufLen=3076, pRetLen=000000720BCFCC34, waittime=3000.]
[2026-03-23T16:19:43.980 info Netsdk:63708 49828:49832 dhnetsdk.cpp:8205]Leave CLIENT_QueryDevState.ret:1.
Begin Time:2026-03-23T16:19:44.415
[2026-03-23T16:19:44.415 info Netsdk:63708 50012:50016 AVNetSDKMgr.cpp:504]Load avnetsdk library dynamically
[2026-03-23T16:19:44.417 info Netsdk:63708 50012:50016 AVNetSDKMgr.cpp:549]avnetsdk module handle: 000002A5BF070000

[2026-03-23T16:19:44.417 info Netsdk:63708 50012:50016 AVNetSDKMgr.cpp:823]Load configsdk dynamically
[2026-03-23T16:19:44.418 info Netsdk:63708 50012:50016 dhnetsdk.cpp:302]Enter CLIENT_SetAutoReconnect:[cbAutoConnect=00007FF75DBFA109, dwUser=000000D6A997CC70].
[2026-03-23T16:19:44.418 info Netsdk:63708 50012:50016 dhnetsdk.cpp:304]Leave CLIENT_SetAutoReconnect.
[2026-03-23T16:19:44.457 info Netsdk:63708 50012:50016 dhnetsdk.cpp:991]Enter CLIENT_LoginWithHighLevelSecurity. pstInParam:000000D6A997B130, pstOutParam:000000D6A997B230.
[2026-03-23T16:19:44.457 info Netsdk:63708 50012:50016 dhnetsdk.cpp:1007]IP:192.168.1.23, port:37777, SpeCap:0, CapParam:0000000000000000, TLSCap:0
[2026-03-23T16:19:44.714 info Netsdk:63708 50012:50016 dhnetsdk.cpp:1054]Leave CLIENT_LoginWithHighLevelSecurity. error:0, login ID:-1273577920.
[2026-03-23T16:19:44.722 info Netsdk:63708 50012:50016 dhnetsdk.cpp:8181]Enter CLIENT_QueryDevState. [lLoginID=-1273577920, nType=82, pBuf=000000D6A997B358, nBufLen=60, pRetLen=000000D6A997B334, waittime=1000.]
[2026-03-23T16:19:44.858 info Netsdk:63708 50012:50016 dhnetsdk.cpp:8205]Leave CLIENT_QueryDevState.ret:1.
[2026-03-23T16:19:44.884 info Netsdk:63708 50012:50016 dhnetsdk.cpp:1288]Enter CLIENT_RealPlayEx. lLoginID:-1273577920. nChannelID:0. rType:0
[2026-03-23T16:19:45.818 error Netsdk:63708 50012:50016 Generation2ProtocolSecureTransmit.cpp:661]Not find
[2026-03-23T16:19:45.818 info Netsdk:63708 50012:50016 DevConfigEx.cpp:11689]IN SetupSession PORT=0 and PORT: 37777
[2026-03-23T16:19:45.917 info Netsdk:63708 50012:50016 dhnetsdk.cpp:1354]Leave CLIENT_RealPlayEx. ret:-1273545920
[2026-03-23T16:20:27.419 info Netsdk:63708 50012:50016 dhnetsdk.cpp:2090]Enter CLIENT_StopRealPlayEx. lRealHandle:-1273545920.
[2026-03-23T16:20:27.433 info Netsdk:63708 50012:50016 dhnetsdk.cpp:2104]Leave CLIENT_StopRealPlayEx. ret:1
[2026-03-23T16:20:27.433 info Netsdk:63708 50012:50016 dhnetsdk.cpp:1075]Enter CLIENT_Logout. lLoginID:-1273577920.
[2026-03-23T16:20:27.434 error Netsdk:63708 50012:50016 TPTCPClient.cpp:723]Device is not online, ip:192.168.1.23
[2026-03-23T16:20:27.434 info Netsdk:63708 50012:50016 dhnetsdk.cpp:1097]Leave CLIENT_Logout. ret:1
[2026-03-23T16:20:27.620 info Netsdk:63708 49828:49832 dhnetsdk.cpp:1075]Enter CLIENT_Logout. lLoginID:1716824256.
[2026-03-23T16:20:27.621 error Netsdk:63708 49828:49832 TPTCPClient.cpp:723]Device is not online, ip:192.168.1.23
[2026-03-23T16:20:27.621 info Netsdk:63708 49828:49832 dhnetsdk.cpp:1097]Leave CLIENT_Logout. ret:1
Begin Time:2026-03-23T16:21:17.965
[2026-03-23T16:21:17.965 info Netsdk:63708 50564:12568 AVNetSDKMgr.cpp:504]Load avnetsdk library dynamically
[2026-03-23T16:21:17.981 info Netsdk:63708 50564:12568 AVNetSDKMgr.cpp:549]avnetsdk module handle: 0000016BD45F0000

[2026-03-23T16:21:17.981 info Netsdk:63708 50564:12568 AVNetSDKMgr.cpp:823]Load configsdk dynamically
[2026-03-23T16:21:17.983 info Netsdk:63708 50564:12568 dhnetsdk.cpp:352]Enter CLIENT_SetNetworkParam:[nWaittime=0, nConnectTime=0, nConnectTryNum=2, nSubConnectSpaceTime=0, nGetDevInfoTime=3000, nConnectBufSize=0, nGetConnInfoTime=0, nSearchRecordTime=0, nsubDisconnetTime=0, byNetType=0, byPlaybackBufSize=0, bDetectDisconnTime=0, bKeepLifeInterval=0, nPicBufSize=0].
[2026-03-23T16:21:17.983 info Netsdk:63708 50564:12568 dhnetsdk.cpp:367]Leave CLIENT_SetNetworkParam.
[2026-03-23T16:21:17.983 info Netsdk:63708 50564:12568 dhnetsdk.cpp:302]Enter CLIENT_SetAutoReconnect:[cbAutoConnect=00007FF6F02DA000, dwUser=000000098E7EE350].
[2026-03-23T16:21:17.983 info Netsdk:63708 50564:12568 dhnetsdk.cpp:304]Leave CLIENT_SetAutoReconnect.
Begin Time:2026-03-23T16:21:18.401
[2026-03-23T16:21:18.401 info Netsdk:63708 50680:47400 AVNetSDKMgr.cpp:504]Load avnetsdk library dynamically
[2026-03-23T16:21:18.404 info Netsdk:63708 50680:47400 AVNetSDKMgr.cpp:549]avnetsdk module handle: 00000296442A0000

[2026-03-23T16:21:18.404 info Netsdk:63708 50680:47400 AVNetSDKMgr.cpp:823]Load configsdk dynamically
[2026-03-23T16:21:18.406 info Netsdk:63708 50680:47400 dhnetsdk.cpp:302]Enter CLIENT_SetAutoReconnect:[cbAutoConnect=00007FF75DBFA109, dwUser=000000A0460FD250].
[2026-03-23T16:21:18.406 info Netsdk:63708 50680:47400 dhnetsdk.cpp:304]Leave CLIENT_SetAutoReconnect.
[2026-03-23T16:21:18.508 info Netsdk:63708 50680:47400 dhnetsdk.cpp:991]Enter CLIENT_LoginWithHighLevelSecurity. pstInParam:000000A0460FB710, pstOutParam:000000A0460FB810.
[2026-03-23T16:21:18.509 info Netsdk:63708 50680:47400 dhnetsdk.cpp:1007]IP:192.168.1.23, port:37777, SpeCap:0, CapParam:0000000000000000, TLSCap:0
[2026-03-23T16:21:18.519 info Netsdk:63708 50564:12568 dhnetsdk.cpp:991]Enter CLIENT_LoginWithHighLevelSecurity. pstInParam:000000098E7EC8F0, pstOutParam:000000098E7EC9F0.
[2026-03-23T16:21:18.519 info Netsdk:63708 50564:12568 dhnetsdk.cpp:1007]IP:192.168.1.23, port:37777, SpeCap:0, CapParam:0000000000000000, TLSCap:0
[2026-03-23T16:21:18.746 info Netsdk:63708 50680:47400 dhnetsdk.cpp:1054]Leave CLIENT_LoginWithHighLevelSecurity. error:0, login ID:959561280.
[2026-03-23T16:21:18.749 info Netsdk:63708 50680:47400 dhnetsdk.cpp:8181]Enter CLIENT_QueryDevState. [lLoginID=959561280, nType=82, pBuf=000000A0460FB938, nBufLen=60, pRetLen=000000A0460FB914, waittime=1000.]
[2026-03-23T16:21:18.762 info Netsdk:63708 50564:12568 dhnetsdk.cpp:1054]Leave CLIENT_LoginWithHighLevelSecurity. error:0, login ID:-794443264.
[2026-03-23T16:21:18.774 info Netsdk:63708 50564:12568 dhnetsdk.cpp:8181]Enter CLIENT_QueryDevState. [lLoginID=-794443264, nType=4, pBuf=000000098E7EAF30, nBufLen=3076, pRetLen=000000098E7EC784, waittime=3000.]
[2026-03-23T16:21:18.797 info Netsdk:63708 50564:12568 dhnetsdk.cpp:8205]Leave CLIENT_QueryDevState.ret:1.
[2026-03-23T16:21:19.078 info Netsdk:63708 50680:47400 dhnetsdk.cpp:8205]Leave CLIENT_QueryDevState.ret:1.
[2026-03-23T16:21:19.091 info Netsdk:63708 50680:47400 dhnetsdk.cpp:1288]Enter CLIENT_RealPlayEx. lLoginID:959561280. nChannelID:0. rType:0
[2026-03-23T16:21:20.107 error Netsdk:63708 50680:47400 Generation2ProtocolSecureTransmit.cpp:661]Not find
[2026-03-23T16:21:20.107 info Netsdk:63708 50680:47400 DevConfigEx.cpp:11689]IN SetupSession PORT=0 and PORT: 37777
[2026-03-23T16:21:20.213 info Netsdk:63708 50680:47400 dhnetsdk.cpp:1354]Leave CLIENT_RealPlayEx. ret:959618480
[2026-03-23T16:21:52.989 info Netsdk:63708 50564:12568 dhnetsdk.cpp:1075]Enter CLIENT_Logout. lLoginID:-794443264.
[2026-03-23T16:21:52.989 error Netsdk:63708 50564:12568 TPTCPClient.cpp:723]Device is not online, ip:192.168.1.23
[2026-03-23T16:21:52.989 info Netsdk:63708 50564:12568 dhnetsdk.cpp:1097]Leave CLIENT_Logout. ret:1
[2026-03-23T16:21:53.438 info Netsdk:63708 50680:47400 dhnetsdk.cpp:2090]Enter CLIENT_StopRealPlayEx. lRealHandle:959618480.
[2026-03-23T16:21:53.453 info Netsdk:63708 50680:47400 dhnetsdk.cpp:2104]Leave CLIENT_StopRealPlayEx. ret:1
[2026-03-23T16:21:53.453 info Netsdk:63708 50680:47400 dhnetsdk.cpp:1075]Enter CLIENT_Logout. lLoginID:959561280.
[2026-03-23T16:21:53.454 error Netsdk:63708 50680:47400 TPTCPClient.cpp:723]Device is not online, ip:192.168.1.23
[2026-03-23T16:21:53.454 info Netsdk:63708 50680:47400 dhnetsdk.cpp:1097]Leave CLIENT_Logout. ret:1
Begin Time:2026-03-24T16:00:15.451
[2026-03-24T16:00:15.451 info Netsdk:63708 29432:21792 AVNetSDKMgr.cpp:504]Load avnetsdk library dynamically
[2026-03-24T16:00:15.464 info Netsdk:63708 29432:21792 AVNetSDKMgr.cpp:549]avnetsdk module handle: 0000021E82BE0000

[2026-03-24T16:00:15.464 info Netsdk:63708 29432:21792 AVNetSDKMgr.cpp:823]Load configsdk dynamically
[2026-03-24T16:00:15.467 info Netsdk:63708 29432:21792 dhnetsdk.cpp:352]Enter CLIENT_SetNetworkParam:[nWaittime=0, nConnectTime=0, nConnectTryNum=2, nSubConnectSpaceTime=0, nGetDevInfoTime=3000, nConnectBufSize=0, nGetConnInfoTime=0, nSearchRecordTime=0, nsubDisconnetTime=0, byNetType=0, byPlaybackBufSize=0, bDetectDisconnTime=0, bKeepLifeInterval=0, nPicBufSize=0].
[2026-03-24T16:00:15.467 info Netsdk:63708 29432:21792 dhnetsdk.cpp:367]Leave CLIENT_SetNetworkParam.
[2026-03-24T16:00:15.467 info Netsdk:63708 29432:21792 dhnetsdk.cpp:302]Enter CLIENT_SetAutoReconnect:[cbAutoConnect=00007FF7D615A000, dwUser=000000E5A195E900].
[2026-03-24T16:00:15.467 info Netsdk:63708 29432:21792 dhnetsdk.cpp:304]Leave CLIENT_SetAutoReconnect.
[2026-03-24T16:00:15.515 info Netsdk:63708 29432:21792 dhnetsdk.cpp:991]Enter CLIENT_LoginWithHighLevelSecurity. pstInParam:000000E5A195CEA0, pstOutParam:000000E5A195CFA0.
[2026-03-24T16:00:15.515 info Netsdk:63708 29432:21792 dhnetsdk.cpp:1007]IP:192.168.1.23, port:37777, SpeCap:0, CapParam:0000000000000000, TLSCap:0
[2026-03-24T16:00:15.693 info Netsdk:63708 29432:21792 dhnetsdk.cpp:1054]Leave CLIENT_LoginWithHighLevelSecurity. error:0, login ID:-2115600960.
[2026-03-24T16:00:15.704 info Netsdk:63708 29432:21792 dhnetsdk.cpp:8181]Enter CLIENT_QueryDevState. [lLoginID=-2115600960, nType=4, pBuf=000000E5A195B4E0, nBufLen=3076, pRetLen=000000E5A195CD34, waittime=3000.]
[2026-03-24T16:00:15.721 info Netsdk:63708 29432:21792 dhnetsdk.cpp:8205]Leave CLIENT_QueryDevState.ret:1.
Begin Time:2026-03-24T16:00:15.725
[2026-03-24T16:00:15.725 info Netsdk:63708 22368:40304 AVNetSDKMgr.cpp:504]Load avnetsdk library dynamically
[2026-03-24T16:00:15.728 info Netsdk:63708 22368:40304 AVNetSDKMgr.cpp:549]avnetsdk module handle: 00000140FF990000

[2026-03-24T16:00:15.728 info Netsdk:63708 22368:40304 AVNetSDKMgr.cpp:823]Load configsdk dynamically
[2026-03-24T16:00:15.729 info Netsdk:63708 22368:40304 dhnetsdk.cpp:302]Enter CLIENT_SetAutoReconnect:[cbAutoConnect=00007FF66164A109, dwUser=00000011C02FCB10].
[2026-03-24T16:00:15.729 info Netsdk:63708 22368:40304 dhnetsdk.cpp:304]Leave CLIENT_SetAutoReconnect.
[2026-03-24T16:00:15.742 info Netsdk:63708 22368:40304 dhnetsdk.cpp:991]Enter CLIENT_LoginWithHighLevelSecurity. pstInParam:00000011C02FAFD0, pstOutParam:00000011C02FB0D0.
[2026-03-24T16:00:15.742 info Netsdk:63708 22368:40304 dhnetsdk.cpp:1007]IP:192.168.1.23, port:37777, SpeCap:0, CapParam:0000000000000000, TLSCap:0
[2026-03-24T16:00:16.292 info Netsdk:63708 22368:40304 dhnetsdk.cpp:1054]Leave CLIENT_LoginWithHighLevelSecurity. error:0, login ID:-229523952.
[2026-03-24T16:00:16.297 info Netsdk:63708 22368:40304 dhnetsdk.cpp:8181]Enter CLIENT_QueryDevState. [lLoginID=-229523952, nType=82, pBuf=00000011C02FB1F8, nBufLen=60, pRetLen=00000011C02FB1D4, waittime=1000.]
[2026-03-24T16:00:16.535 info Netsdk:63708 22368:40304 dhnetsdk.cpp:8205]Leave CLIENT_QueryDevState.ret:1.
[2026-03-24T16:00:16.563 info Netsdk:63708 22368:40304 dhnetsdk.cpp:1288]Enter CLIENT_RealPlayEx. lLoginID:-229523952. nChannelID:0. rType:0
[2026-03-24T16:00:17.142 error Netsdk:63708 22368:40304 Generation2ProtocolSecureTransmit.cpp:661]Not find
[2026-03-24T16:00:17.142 info Netsdk:63708 22368:40304 DevConfigEx.cpp:11689]IN SetupSession PORT=0 and PORT: 37777
[2026-03-24T16:00:17.234 info Netsdk:63708 22368:40304 dhnetsdk.cpp:1354]Leave CLIENT_RealPlayEx. ret:-229494240
[2026-03-24T16:01:00.464 info Netsdk:63708 29432:21792 dhnetsdk.cpp:1075]Enter CLIENT_Logout. lLoginID:-2115600960.
[2026-03-24T16:01:00.467 error Netsdk:63708 29432:21792 TPTCPClient.cpp:723]Device is not online, ip:192.168.1.23
[2026-03-24T16:01:00.467 info Netsdk:63708 29432:21792 dhnetsdk.cpp:1097]Leave CLIENT_Logout. ret:1
[2026-03-24T16:01:00.730 info Netsdk:63708 22368:40304 dhnetsdk.cpp:2090]Enter CLIENT_StopRealPlayEx. lRealHandle:-229494240.
[2026-03-24T16:01:00.738 info Netsdk:63708 22368:40304 dhnetsdk.cpp:2104]Leave CLIENT_StopRealPlayEx. ret:1
[2026-03-24T16:01:00.738 info Netsdk:63708 22368:40304 dhnetsdk.cpp:1075]Enter CLIENT_Logout. lLoginID:-229523952.
[2026-03-24T16:01:00.739 error Netsdk:63708 22368:40304 TPTCPClient.cpp:723]Device is not online, ip:192.168.1.23
[2026-03-24T16:01:00.739 info Netsdk:63708 22368:40304 dhnetsdk.cpp:1097]Leave CLIENT_Logout. ret:1
Begin Time:2026-03-24T16:03:27.484
[2026-03-24T16:03:27.484 info Netsdk:63708 6916:28144 AVNetSDKMgr.cpp:504]Load avnetsdk library dynamically
[2026-03-24T16:03:27.506 info Netsdk:63708 6916:28144 AVNetSDKMgr.cpp:549]avnetsdk module handle: 000001C068C60000

[2026-03-24T16:03:27.506 info Netsdk:63708 6916:28144 AVNetSDKMgr.cpp:823]Load configsdk dynamically
[2026-03-24T16:03:27.510 info Netsdk:63708 6916:28144 dhnetsdk.cpp:352]Enter CLIENT_SetNetworkParam:[nWaittime=0, nConnectTime=0, nConnectTryNum=2, nSubConnectSpaceTime=0, nGetDevInfoTime=3000, nConnectBufSize=0, nGetConnInfoTime=0, nSearchRecordTime=0, nsubDisconnetTime=0, byNetType=0, byPlaybackBufSize=0, bDetectDisconnTime=0, bKeepLifeInterval=0, nPicBufSize=0].
[2026-03-24T16:03:27.510 info Netsdk:63708 6916:28144 dhnetsdk.cpp:367]Leave CLIENT_SetNetworkParam.
[2026-03-24T16:03:27.510 info Netsdk:63708 6916:28144 dhnetsdk.cpp:302]Enter CLIENT_SetAutoReconnect:[cbAutoConnect=00007FF7D615A000, dwUser=0000005D1134E6E0].
[2026-03-24T16:03:27.510 info Netsdk:63708 6916:28144 dhnetsdk.cpp:304]Leave CLIENT_SetAutoReconnect.
[2026-03-24T16:03:27.610 info Netsdk:63708 6916:28144 dhnetsdk.cpp:991]Enter CLIENT_LoginWithHighLevelSecurity. pstInParam:0000005D1134CC80, pstOutParam:0000005D1134CD80.
[2026-03-24T16:03:27.610 info Netsdk:63708 6916:28144 dhnetsdk.cpp:1007]IP:192.168.1.23, port:37777, SpeCap:0, CapParam:0000000000000000, TLSCap:0
Begin Time:2026-03-24T16:03:27.690
[2026-03-24T16:03:27.690 info Netsdk:63708 24572:3512 AVNetSDKMgr.cpp:504]Load avnetsdk library dynamically
[2026-03-24T16:03:27.693 info Netsdk:63708 24572:3512 AVNetSDKMgr.cpp:549]avnetsdk module handle: 000001B6275C0000

[2026-03-24T16:03:27.693 info Netsdk:63708 24572:3512 AVNetSDKMgr.cpp:823]Load configsdk dynamically
[2026-03-24T16:03:27.694 info Netsdk:63708 24572:3512 dhnetsdk.cpp:302]Enter CLIENT_SetAutoReconnect:[cbAutoConnect=00007FF66164A109, dwUser=000000B569B1D1B0].
[2026-03-24T16:03:27.694 info Netsdk:63708 24572:3512 dhnetsdk.cpp:304]Leave CLIENT_SetAutoReconnect.
[2026-03-24T16:03:27.705 info Netsdk:63708 24572:3512 dhnetsdk.cpp:991]Enter CLIENT_LoginWithHighLevelSecurity. pstInParam:000000B569B1B670, pstOutParam:000000B569B1B770.
[2026-03-24T16:03:27.705 info Netsdk:63708 24572:3512 dhnetsdk.cpp:1007]IP:192.168.1.23, port:37777, SpeCap:0, CapParam:0000000000000000, TLSCap:0
[2026-03-24T16:03:27.924 info Netsdk:63708 6916:28144 dhnetsdk.cpp:1054]Leave CLIENT_LoginWithHighLevelSecurity. error:0, login ID:1695314944.
[2026-03-24T16:03:27.934 info Netsdk:63708 6916:28144 dhnetsdk.cpp:8181]Enter CLIENT_QueryDevState. [lLoginID=1695314944, nType=4, pBuf=0000005D1134B2C0, nBufLen=3076, pRetLen=0000005D1134CB14, waittime=3000.]
[2026-03-24T16:03:27.948 info Netsdk:63708 24572:3512 dhnetsdk.cpp:1054]Leave CLIENT_LoginWithHighLevelSecurity. error:0, login ID:604485536.
[2026-03-24T16:03:27.966 info Netsdk:63708 24572:3512 dhnetsdk.cpp:8181]Enter CLIENT_QueryDevState. [lLoginID=604485536, nType=82, pBuf=000000B569B1B898, nBufLen=60, pRetLen=000000B569B1B874, waittime=1000.]
[2026-03-24T16:03:28.049 info Netsdk:63708 24572:3512 dhnetsdk.cpp:8205]Leave CLIENT_QueryDevState.ret:1.
[2026-03-24T16:03:28.067 info Netsdk:63708 24572:3512 dhnetsdk.cpp:1288]Enter CLIENT_RealPlayEx. lLoginID:604485536. nChannelID:0. rType:0
[2026-03-24T16:03:28.181 info Netsdk:63708 6916:28144 dhnetsdk.cpp:8205]Leave CLIENT_QueryDevState.ret:1.
[2026-03-24T16:03:28.560 error Netsdk:63708 24572:3512 Generation2ProtocolSecureTransmit.cpp:661]Not find
[2026-03-24T16:03:28.561 info Netsdk:63708 24572:3512 DevConfigEx.cpp:11689]IN SetupSession PORT=0 and PORT: 37777
[2026-03-24T16:03:28.904 info Netsdk:63708 24572:3512 dhnetsdk.cpp:1354]Leave CLIENT_RealPlayEx. ret:604505360
[2026-03-24T16:04:02.531 info Netsdk:63708 6916:28144 dhnetsdk.cpp:1075]Enter CLIENT_Logout. lLoginID:1695314944.
[2026-03-24T16:04:02.531 error Netsdk:63708 6916:28144 TPTCPClient.cpp:723]Device is not online, ip:192.168.1.23
[2026-03-24T16:04:02.531 info Netsdk:63708 6916:28144 dhnetsdk.cpp:1097]Leave CLIENT_Logout. ret:1
[2026-03-24T16:04:02.699 info Netsdk:63708 24572:3512 dhnetsdk.cpp:2090]Enter CLIENT_StopRealPlayEx. lRealHandle:604505360.
[2026-03-24T16:04:02.711 info Netsdk:63708 24572:3512 dhnetsdk.cpp:2104]Leave CLIENT_StopRealPlayEx. ret:1
[2026-03-24T16:04:02.711 info Netsdk:63708 24572:3512 dhnetsdk.cpp:1075]Enter CLIENT_Logout. lLoginID:604485536.
[2026-03-24T16:04:02.711 error Netsdk:63708 24572:3512 TPTCPClient.cpp:723]Device is not online, ip:192.168.1.23
[2026-03-24T16:04:02.711 info Netsdk:63708 24572:3512 dhnetsdk.cpp:1097]Leave CLIENT_Logout. ret:1
Begin Time:2026-03-24T16:04:04.179
[2026-03-24T16:04:04.179 info Netsdk:63708 1552:9112 AVNetSDKMgr.cpp:504]Load avnetsdk library dynamically
[2026-03-24T16:04:04.196 info Netsdk:63708 1552:9112 AVNetSDKMgr.cpp:549]avnetsdk module handle: 000002BE366F0000

[2026-03-24T16:04:04.196 info Netsdk:63708 1552:9112 AVNetSDKMgr.cpp:823]Load configsdk dynamically
[2026-03-24T16:04:04.200 info Netsdk:63708 1552:9112 dhnetsdk.cpp:352]Enter CLIENT_SetNetworkParam:[nWaittime=0, nConnectTime=0, nConnectTryNum=2, nSubConnectSpaceTime=0, nGetDevInfoTime=3000, nConnectBufSize=0, nGetConnInfoTime=0, nSearchRecordTime=0, nsubDisconnetTime=0, byNetType=0, byPlaybackBufSize=0, bDetectDisconnTime=0, bKeepLifeInterval=0, nPicBufSize=0].
[2026-03-24T16:04:04.200 info Netsdk:63708 1552:9112 dhnetsdk.cpp:367]Leave CLIENT_SetNetworkParam.
[2026-03-24T16:04:04.200 info Netsdk:63708 1552:9112 dhnetsdk.cpp:302]Enter CLIENT_SetAutoReconnect:[cbAutoConnect=00007FF7D615A000, dwUser=000000F77659E7F0].
[2026-03-24T16:04:04.200 info Netsdk:63708 1552:9112 dhnetsdk.cpp:304]Leave CLIENT_SetAutoReconnect.
Begin Time:2026-03-24T16:04:04.395
[2026-03-24T16:04:04.396 info Netsdk:63708 8916:1496 AVNetSDKMgr.cpp:504]Load avnetsdk library dynamically
[2026-03-24T16:04:04.397 info Netsdk:63708 8916:1496 AVNetSDKMgr.cpp:549]avnetsdk module handle: 0000025596940000

[2026-03-24T16:04:04.397 info Netsdk:63708 8916:1496 AVNetSDKMgr.cpp:823]Load configsdk dynamically
[2026-03-24T16:04:04.399 info Netsdk:63708 8916:1496 dhnetsdk.cpp:302]Enter CLIENT_SetAutoReconnect:[cbAutoConnect=00007FF66164A109, dwUser=000000EA5D8FD260].
[2026-03-24T16:04:04.399 info Netsdk:63708 8916:1496 dhnetsdk.cpp:304]Leave CLIENT_SetAutoReconnect.
[2026-03-24T16:04:04.416 info Netsdk:63708 1552:9112 dhnetsdk.cpp:991]Enter CLIENT_LoginWithHighLevelSecurity. pstInParam:000000F77659CD90, pstOutParam:000000F77659CE90.
[2026-03-24T16:04:04.416 info Netsdk:63708 1552:9112 dhnetsdk.cpp:1007]IP:192.168.1.23, port:37777, SpeCap:0, CapParam:0000000000000000, TLSCap:0
[2026-03-24T16:04:04.424 info Netsdk:63708 8916:1496 dhnetsdk.cpp:991]Enter CLIENT_LoginWithHighLevelSecurity. pstInParam:000000EA5D8FB720, pstOutParam:000000EA5D8FB820.
[2026-03-24T16:04:04.425 info Netsdk:63708 8916:1496 dhnetsdk.cpp:1007]IP:192.168.1.23, port:37777, SpeCap:0, CapParam:0000000000000000, TLSCap:0
[2026-03-24T16:04:04.603 info Netsdk:63708 1552:9112 dhnetsdk.cpp:1054]Leave CLIENT_LoginWithHighLevelSecurity. error:0, login ID:858005376.
[2026-03-24T16:04:04.612 info Netsdk:63708 1552:9112 dhnetsdk.cpp:8181]Enter CLIENT_QueryDevState. [lLoginID=858005376, nType=4, pBuf=000000F77659B3D0, nBufLen=3076, pRetLen=000000F77659CC24, waittime=3000.]
[2026-03-24T16:04:04.621 info Netsdk:63708 8916:1496 dhnetsdk.cpp:1054]Leave CLIENT_LoginWithHighLevelSecurity. error:0, login ID:-1941792064.
[2026-03-24T16:04:04.622 info Netsdk:63708 1552:9112 dhnetsdk.cpp:8205]Leave CLIENT_QueryDevState.ret:1.
[2026-03-24T16:04:04.627 info Netsdk:63708 8916:1496 dhnetsdk.cpp:8181]Enter CLIENT_QueryDevState. [lLoginID=-1941792064, nType=82, pBuf=000000EA5D8FB948, nBufLen=60, pRetLen=000000EA5D8FB924, waittime=1000.]
[2026-03-24T16:04:04.717 info Netsdk:63708 8916:1496 dhnetsdk.cpp:8205]Leave CLIENT_QueryDevState.ret:1.
[2026-03-24T16:04:04.726 info Netsdk:63708 8916:1496 dhnetsdk.cpp:1288]Enter CLIENT_RealPlayEx. lLoginID:-1941792064. nChannelID:0. rType:0
[2026-03-24T16:04:04.975 error Netsdk:63708 8916:1496 Generation2ProtocolSecureTransmit.cpp:661]Not find
[2026-03-24T16:04:04.975 info Netsdk:63708 8916:1496 DevConfigEx.cpp:11689]IN SetupSession PORT=0 and PORT: 37777
[2026-03-24T16:04:05.046 info Netsdk:63708 8916:1496 dhnetsdk.cpp:1354]Leave CLIENT_RealPlayEx. ret:-1761864176
Begin Time:2026-03-24T16:10:37.114
[2026-03-24T16:10:37.114 info Netsdk:63708 25912:2724 AVNetSDKMgr.cpp:504]Load avnetsdk library dynamically
[2026-03-24T16:10:37.133 info Netsdk:63708 25912:2724 AVNetSDKMgr.cpp:549]avnetsdk module handle: 0000020B451B0000

[2026-03-24T16:10:37.133 info Netsdk:63708 25912:2724 AVNetSDKMgr.cpp:823]Load configsdk dynamically
[2026-03-24T16:10:37.137 info Netsdk:63708 25912:2724 dhnetsdk.cpp:352]Enter CLIENT_SetNetworkParam:[nWaittime=0, nConnectTime=0, nConnectTryNum=2, nSubConnectSpaceTime=0, nGetDevInfoTime=3000, nConnectBufSize=0, nGetConnInfoTime=0, nSearchRecordTime=0, nsubDisconnetTime=0, byNetType=0, byPlaybackBufSize=0, bDetectDisconnTime=0, bKeepLifeInterval=0, nPicBufSize=0].
[2026-03-24T16:10:37.137 info Netsdk:63708 25912:2724 dhnetsdk.cpp:367]Leave CLIENT_SetNetworkParam.
[2026-03-24T16:10:37.137 info Netsdk:63708 25912:2724 dhnetsdk.cpp:302]Enter CLIENT_SetAutoReconnect:[cbAutoConnect=00007FF7D615A000, dwUser=000000DAD50FE970].
[2026-03-24T16:10:37.137 info Netsdk:63708 25912:2724 dhnetsdk.cpp:304]Leave CLIENT_SetAutoReconnect.
[2026-03-24T16:10:37.658 info Netsdk:63708 25912:2724 dhnetsdk.cpp:991]Enter CLIENT_LoginWithHighLevelSecurity. pstInParam:000000DAD50FCF10, pstOutParam:000000DAD50FD010.
[2026-03-24T16:10:37.658 info Netsdk:63708 25912:2724 dhnetsdk.cpp:1007]IP:192.168.1.23, port:37777, SpeCap:0, CapParam:0000000000000000, TLSCap:0
Begin Time:2026-03-24T16:10:37.746
[2026-03-24T16:10:37.747 info Netsdk:63708 38688:42268 AVNetSDKMgr.cpp:504]Load avnetsdk library dynamically
[2026-03-24T16:10:37.749 info Netsdk:63708 38688:42268 AVNetSDKMgr.cpp:549]avnetsdk module handle: 0000014F6E5C0000

[2026-03-24T16:10:37.749 info Netsdk:63708 38688:42268 AVNetSDKMgr.cpp:823]Load configsdk dynamically
[2026-03-24T16:10:37.751 info Netsdk:63708 38688:42268 dhnetsdk.cpp:302]Enter CLIENT_SetAutoReconnect:[cbAutoConnect=00007FF66164A109, dwUser=0000001D400FD280].
[2026-03-24T16:10:37.751 info Netsdk:63708 38688:42268 dhnetsdk.cpp:304]Leave CLIENT_SetAutoReconnect.
[2026-03-24T16:10:37.788 info Netsdk:63708 38688:42268 dhnetsdk.cpp:991]Enter CLIENT_LoginWithHighLevelSecurity. pstInParam:0000001D400FB740, pstOutParam:0000001D400FB840.
[2026-03-24T16:10:37.788 info Netsdk:63708 38688:42268 dhnetsdk.cpp:1007]IP:192.168.1.23, port:37777, SpeCap:0, CapParam:0000000000000000, TLSCap:0
[2026-03-24T16:10:37.850 info Netsdk:63708 25912:2724 dhnetsdk.cpp:1054]Leave CLIENT_LoginWithHighLevelSecurity. error:0, login ID:1155706736.
[2026-03-24T16:10:37.859 info Netsdk:63708 25912:2724 dhnetsdk.cpp:8181]Enter CLIENT_QueryDevState. [lLoginID=1155706736, nType=4, pBuf=000000DAD50FB550, nBufLen=3076, pRetLen=000000DAD50FCDA4, waittime=3000.]
[2026-03-24T16:10:38.029 info Netsdk:63708 25912:2724 dhnetsdk.cpp:8205]Leave CLIENT_QueryDevState.ret:1.
[2026-03-24T16:10:38.107 info Netsdk:63708 38688:42268 dhnetsdk.cpp:1054]Leave CLIENT_LoginWithHighLevelSecurity. error:0, login ID:1605483088.
[2026-03-24T16:10:38.114 info Netsdk:63708 38688:42268 dhnetsdk.cpp:8181]Enter CLIENT_QueryDevState. [lLoginID=1605483088, nType=82, pBuf=0000001D400FB968, nBufLen=60, pRetLen=0000001D400FB944, waittime=1000.]
[2026-03-24T16:10:38.204 info Netsdk:63708 38688:42268 dhnetsdk.cpp:8205]Leave CLIENT_QueryDevState.ret:1.
[2026-03-24T16:10:38.219 info Netsdk:63708 38688:42268 dhnetsdk.cpp:1288]Enter CLIENT_RealPlayEx. lLoginID:1605483088. nChannelID:0. rType:0
[2026-03-24T16:10:39.063 error Netsdk:63708 38688:42268 Generation2ProtocolSecureTransmit.cpp:661]Not find
[2026-03-24T16:10:39.063 info Netsdk:63708 38688:42268 DevConfigEx.cpp:11689]IN SetupSession PORT=0 and PORT: 37777
[2026-03-24T16:10:39.161 info Netsdk:63708 38688:42268 dhnetsdk.cpp:1354]Leave CLIENT_RealPlayEx. ret:1605558496
[2026-03-24T16:21:59.130 info Netsdk:63708 25912:2724 dhnetsdk.cpp:1075]Enter CLIENT_Logout. lLoginID:1155706736.
[2026-03-24T16:21:59.130 error Netsdk:63708 25912:2724 TPTCPClient.cpp:723]Device is not online, ip:192.168.1.23
[2026-03-24T16:21:59.130 info Netsdk:63708 25912:2724 dhnetsdk.cpp:1097]Leave CLIENT_Logout. ret:1
[2026-03-24T16:21:59.722 info Netsdk:63708 38688:42268 dhnetsdk.cpp:2090]Enter CLIENT_StopRealPlayEx. lRealHandle:1605558496.
[2026-03-24T16:21:59.737 info Netsdk:63708 38688:42268 dhnetsdk.cpp:2104]Leave CLIENT_StopRealPlayEx. ret:1
[2026-03-24T16:21:59.737 info Netsdk:63708 38688:42268 dhnetsdk.cpp:1075]Enter CLIENT_Logout. lLoginID:1605483088.
[2026-03-24T16:21:59.737 error Netsdk:63708 38688:42268 TPTCPClient.cpp:723]Device is not online, ip:192.168.1.23
[2026-03-24T16:21:59.737 info Netsdk:63708 38688:42268 dhnetsdk.cpp:1097]Leave CLIENT_Logout. ret:1
Begin Time:2026-03-24T16:23:01.555
[2026-03-24T16:23:01.555 info Netsdk:63708 13704:2316 AVNetSDKMgr.cpp:504]Load avnetsdk library dynamically
[2026-03-24T16:23:01.575 info Netsdk:63708 13704:2316 AVNetSDKMgr.cpp:549]avnetsdk module handle: 000001E56E0E0000

[2026-03-24T16:23:01.575 info Netsdk:63708 13704:2316 AVNetSDKMgr.cpp:823]Load configsdk dynamically
[2026-03-24T16:23:01.579 info Netsdk:63708 13704:2316 dhnetsdk.cpp:352]Enter CLIENT_SetNetworkParam:[nWaittime=0, nConnectTime=0, nConnectTryNum=2, nSubConnectSpaceTime=0, nGetDevInfoTime=3000, nConnectBufSize=0, nGetConnInfoTime=0, nSearchRecordTime=0, nsubDisconnetTime=0, byNetType=0, byPlaybackBufSize=0, bDetectDisconnTime=0, bKeepLifeInterval=0, nPicBufSize=0].
[2026-03-24T16:23:01.579 info Netsdk:63708 13704:2316 dhnetsdk.cpp:367]Leave CLIENT_SetNetworkParam.
[2026-03-24T16:23:01.579 info Netsdk:63708 13704:2316 dhnetsdk.cpp:302]Enter CLIENT_SetAutoReconnect:[cbAutoConnect=00007FF7D615A000, dwUser=000000ACFE7EE8A0].
[2026-03-24T16:23:01.579 info Netsdk:63708 13704:2316 dhnetsdk.cpp:304]Leave CLIENT_SetAutoReconnect.
[2026-03-24T16:23:01.916 info Netsdk:63708 13704:2316 dhnetsdk.cpp:991]Enter CLIENT_LoginWithHighLevelSecurity. pstInParam:000000ACFE7ECE40, pstOutParam:000000ACFE7ECF40.
[2026-03-24T16:23:01.916 info Netsdk:63708 13704:2316 dhnetsdk.cpp:1007]IP:192.168.1.23, port:37777, SpeCap:0, CapParam:0000000000000000, TLSCap:0
Begin Time:2026-03-24T16:23:01.951
[2026-03-24T16:23:01.951 info Netsdk:63708 7032:38508 AVNetSDKMgr.cpp:504]Load avnetsdk library dynamically
[2026-03-24T16:23:01.954 info Netsdk:63708 7032:38508 AVNetSDKMgr.cpp:549]avnetsdk module handle: 00000219E8BF0000

[2026-03-24T16:23:01.954 info Netsdk:63708 7032:38508 AVNetSDKMgr.cpp:823]Load configsdk dynamically
[2026-03-24T16:23:01.955 info Netsdk:63708 7032:38508 dhnetsdk.cpp:302]Enter CLIENT_SetAutoReconnect:[cbAutoConnect=00007FF66164A109, dwUser=0000006874AFD0E0].
[2026-03-24T16:23:01.955 info Netsdk:63708 7032:38508 dhnetsdk.cpp:304]Leave CLIENT_SetAutoReconnect.
[2026-03-24T16:23:01.993 info Netsdk:63708 7032:38508 dhnetsdk.cpp:991]Enter CLIENT_LoginWithHighLevelSecurity. pstInParam:0000006874AFB5A0, pstOutParam:0000006874AFB6A0.
[2026-03-24T16:23:01.993 info Netsdk:63708 7032:38508 dhnetsdk.cpp:1007]IP:192.168.1.23, port:37777, SpeCap:0, CapParam:0000000000000000, TLSCap:0
[2026-03-24T16:23:02.164 info Netsdk:63708 13704:2316 dhnetsdk.cpp:1054]Leave CLIENT_LoginWithHighLevelSecurity. error:0, login ID:1789440384.
[2026-03-24T16:23:02.174 info Netsdk:63708 13704:2316 dhnetsdk.cpp:8181]Enter CLIENT_QueryDevState. [lLoginID=1789440384, nType=4, pBuf=000000ACFE7EB480, nBufLen=3076, pRetLen=000000ACFE7ECCD4, waittime=3000.]
[2026-03-24T16:23:02.184 info Netsdk:63708 13704:2316 dhnetsdk.cpp:8205]Leave CLIENT_QueryDevState.ret:1.
[2026-03-24T16:23:02.207 info Netsdk:63708 7032:38508 dhnetsdk.cpp:1054]Leave CLIENT_LoginWithHighLevelSecurity. error:0, login ID:-597508496.
[2026-03-24T16:23:02.214 info Netsdk:63708 7032:38508 dhnetsdk.cpp:8181]Enter CLIENT_QueryDevState. [lLoginID=-597508496, nType=82, pBuf=0000006874AFB7C8, nBufLen=60, pRetLen=0000006874AFB7A4, waittime=1000.]
[2026-03-24T16:23:02.290 info Netsdk:63708 7032:38508 dhnetsdk.cpp:8205]Leave CLIENT_QueryDevState.ret:1.
[2026-03-24T16:23:02.307 info Netsdk:63708 7032:38508 dhnetsdk.cpp:1288]Enter CLIENT_RealPlayEx. lLoginID:-597508496. nChannelID:0. rType:0
[2026-03-24T16:23:03.132 error Netsdk:63708 7032:38508 Generation2ProtocolSecureTransmit.cpp:661]Not find
[2026-03-24T16:23:03.132 info Netsdk:63708 7032:38508 DevConfigEx.cpp:11689]IN SetupSession PORT=0 and PORT: 37777
[2026-03-24T16:23:03.220 info Netsdk:63708 7032:38508 dhnetsdk.cpp:1354]Leave CLIENT_RealPlayEx. ret:-597491600
[2026-03-24T16:23:59.597 info Netsdk:63708 13704:2316 dhnetsdk.cpp:1075]Enter CLIENT_Logout. lLoginID:1789440384.
[2026-03-24T16:23:59.598 error Netsdk:63708 13704:2316 TPTCPClient.cpp:723]Device is not online, ip:192.168.1.23
[2026-03-24T16:23:59.598 info Netsdk:63708 13704:2316 dhnetsdk.cpp:1097]Leave CLIENT_Logout. ret:1
[2026-03-24T16:23:59.956 info Netsdk:63708 7032:38508 dhnetsdk.cpp:2090]Enter CLIENT_StopRealPlayEx. lRealHandle:-597491600.
[2026-03-24T16:23:59.974 info Netsdk:63708 7032:38508 dhnetsdk.cpp:2104]Leave CLIENT_StopRealPlayEx. ret:1
[2026-03-24T16:23:59.974 info Netsdk:63708 7032:38508 dhnetsdk.cpp:1075]Enter CLIENT_Logout. lLoginID:-597508496.
[2026-03-24T16:23:59.974 error Netsdk:63708 7032:38508 TPTCPClient.cpp:723]Device is not online, ip:192.168.1.23
[2026-03-24T16:23:59.975 info Netsdk:63708 7032:38508 dhnetsdk.cpp:1097]Leave CLIENT_Logout. ret:1
Begin Time:2026-03-24T16:24:21.416
[2026-03-24T16:24:21.416 info Netsdk:63708 16048:1496 AVNetSDKMgr.cpp:504]Load avnetsdk library dynamically
[2026-03-24T16:24:21.432 info Netsdk:63708 16048:1496 AVNetSDKMgr.cpp:549]avnetsdk module handle: 000001CB94A70000

[2026-03-24T16:24:21.432 info Netsdk:63708 16048:1496 AVNetSDKMgr.cpp:823]Load configsdk dynamically
[2026-03-24T16:24:21.435 info Netsdk:63708 16048:1496 dhnetsdk.cpp:352]Enter CLIENT_SetNetworkParam:[nWaittime=0, nConnectTime=0, nConnectTryNum=2, nSubConnectSpaceTime=0, nGetDevInfoTime=3000, nConnectBufSize=0, nGetConnInfoTime=0, nSearchRecordTime=0, nsubDisconnetTime=0, byNetType=0, byPlaybackBufSize=0, bDetectDisconnTime=0, bKeepLifeInterval=0, nPicBufSize=0].
[2026-03-24T16:24:21.435 info Netsdk:63708 16048:1496 dhnetsdk.cpp:367]Leave CLIENT_SetNetworkParam.
[2026-03-24T16:24:21.435 info Netsdk:63708 16048:1496 dhnetsdk.cpp:302]Enter CLIENT_SetAutoReconnect:[cbAutoConnect=00007FF7D615A000, dwUser=0000001E4FEFE5F0].
[2026-03-24T16:24:21.435 info Netsdk:63708 16048:1496 dhnetsdk.cpp:304]Leave CLIENT_SetAutoReconnect.
Begin Time:2026-03-24T16:24:21.676
[2026-03-24T16:24:21.676 info Netsdk:63708 29276:33676 AVNetSDKMgr.cpp:504]Load avnetsdk library dynamically
[2026-03-24T16:24:21.676 info Netsdk:63708 16048:1496 dhnetsdk.cpp:991]Enter CLIENT_LoginWithHighLevelSecurity. pstInParam:0000001E4FEFCB90, pstOutParam:0000001E4FEFCC90.
[2026-03-24T16:24:21.676 info Netsdk:63708 16048:1496 dhnetsdk.cpp:1007]IP:192.168.1.23, port:37777, SpeCap:0, CapParam:0000000000000000, TLSCap:0
[2026-03-24T16:24:21.680 info Netsdk:63708 29276:33676 AVNetSDKMgr.cpp:549]avnetsdk module handle: 00000183C2F40000

[2026-03-24T16:24:21.680 info Netsdk:63708 29276:33676 AVNetSDKMgr.cpp:823]Load configsdk dynamically
[2026-03-24T16:24:21.681 info Netsdk:63708 29276:33676 dhnetsdk.cpp:302]Enter CLIENT_SetAutoReconnect:[cbAutoConnect=00007FF66164A109, dwUser=00000042A437CB70].
[2026-03-24T16:24:21.681 info Netsdk:63708 29276:33676 dhnetsdk.cpp:304]Leave CLIENT_SetAutoReconnect.
[2026-03-24T16:24:21.701 info Netsdk:63708 29276:33676 dhnetsdk.cpp:991]Enter CLIENT_LoginWithHighLevelSecurity. pstInParam:00000042A437B030, pstOutParam:00000042A437B130.
[2026-03-24T16:24:21.701 info Netsdk:63708 29276:33676 dhnetsdk.cpp:1007]IP:192.168.1.23, port:37777, SpeCap:0, CapParam:0000000000000000, TLSCap:0
[2026-03-24T16:24:21.874 info Netsdk:63708 16048:1496 dhnetsdk.cpp:1054]Leave CLIENT_LoginWithHighLevelSecurity. error:0, login ID:-1858422256.
[2026-03-24T16:24:21.887 info Netsdk:63708 16048:1496 dhnetsdk.cpp:8181]Enter CLIENT_QueryDevState. [lLoginID=-1858422256, nType=4, pBuf=0000001E4FEFB1D0, nBufLen=3076, pRetLen=0000001E4FEFCA24, waittime=3000.]
[2026-03-24T16:24:21.915 info Netsdk:63708 29276:33676 dhnetsdk.cpp:1054]Leave CLIENT_LoginWithHighLevelSecurity. error:0, login ID:-1232750000.
[2026-03-24T16:24:21.919 info Netsdk:63708 29276:33676 dhnetsdk.cpp:8181]Enter CLIENT_QueryDevState. [lLoginID=-1232750000, nType=82, pBuf=00000042A437B258, nBufLen=60, pRetLen=00000042A437B234, waittime=1000.]
[2026-03-24T16:24:22.042 info Netsdk:63708 29276:33676 dhnetsdk.cpp:8205]Leave CLIENT_QueryDevState.ret:1.
[2026-03-24T16:24:22.056 info Netsdk:63708 29276:33676 dhnetsdk.cpp:1288]Enter CLIENT_RealPlayEx. lLoginID:-1232750000. nChannelID:0. rType:0
[2026-03-24T16:24:22.138 info Netsdk:63708 16048:1496 dhnetsdk.cpp:8205]Leave CLIENT_QueryDevState.ret:1.
[2026-03-24T16:24:22.321 error Netsdk:63708 29276:33676 Generation2ProtocolSecureTransmit.cpp:661]Not find
[2026-03-24T16:24:22.321 info Netsdk:63708 29276:33676 DevConfigEx.cpp:11689]IN SetupSession PORT=0 and PORT: 37777
[2026-03-24T16:24:22.407 info Netsdk:63708 29276:33676 dhnetsdk.cpp:1354]Leave CLIENT_RealPlayEx. ret:-1232694864
[2026-03-24T16:30:50.411 info Netsdk:63708 16048:1496 dhnetsdk.cpp:1075]Enter CLIENT_Logout. lLoginID:-1858422256.
[2026-03-24T16:30:50.411 error Netsdk:63708 16048:1496 TPTCPClient.cpp:723]Device is not online, ip:192.168.1.23
[2026-03-24T16:30:50.411 info Netsdk:63708 16048:1496 dhnetsdk.cpp:1097]Leave CLIENT_Logout. ret:1
[2026-03-24T16:30:50.657 info Netsdk:63708 29276:33676 dhnetsdk.cpp:2090]Enter CLIENT_StopRealPlayEx. lRealHandle:-1232694864.
[2026-03-24T16:30:50.668 info Netsdk:63708 29276:33676 dhnetsdk.cpp:2104]Leave CLIENT_StopRealPlayEx. ret:1
[2026-03-24T16:30:50.668 info Netsdk:63708 29276:33676 dhnetsdk.cpp:1075]Enter CLIENT_Logout. lLoginID:-1232750000.
[2026-03-24T16:30:50.669 error Netsdk:63708 29276:33676 TPTCPClient.cpp:723]Device is not online, ip:192.168.1.23
[2026-03-24T16:30:50.669 info Netsdk:63708 29276:33676 dhnetsdk.cpp:1097]Leave CLIENT_Logout. ret:1
Begin Time:2026-03-24T17:05:04.739
[2026-03-24T17:05:04.740 info Netsdk:63708 30264:43924 AVNetSDKMgr.cpp:504]Load avnetsdk library dynamically
[2026-03-24T17:05:04.760 info Netsdk:63708 30264:43924 AVNetSDKMgr.cpp:549]avnetsdk module handle: 000001B128960000

[2026-03-24T17:05:04.760 info Netsdk:63708 30264:43924 AVNetSDKMgr.cpp:823]Load configsdk dynamically
[2026-03-24T17:05:04.764 info Netsdk:63708 30264:43924 dhnetsdk.cpp:352]Enter CLIENT_SetNetworkParam:[nWaittime=0, nConnectTime=0, nConnectTryNum=2, nSubConnectSpaceTime=0, nGetDevInfoTime=3000, nConnectBufSize=0, nGetConnInfoTime=0, nSearchRecordTime=0, nsubDisconnetTime=0, byNetType=0, byPlaybackBufSize=0, bDetectDisconnTime=0, bKeepLifeInterval=0, nPicBufSize=0].
[2026-03-24T17:05:04.764 info Netsdk:63708 30264:43924 dhnetsdk.cpp:367]Leave CLIENT_SetNetworkParam.
[2026-03-24T17:05:04.764 info Netsdk:63708 30264:43924 dhnetsdk.cpp:302]Enter CLIENT_SetAutoReconnect:[cbAutoConnect=00007FF7D615A000, dwUser=00000020AC0FE480].
[2026-03-24T17:05:04.764 info Netsdk:63708 30264:43924 dhnetsdk.cpp:304]Leave CLIENT_SetAutoReconnect.
Begin Time:2026-03-24T17:05:04.867
[2026-03-24T17:05:04.867 info Netsdk:63708 24128:38604 AVNetSDKMgr.cpp:504]Load avnetsdk library dynamically
[2026-03-24T17:05:04.869 info Netsdk:63708 24128:38604 AVNetSDKMgr.cpp:549]avnetsdk module handle: 0000026264600000

[2026-03-24T17:05:04.869 info Netsdk:63708 24128:38604 AVNetSDKMgr.cpp:823]Load configsdk dynamically
[2026-03-24T17:05:04.871 info Netsdk:63708 24128:38604 dhnetsdk.cpp:302]Enter CLIENT_SetAutoReconnect:[cbAutoConnect=00007FF66164A109, dwUser=000000F4EE36CDF0].
[2026-03-24T17:05:04.871 info Netsdk:63708 24128:38604 dhnetsdk.cpp:304]Leave CLIENT_SetAutoReconnect.
[2026-03-24T17:05:04.911 info Netsdk:63708 24128:38604 dhnetsdk.cpp:991]Enter CLIENT_LoginWithHighLevelSecurity. pstInParam:000000F4EE36B2B0, pstOutParam:000000F4EE36B3B0.
[2026-03-24T17:05:04.911 info Netsdk:63708 24128:38604 dhnetsdk.cpp:1007]IP:192.168.1.23, port:37777, SpeCap:0, CapParam:0000000000000000, TLSCap:0
[2026-03-24T17:05:05.065 info Netsdk:63708 30264:43924 dhnetsdk.cpp:991]Enter CLIENT_LoginWithHighLevelSecurity. pstInParam:00000020AC0FCA20, pstOutParam:00000020AC0FCB20.
[2026-03-24T17:05:05.065 info Netsdk:63708 30264:43924 dhnetsdk.cpp:1007]IP:192.168.1.23, port:37777, SpeCap:0, CapParam:0000000000000000, TLSCap:0
[2026-03-24T17:05:05.152 info Netsdk:63708 24128:38604 dhnetsdk.cpp:1054]Leave CLIENT_LoginWithHighLevelSecurity. error:0, login ID:1629989968.
[2026-03-24T17:05:05.161 info Netsdk:63708 24128:38604 dhnetsdk.cpp:8181]Enter CLIENT_QueryDevState. [lLoginID=1629989968, nType=82, pBuf=000000F4EE36B4D8, nBufLen=60, pRetLen=000000F4EE36B4B4, waittime=1000.]
[2026-03-24T17:05:05.329 info Netsdk:63708 24128:38604 dhnetsdk.cpp:8205]Leave CLIENT_QueryDevState.ret:1.
[2026-03-24T17:05:05.345 info Netsdk:63708 24128:38604 dhnetsdk.cpp:1288]Enter CLIENT_RealPlayEx. lLoginID:1629989968. nChannelID:0. rType:0
[2026-03-24T17:05:05.549 info Netsdk:63708 30264:43924 dhnetsdk.cpp:1054]Leave CLIENT_LoginWithHighLevelSecurity. error:0, login ID:623291472.
[2026-03-24T17:05:05.560 info Netsdk:63708 30264:43924 dhnetsdk.cpp:8181]Enter CLIENT_QueryDevState. [lLoginID=623291472, nType=4, pBuf=00000020AC0FB060, nBufLen=3076, pRetLen=00000020AC0FC8B4, waittime=3000.]
[2026-03-24T17:05:05.586 info Netsdk:63708 30264:43924 dhnetsdk.cpp:8205]Leave CLIENT_QueryDevState.ret:1.
[2026-03-24T17:05:05.626 error Netsdk:63708 24128:38604 Generation2ProtocolSecureTransmit.cpp:661]Not find
[2026-03-24T17:05:05.626 info Netsdk:63708 24128:38604 DevConfigEx.cpp:11689]IN SetupSession PORT=0 and PORT: 37777
[2026-03-24T17:05:05.715 info Netsdk:63708 24128:38604 dhnetsdk.cpp:1354]Leave CLIENT_RealPlayEx. ret:1690076096
[2026-03-24T17:06:06.418 error Netsdk:63708 30264:13496 TPIOCPMultiplexer.cpp:119]receive data result, GetQueuedCompletionStatus error:1236
[2026-03-24T17:06:06.418 error Netsdk:63708 30264:13496 TPObject.cpp:111]Receive error, ret:-1, err:10054
[2026-03-24T17:06:06.418 error Netsdk:63708 30264:13496 TPTCPClient.cpp:256]Receive to iocp error
[2026-03-24T17:06:06.418 error Netsdk:63708 30264:13496 TPTCPClient.cpp:298]Disconnect, ip:192.168.1.23, port is 37777
[2026-03-24T17:06:06.419 error Netsdk:63708 24128:352 TPIOCPMultiplexer.cpp:119]receive data result, GetQueuedCompletionStatus error:1236
[2026-03-24T17:06:06.419 info Netsdk:63708 30264:10120 Manager.cpp:1464]000001B12526AC50 Disconnect call back,192.168.1.23:37777
[2026-03-24T17:06:06.419 error Netsdk:63708 24128:352 TPObject.cpp:111]Receive error, ret:-1, err:10054
[2026-03-24T17:06:06.419 error Netsdk:63708 24128:352 TPTCPClient.cpp:256]Receive to iocp error
[2026-03-24T17:06:06.419 error Netsdk:63708 24128:352 TPTCPClient.cpp:298]Disconnect, ip:192.168.1.23, port is 37777
[2026-03-24T17:06:06.419 info Netsdk:63708 24128:25520 Manager.cpp:1464]000002626127AC50 Disconnect call back,192.168.1.23:37777
[2026-03-24T17:06:06.436 error Netsdk:63708 24128:26028 TPObject.cpp:111]Receive error, ret:-1, err:10054
[2026-03-24T17:06:06.436 error Netsdk:63708 24128:26028 TPTCPClient.cpp:256]Receive to iocp error
[2026-03-24T17:06:06.436 error Netsdk:63708 24128:26028 TPTCPClient.cpp:298]Disconnect, ip:192.168.1.23, port is 37777
[2026-03-24T17:06:07.321 info Netsdk:63708 30264:43924 dhnetsdk.cpp:1075]Enter CLIENT_Logout. lLoginID:623291472.
[2026-03-24T17:06:07.322 info Netsdk:63708 30264:43924 dhnetsdk.cpp:1097]Leave CLIENT_Logout. ret:1
[2026-03-24T17:06:07.347 info Netsdk:63708 24128:38604 dhnetsdk.cpp:2090]Enter CLIENT_StopRealPlayEx. lRealHandle:1690076096.
[2026-03-24T17:06:07.347 error Netsdk:63708 24128:38604 dvrdevice.cpp:4676]Failed to send message
[2026-03-24T17:06:07.357 info Netsdk:63708 24128:38604 dhnetsdk.cpp:2104]Leave CLIENT_StopRealPlayEx. ret:1
[2026-03-24T17:06:07.357 info Netsdk:63708 24128:38604 dhnetsdk.cpp:1075]Enter CLIENT_Logout. lLoginID:1629989968.
[2026-03-24T17:06:07.358 info Netsdk:63708 24128:38604 dhnetsdk.cpp:1097]Leave CLIENT_Logout. ret:1
Begin Time:2026-03-25T09:58:24.607
[2026-03-25T09:58:24.607 info Netsdk:63708 13464:43604 AVNetSDKMgr.cpp:504]Load avnetsdk library dynamically
[2026-03-25T09:58:24.625 info Netsdk:63708 13464:43604 AVNetSDKMgr.cpp:549]avnetsdk module handle: 0000028175310000

[2026-03-25T09:58:24.625 info Netsdk:63708 13464:43604 AVNetSDKMgr.cpp:823]Load configsdk dynamically
[2026-03-25T09:58:24.628 info Netsdk:63708 13464:43604 dhnetsdk.cpp:352]Enter CLIENT_SetNetworkParam:[nWaittime=0, nConnectTime=0, nConnectTryNum=2, nSubConnectSpaceTime=0, nGetDevInfoTime=3000, nConnectBufSize=0, nGetConnInfoTime=0, nSearchRecordTime=0, nsubDisconnetTime=0, byNetType=0, byPlaybackBufSize=0, bDetectDisconnTime=0, bKeepLifeInterval=0, nPicBufSize=0].
[2026-03-25T09:58:24.628 info Netsdk:63708 13464:43604 dhnetsdk.cpp:367]Leave CLIENT_SetNetworkParam.
[2026-03-25T09:58:24.628 info Netsdk:63708 13464:43604 dhnetsdk.cpp:302]Enter CLIENT_SetAutoReconnect:[cbAutoConnect=00007FF6EAD2A000, dwUser=000000A6F713E3A0].
[2026-03-25T09:58:24.628 info Netsdk:63708 13464:43604 dhnetsdk.cpp:304]Leave CLIENT_SetAutoReconnect.
[2026-03-25T09:58:24.670 info Netsdk:63708 13464:43604 dhnetsdk.cpp:991]Enter CLIENT_LoginWithHighLevelSecurity. pstInParam:000000A6F713C940, pstOutParam:000000A6F713CA40.
[2026-03-25T09:58:24.670 info Netsdk:63708 13464:43604 dhnetsdk.cpp:1007]IP:192.168.1.23, port:37777, SpeCap:0, CapParam:0000000000000000, TLSCap:0
[2026-03-25T09:58:24.893 info Netsdk:63708 13464:43604 dhnetsdk.cpp:1054]Leave CLIENT_LoginWithHighLevelSecurity. error:0, login ID:1954116576.
[2026-03-25T09:58:24.897 info Netsdk:63708 13464:43604 dhnetsdk.cpp:8181]Enter CLIENT_QueryDevState. [lLoginID=1954116576, nType=4, pBuf=000000A6F713AF80, nBufLen=3076, pRetLen=000000A6F713C7D4, waittime=3000.]
[2026-03-25T09:58:24.909 info Netsdk:63708 13464:43604 dhnetsdk.cpp:8205]Leave CLIENT_QueryDevState.ret:1.
Begin Time:2026-03-25T09:58:24.956
[2026-03-25T09:58:24.956 info Netsdk:63708 30904:47792 AVNetSDKMgr.cpp:504]Load avnetsdk library dynamically
[2026-03-25T09:58:24.960 info Netsdk:63708 30904:47792 AVNetSDKMgr.cpp:549]avnetsdk module handle: 0000027EED3E0000

[2026-03-25T09:58:24.960 info Netsdk:63708 30904:47792 AVNetSDKMgr.cpp:823]Load configsdk dynamically
[2026-03-25T09:58:24.961 info Netsdk:63708 30904:47792 dhnetsdk.cpp:302]Enter CLIENT_SetAutoReconnect:[cbAutoConnect=00007FF6FE91A109, dwUser=000000E1A63ECCA0].
[2026-03-25T09:58:24.961 info Netsdk:63708 30904:47792 dhnetsdk.cpp:304]Leave CLIENT_SetAutoReconnect.
[2026-03-25T09:58:24.972 info Netsdk:63708 30904:47792 dhnetsdk.cpp:991]Enter CLIENT_LoginWithHighLevelSecurity. pstInParam:000000E1A63EB160, pstOutParam:000000E1A63EB260.
[2026-03-25T09:58:24.972 info Netsdk:63708 30904:47792 dhnetsdk.cpp:1007]IP:192.168.1.23, port:37777, SpeCap:0, CapParam:0000000000000000, TLSCap:0
[2026-03-25T09:58:25.208 info Netsdk:63708 30904:47792 dhnetsdk.cpp:1054]Leave CLIENT_LoginWithHighLevelSecurity. error:0, login ID:-564806032.
[2026-03-25T09:58:25.210 info Netsdk:63708 30904:47792 dhnetsdk.cpp:8181]Enter CLIENT_QueryDevState. [lLoginID=-564806032, nType=82, pBuf=000000E1A63EB388, nBufLen=60, pRetLen=000000E1A63EB364, waittime=1000.]
[2026-03-25T09:58:25.328 info Netsdk:63708 30904:47792 dhnetsdk.cpp:8205]Leave CLIENT_QueryDevState.ret:1.
[2026-03-25T09:58:25.334 info Netsdk:63708 30904:47792 dhnetsdk.cpp:1288]Enter CLIENT_RealPlayEx. lLoginID:-564806032. nChannelID:0. rType:0
[2026-03-25T09:58:25.755 error Netsdk:63708 30904:47792 Generation2ProtocolSecureTransmit.cpp:661]Not find
[2026-03-25T09:58:25.755 info Netsdk:63708 30904:47792 DevConfigEx.cpp:11689]IN SetupSession PORT=0 and PORT: 37777
[2026-03-25T09:58:25.853 info Netsdk:63708 30904:47792 dhnetsdk.cpp:1354]Leave CLIENT_RealPlayEx. ret:-564759248
[2026-03-25T10:02:53.955 info Netsdk:63708 30904:47792 dhnetsdk.cpp:2090]Enter CLIENT_StopRealPlayEx. lRealHandle:-564759248.
[2026-03-25T10:02:53.970 info Netsdk:63708 30904:47792 dhnetsdk.cpp:2104]Leave CLIENT_StopRealPlayEx. ret:1
[2026-03-25T10:02:53.970 info Netsdk:63708 30904:47792 dhnetsdk.cpp:1075]Enter CLIENT_Logout. lLoginID:-564806032.
[2026-03-25T10:02:53.973 error Netsdk:63708 30904:47792 TPTCPClient.cpp:723]Device is not online, ip:192.168.1.23
[2026-03-25T10:02:53.973 info Netsdk:63708 30904:47792 dhnetsdk.cpp:1097]Leave CLIENT_Logout. ret:1
[2026-03-25T10:02:54.625 info Netsdk:63708 13464:43604 dhnetsdk.cpp:1075]Enter CLIENT_Logout. lLoginID:1954116576.
[2026-03-25T10:02:54.625 error Netsdk:63708 13464:43604 TPTCPClient.cpp:723]Device is not online, ip:192.168.1.23
[2026-03-25T10:02:54.625 info Netsdk:63708 13464:43604 dhnetsdk.cpp:1097]Leave CLIENT_Logout. ret:1
Begin Time:2026-03-25T10:05:17.957
[2026-03-25T10:05:17.957 info Netsdk:63708 14080:13416 AVNetSDKMgr.cpp:504]Load avnetsdk library dynamically
[2026-03-25T10:05:17.981 info Netsdk:63708 14080:13416 AVNetSDKMgr.cpp:549]avnetsdk module handle: 0000015107BD0000

[2026-03-25T10:05:17.981 info Netsdk:63708 14080:13416 AVNetSDKMgr.cpp:823]Load configsdk dynamically
[2026-03-25T10:05:17.985 info Netsdk:63708 14080:13416 dhnetsdk.cpp:352]Enter CLIENT_SetNetworkParam:[nWaittime=0, nConnectTime=0, nConnectTryNum=2, nSubConnectSpaceTime=0, nGetDevInfoTime=3000, nConnectBufSize=0, nGetConnInfoTime=0, nSearchRecordTime=0, nsubDisconnetTime=0, byNetType=0, byPlaybackBufSize=0, bDetectDisconnTime=0, bKeepLifeInterval=0, nPicBufSize=0].
[2026-03-25T10:05:17.985 info Netsdk:63708 14080:13416 dhnetsdk.cpp:367]Leave CLIENT_SetNetworkParam.
[2026-03-25T10:05:17.985 info Netsdk:63708 14080:13416 dhnetsdk.cpp:302]Enter CLIENT_SetAutoReconnect:[cbAutoConnect=00007FF6EAD2A000, dwUser=00000049A3DDE430].
[2026-03-25T10:05:17.985 info Netsdk:63708 14080:13416 dhnetsdk.cpp:304]Leave CLIENT_SetAutoReconnect.
Begin Time:2026-03-25T10:05:18.144
[2026-03-25T10:05:18.144 info Netsdk:63708 32804:39656 AVNetSDKMgr.cpp:504]Load avnetsdk library dynamically
[2026-03-25T10:05:18.148 info Netsdk:63708 32804:39656 AVNetSDKMgr.cpp:549]avnetsdk module handle: 000001F06DA50000

[2026-03-25T10:05:18.148 info Netsdk:63708 32804:39656 AVNetSDKMgr.cpp:823]Load configsdk dynamically
[2026-03-25T10:05:18.149 info Netsdk:63708 32804:39656 dhnetsdk.cpp:302]Enter CLIENT_SetAutoReconnect:[cbAutoConnect=00007FF6FE91A109, dwUser=000000DA7613D010].
[2026-03-25T10:05:18.149 info Netsdk:63708 32804:39656 dhnetsdk.cpp:304]Leave CLIENT_SetAutoReconnect.
[2026-03-25T10:05:18.178 info Netsdk:63708 32804:39656 dhnetsdk.cpp:991]Enter CLIENT_LoginWithHighLevelSecurity. pstInParam:000000DA7613B4D0, pstOutParam:000000DA7613B5D0.
[2026-03-25T10:05:18.178 info Netsdk:63708 32804:39656 dhnetsdk.cpp:1007]IP:192.168.1.23, port:37777, SpeCap:0, CapParam:0000000000000000, TLSCap:0
[2026-03-25T10:05:18.379 info Netsdk:63708 14080:13416 dhnetsdk.cpp:991]Enter CLIENT_LoginWithHighLevelSecurity. pstInParam:00000049A3DDC9D0, pstOutParam:00000049A3DDCAD0.
[2026-03-25T10:05:18.379 info Netsdk:63708 14080:13416 dhnetsdk.cpp:1007]IP:192.168.1.23, port:37777, SpeCap:0, CapParam:0000000000000000, TLSCap:0
[2026-03-25T10:05:18.559 info Netsdk:63708 32804:39656 dhnetsdk.cpp:1054]Leave CLIENT_LoginWithHighLevelSecurity. error:0, login ID:1590999632.
[2026-03-25T10:05:18.565 info Netsdk:63708 32804:39656 dhnetsdk.cpp:8181]Enter CLIENT_QueryDevState. [lLoginID=1590999632, nType=82, pBuf=000000DA7613B6F8, nBufLen=60, pRetLen=000000DA7613B6D4, waittime=1000.]
[2026-03-25T10:05:18.661 info Netsdk:63708 14080:13416 dhnetsdk.cpp:1054]Leave CLIENT_LoginWithHighLevelSecurity. error:0, login ID:41071296.
[2026-03-25T10:05:18.663 info Netsdk:63708 32804:39656 dhnetsdk.cpp:8205]Leave CLIENT_QueryDevState.ret:1.
[2026-03-25T10:05:18.670 info Netsdk:63708 14080:13416 dhnetsdk.cpp:8181]Enter CLIENT_QueryDevState. [lLoginID=41071296, nType=4, pBuf=00000049A3DDB010, nBufLen=3076, pRetLen=00000049A3DDC864, waittime=3000.]
[2026-03-25T10:05:18.680 info Netsdk:63708 14080:13416 dhnetsdk.cpp:8205]Leave CLIENT_QueryDevState.ret:1.
[2026-03-25T10:05:18.692 info Netsdk:63708 32804:39656 dhnetsdk.cpp:1288]Enter CLIENT_RealPlayEx. lLoginID:1590999632. nChannelID:0. rType:0
[2026-03-25T10:05:19.244 error Netsdk:63708 32804:39656 Generation2ProtocolSecureTransmit.cpp:661]Not find
[2026-03-25T10:05:19.244 info Netsdk:63708 32804:39656 DevConfigEx.cpp:11689]IN SetupSession PORT=0 and PORT: 37777
[2026-03-25T10:05:19.587 info Netsdk:63708 32804:39656 dhnetsdk.cpp:1354]Leave CLIENT_RealPlayEx. ret:1591056128
[2026-03-25T10:09:32.967 info Netsdk:63708 14080:13416 dhnetsdk.cpp:1075]Enter CLIENT_Logout. lLoginID:41071296.
[2026-03-25T10:09:32.968 error Netsdk:63708 14080:13416 TPTCPClient.cpp:723]Device is not online, ip:192.168.1.23
[2026-03-25T10:09:32.968 info Netsdk:63708 14080:13416 dhnetsdk.cpp:1097]Leave CLIENT_Logout. ret:1
[2026-03-25T10:09:33.139 info Netsdk:63708 32804:39656 dhnetsdk.cpp:2090]Enter CLIENT_StopRealPlayEx. lRealHandle:1591056128.
[2026-03-25T10:09:33.152 info Netsdk:63708 32804:39656 dhnetsdk.cpp:2104]Leave CLIENT_StopRealPlayEx. ret:1
[2026-03-25T10:09:33.152 info Netsdk:63708 32804:39656 dhnetsdk.cpp:1075]Enter CLIENT_Logout. lLoginID:1590999632.
[2026-03-25T10:09:33.153 error Netsdk:63708 32804:39656 TPTCPClient.cpp:723]Device is not online, ip:192.168.1.23
[2026-03-25T10:09:33.153 info Netsdk:63708 32804:39656 dhnetsdk.cpp:1097]Leave CLIENT_Logout. ret:1
Begin Time:2026-03-25T10:10:09.775
[2026-03-25T10:10:09.775 info Netsdk:63708 24352:20724 AVNetSDKMgr.cpp:504]Load avnetsdk library dynamically
[2026-03-25T10:10:09.790 info Netsdk:63708 24352:20724 AVNetSDKMgr.cpp:549]avnetsdk module handle: 0000028256C00000

[2026-03-25T10:10:09.790 info Netsdk:63708 24352:20724 AVNetSDKMgr.cpp:823]Load configsdk dynamically
[2026-03-25T10:10:09.793 info Netsdk:63708 24352:20724 dhnetsdk.cpp:352]Enter CLIENT_SetNetworkParam:[nWaittime=0, nConnectTime=0, nConnectTryNum=2, nSubConnectSpaceTime=0, nGetDevInfoTime=3000, nConnectBufSize=0, nGetConnInfoTime=0, nSearchRecordTime=0, nsubDisconnetTime=0, byNetType=0, byPlaybackBufSize=0, bDetectDisconnTime=0, bKeepLifeInterval=0, nPicBufSize=0].
[2026-03-25T10:10:09.793 info Netsdk:63708 24352:20724 dhnetsdk.cpp:367]Leave CLIENT_SetNetworkParam.
[2026-03-25T10:10:09.793 info Netsdk:63708 24352:20724 dhnetsdk.cpp:302]Enter CLIENT_SetAutoReconnect:[cbAutoConnect=00007FF6EAD2A000, dwUser=000000889EAFE4E0].
[2026-03-25T10:10:09.793 info Netsdk:63708 24352:20724 dhnetsdk.cpp:304]Leave CLIENT_SetAutoReconnect.
Begin Time:2026-03-25T10:10:09.992
[2026-03-25T10:10:09.992 info Netsdk:63708 13368:30884 AVNetSDKMgr.cpp:504]Load avnetsdk library dynamically
[2026-03-25T10:10:09.993 info Netsdk:63708 13368:30884 AVNetSDKMgr.cpp:549]avnetsdk module handle: 000001F1E2F70000

[2026-03-25T10:10:09.993 info Netsdk:63708 13368:30884 AVNetSDKMgr.cpp:823]Load configsdk dynamically
[2026-03-25T10:10:09.994 info Netsdk:63708 13368:30884 dhnetsdk.cpp:302]Enter CLIENT_SetAutoReconnect:[cbAutoConnect=00007FF6FE91A109, dwUser=00000027EC1DCFB0].
[2026-03-25T10:10:09.994 info Netsdk:63708 13368:30884 dhnetsdk.cpp:304]Leave CLIENT_SetAutoReconnect.
[2026-03-25T10:10:10.012 info Netsdk:63708 13368:30884 dhnetsdk.cpp:991]Enter CLIENT_LoginWithHighLevelSecurity. pstInParam:00000027EC1DB470, pstOutParam:00000027EC1DB570.
[2026-03-25T10:10:10.012 info Netsdk:63708 13368:30884 dhnetsdk.cpp:1007]IP:192.168.1.23, port:37777, SpeCap:0, CapParam:0000000000000000, TLSCap:0
[2026-03-25T10:10:10.029 info Netsdk:63708 24352:20724 dhnetsdk.cpp:991]Enter CLIENT_LoginWithHighLevelSecurity. pstInParam:000000889EAFCA80, pstOutParam:000000889EAFCB80.
[2026-03-25T10:10:10.029 info Netsdk:63708 24352:20724 dhnetsdk.cpp:1007]IP:192.168.1.23, port:37777, SpeCap:0, CapParam:0000000000000000, TLSCap:0
[2026-03-25T10:10:10.675 info Netsdk:63708 13368:30884 dhnetsdk.cpp:1054]Leave CLIENT_LoginWithHighLevelSecurity. error:0, login ID:-667173264.
[2026-03-25T10:10:10.679 info Netsdk:63708 13368:30884 dhnetsdk.cpp:8181]Enter CLIENT_QueryDevState. [lLoginID=-667173264, nType=82, pBuf=00000027EC1DB698, nBufLen=60, pRetLen=00000027EC1DB674, waittime=1000.]
[2026-03-25T10:10:10.689 info Netsdk:63708 24352:20724 dhnetsdk.cpp:1054]Leave CLIENT_LoginWithHighLevelSecurity. error:0, login ID:1366014960.
[2026-03-25T10:10:10.693 info Netsdk:63708 24352:20724 dhnetsdk.cpp:8181]Enter CLIENT_QueryDevState. [lLoginID=1366014960, nType=4, pBuf=000000889EAFB0C0, nBufLen=3076, pRetLen=000000889EAFC914, waittime=3000.]
[2026-03-25T10:10:10.780 info Netsdk:63708 24352:20724 dhnetsdk.cpp:8205]Leave CLIENT_QueryDevState.ret:1.
[2026-03-25T10:10:11.030 info Netsdk:63708 13368:30884 dhnetsdk.cpp:8205]Leave CLIENT_QueryDevState.ret:1.
[2026-03-25T10:10:11.039 info Netsdk:63708 13368:30884 dhnetsdk.cpp:1288]Enter CLIENT_RealPlayEx. lLoginID:-667173264. nChannelID:0. rType:0
[2026-03-25T10:10:11.841 error Netsdk:63708 13368:30884 Generation2ProtocolSecureTransmit.cpp:661]Not find
[2026-03-25T10:10:11.841 info Netsdk:63708 13368:30884 DevConfigEx.cpp:11689]IN SetupSession PORT=0 and PORT: 37777
[2026-03-25T10:10:12.099 info Netsdk:63708 13368:30884 dhnetsdk.cpp:1354]Leave CLIENT_RealPlayEx. ret:-667135264
[2026-03-25T10:11:04.783 info Netsdk:63708 24352:20724 dhnetsdk.cpp:1075]Enter CLIENT_Logout. lLoginID:1366014960.
[2026-03-25T10:11:04.783 error Netsdk:63708 24352:20724 TPTCPClient.cpp:723]Device is not online, ip:192.168.1.23
[2026-03-25T10:11:04.783 info Netsdk:63708 24352:20724 dhnetsdk.cpp:1097]Leave CLIENT_Logout. ret:1
[2026-03-25T10:11:04.987 info Netsdk:63708 13368:30884 dhnetsdk.cpp:2090]Enter CLIENT_StopRealPlayEx. lRealHandle:-667135264.
[2026-03-25T10:11:05.002 info Netsdk:63708 13368:30884 dhnetsdk.cpp:2104]Leave CLIENT_StopRealPlayEx. ret:1
[2026-03-25T10:11:05.002 info Netsdk:63708 13368:30884 dhnetsdk.cpp:1075]Enter CLIENT_Logout. lLoginID:-667173264.
[2026-03-25T10:11:05.002 error Netsdk:63708 13368:30884 TPTCPClient.cpp:723]Device is not online, ip:192.168.1.23
[2026-03-25T10:11:05.002 info Netsdk:63708 13368:30884 dhnetsdk.cpp:1097]Leave CLIENT_Logout. ret:1
Begin Time:2026-03-25T10:16:38.079
[2026-03-25T10:16:38.079 info Netsdk:63708 4636:34696 AVNetSDKMgr.cpp:504]Load avnetsdk library dynamically
[2026-03-25T10:16:38.097 info Netsdk:63708 4636:34696 AVNetSDKMgr.cpp:549]avnetsdk module handle: 0000022CF57B0000

[2026-03-25T10:16:38.097 info Netsdk:63708 4636:34696 AVNetSDKMgr.cpp:823]Load configsdk dynamically
[2026-03-25T10:16:38.099 info Netsdk:63708 4636:34696 dhnetsdk.cpp:352]Enter CLIENT_SetNetworkParam:[nWaittime=0, nConnectTime=0, nConnectTryNum=2, nSubConnectSpaceTime=0, nGetDevInfoTime=3000, nConnectBufSize=0, nGetConnInfoTime=0, nSearchRecordTime=0, nsubDisconnetTime=0, byNetType=0, byPlaybackBufSize=0, bDetectDisconnTime=0, bKeepLifeInterval=0, nPicBufSize=0].
[2026-03-25T10:16:38.099 info Netsdk:63708 4636:34696 dhnetsdk.cpp:367]Leave CLIENT_SetNetworkParam.
[2026-03-25T10:16:38.099 info Netsdk:63708 4636:34696 dhnetsdk.cpp:302]Enter CLIENT_SetAutoReconnect:[cbAutoConnect=00007FF6EAD2A000, dwUser=000000FB3655E390].
[2026-03-25T10:16:38.099 info Netsdk:63708 4636:34696 dhnetsdk.cpp:304]Leave CLIENT_SetAutoReconnect.
[2026-03-25T10:16:38.343 info Netsdk:63708 4636:34696 dhnetsdk.cpp:991]Enter CLIENT_LoginWithHighLevelSecurity. pstInParam:000000FB3655C930, pstOutParam:000000FB3655CA30.
[2026-03-25T10:16:38.343 info Netsdk:63708 4636:34696 dhnetsdk.cpp:1007]IP:192.168.1.23, port:37777, SpeCap:0, CapParam:0000000000000000, TLSCap:0
Begin Time:2026-03-25T10:16:38.383
[2026-03-25T10:16:38.383 info Netsdk:63708 26148:40992 AVNetSDKMgr.cpp:504]Load avnetsdk library dynamically
[2026-03-25T10:16:38.385 info Netsdk:63708 26148:40992 AVNetSDKMgr.cpp:549]avnetsdk module handle: 0000019C0AE50000

[2026-03-25T10:16:38.385 info Netsdk:63708 26148:40992 AVNetSDKMgr.cpp:823]Load configsdk dynamically
[2026-03-25T10:16:38.386 info Netsdk:63708 26148:40992 dhnetsdk.cpp:302]Enter CLIENT_SetAutoReconnect:[cbAutoConnect=00007FF6FE91A109, dwUser=00000063B60FCD00].
[2026-03-25T10:16:38.386 info Netsdk:63708 26148:40992 dhnetsdk.cpp:304]Leave CLIENT_SetAutoReconnect.
[2026-03-25T10:16:38.398 info Netsdk:63708 26148:40992 dhnetsdk.cpp:991]Enter CLIENT_LoginWithHighLevelSecurity. pstInParam:00000063B60FB1C0, pstOutParam:00000063B60FB2C0.
[2026-03-25T10:16:38.398 info Netsdk:63708 26148:40992 dhnetsdk.cpp:1007]IP:192.168.1.23, port:37777, SpeCap:0, CapParam:0000000000000000, TLSCap:0
[2026-03-25T10:16:38.544 info Netsdk:63708 4636:34696 dhnetsdk.cpp:1054]Leave CLIENT_LoginWithHighLevelSecurity. error:0, login ID:-198657520.
[2026-03-25T10:16:38.549 info Netsdk:63708 4636:34696 dhnetsdk.cpp:8181]Enter CLIENT_QueryDevState. [lLoginID=-198657520, nType=4, pBuf=000000FB3655AF70, nBufLen=3076, pRetLen=000000FB3655C7C4, waittime=3000.]
[2026-03-25T10:16:38.565 info Netsdk:63708 4636:34696 dhnetsdk.cpp:8205]Leave CLIENT_QueryDevState.ret:1.
[2026-03-25T10:16:38.587 info Netsdk:63708 26148:40992 dhnetsdk.cpp:1054]Leave CLIENT_LoginWithHighLevelSecurity. error:0, login ID:2079767120.
[2026-03-25T10:16:38.590 info Netsdk:63708 26148:40992 dhnetsdk.cpp:8181]Enter CLIENT_QueryDevState. [lLoginID=2079767120, nType=82, pBuf=00000063B60FB3E8, nBufLen=60, pRetLen=00000063B60FB3C4, waittime=1000.]
[2026-03-25T10:16:38.688 info Netsdk:63708 26148:40992 dhnetsdk.cpp:8205]Leave CLIENT_QueryDevState.ret:1.
[2026-03-25T10:16:38.693 info Netsdk:63708 26148:40992 dhnetsdk.cpp:1288]Enter CLIENT_RealPlayEx. lLoginID:2079767120. nChannelID:0. rType:0
[2026-03-25T10:16:38.983 error Netsdk:63708 26148:40992 Generation2ProtocolSecureTransmit.cpp:661]Not find
[2026-03-25T10:16:38.983 info Netsdk:63708 26148:40992 DevConfigEx.cpp:11689]IN SetupSession PORT=0 and PORT: 37777
[2026-03-25T10:16:39.101 info Netsdk:63708 26148:40992 dhnetsdk.cpp:1354]Leave CLIENT_RealPlayEx. ret:2079835344
[2026-03-25T10:44:23.078 info Netsdk:63708 4636:34696 dhnetsdk.cpp:1075]Enter CLIENT_Logout. lLoginID:-198657520.
[2026-03-25T10:44:23.079 error Netsdk:63708 4636:34696 TPTCPClient.cpp:723]Device is not online, ip:192.168.1.23
[2026-03-25T10:44:23.079 info Netsdk:63708 4636:34696 dhnetsdk.cpp:1097]Leave CLIENT_Logout. ret:1
[2026-03-25T10:44:23.452 info Netsdk:63708 26148:40992 dhnetsdk.cpp:2090]Enter CLIENT_StopRealPlayEx. lRealHandle:2079835344.
[2026-03-25T10:44:23.468 info Netsdk:63708 26148:40992 dhnetsdk.cpp:2104]Leave CLIENT_StopRealPlayEx. ret:1
[2026-03-25T10:44:23.468 info Netsdk:63708 26148:40992 dhnetsdk.cpp:1075]Enter CLIENT_Logout. lLoginID:2079767120.
[2026-03-25T10:44:23.468 error Netsdk:63708 26148:40992 TPTCPClient.cpp:723]Device is not online, ip:192.168.1.23
[2026-03-25T10:44:23.468 info Netsdk:63708 26148:40992 dhnetsdk.cpp:1097]Leave CLIENT_Logout. ret:1
Begin Time:2026-03-25T10:44:25.016
[2026-03-25T10:44:25.016 info Netsdk:63708 17488:44988 AVNetSDKMgr.cpp:504]Load avnetsdk library dynamically
[2026-03-25T10:44:25.019 info Netsdk:63708 17488:44988 AVNetSDKMgr.cpp:549]avnetsdk module handle: 000001D2B4E70000

[2026-03-25T10:44:25.019 info Netsdk:63708 17488:44988 AVNetSDKMgr.cpp:823]Load configsdk dynamically
[2026-03-25T10:44:25.020 info Netsdk:63708 17488:44988 dhnetsdk.cpp:302]Enter CLIENT_SetAutoReconnect:[cbAutoConnect=00007FF6FE91A109, dwUser=00000087DEDBCE00].
[2026-03-25T10:44:25.020 info Netsdk:63708 17488:44988 dhnetsdk.cpp:304]Leave CLIENT_SetAutoReconnect.
[2026-03-25T10:44:25.024 info Netsdk:63708 17488:44988 dhnetsdk.cpp:991]Enter CLIENT_LoginWithHighLevelSecurity. pstInParam:00000087DEDBB2C0, pstOutParam:00000087DEDBB3C0.
[2026-03-25T10:44:25.024 info Netsdk:63708 17488:44988 dhnetsdk.cpp:1007]IP:192.168.1.23, port:37777, SpeCap:0, CapParam:0000000000000000, TLSCap:0
Begin Time:2026-03-25T10:44:25.036
[2026-03-25T10:44:25.036 info Netsdk:63708 14104:14200 AVNetSDKMgr.cpp:504]Load avnetsdk library dynamically
[2026-03-25T10:44:25.049 info Netsdk:63708 14104:14200 AVNetSDKMgr.cpp:549]avnetsdk module handle: 000002D4068E0000

[2026-03-25T10:44:25.049 info Netsdk:63708 14104:14200 AVNetSDKMgr.cpp:823]Load configsdk dynamically
[2026-03-25T10:44:25.051 info Netsdk:63708 14104:14200 dhnetsdk.cpp:352]Enter CLIENT_SetNetworkParam:[nWaittime=0, nConnectTime=0, nConnectTryNum=2, nSubConnectSpaceTime=0, nGetDevInfoTime=3000, nConnectBufSize=0, nGetConnInfoTime=0, nSearchRecordTime=0, nsubDisconnetTime=0, byNetType=0, byPlaybackBufSize=0, bDetectDisconnTime=0, bKeepLifeInterval=0, nPicBufSize=0].
[2026-03-25T10:44:25.051 info Netsdk:63708 14104:14200 dhnetsdk.cpp:367]Leave CLIENT_SetNetworkParam.
[2026-03-25T10:44:25.051 info Netsdk:63708 14104:14200 dhnetsdk.cpp:302]Enter CLIENT_SetAutoReconnect:[cbAutoConnect=00007FF6EAD2A000, dwUser=000000F25976E9E0].
[2026-03-25T10:44:25.051 info Netsdk:63708 14104:14200 dhnetsdk.cpp:304]Leave CLIENT_SetAutoReconnect.
[2026-03-25T10:44:25.068 info Netsdk:63708 14104:14200 dhnetsdk.cpp:991]Enter CLIENT_LoginWithHighLevelSecurity. pstInParam:000000F25976CF80, pstOutParam:000000F25976D080.
[2026-03-25T10:44:25.068 info Netsdk:63708 14104:14200 dhnetsdk.cpp:1007]IP:192.168.1.23, port:37777, SpeCap:0, CapParam:0000000000000000, TLSCap:0
[2026-03-25T10:44:25.246 info Netsdk:63708 17488:44988 dhnetsdk.cpp:1054]Leave CLIENT_LoginWithHighLevelSecurity. error:0, login ID:-1312853024.
[2026-03-25T10:44:25.252 info Netsdk:63708 17488:44988 dhnetsdk.cpp:8181]Enter CLIENT_QueryDevState. [lLoginID=-1312853024, nType=82, pBuf=00000087DEDBB4E8, nBufLen=60, pRetLen=00000087DEDBB4C4, waittime=1000.]
[2026-03-25T10:44:25.270 info Netsdk:63708 14104:14200 dhnetsdk.cpp:1054]Leave CLIENT_LoginWithHighLevelSecurity. error:0, login ID:30702096.
[2026-03-25T10:44:25.275 info Netsdk:63708 14104:14200 dhnetsdk.cpp:8181]Enter CLIENT_QueryDevState. [lLoginID=30702096, nType=4, pBuf=000000F25976B5C0, nBufLen=3076, pRetLen=000000F25976CE14, waittime=3000.]
[2026-03-25T10:44:25.283 info Netsdk:63708 14104:14200 dhnetsdk.cpp:8205]Leave CLIENT_QueryDevState.ret:1.
[2026-03-25T10:44:25.392 info Netsdk:63708 17488:44988 dhnetsdk.cpp:8205]Leave CLIENT_QueryDevState.ret:1.
[2026-03-25T10:44:25.395 info Netsdk:63708 17488:44988 dhnetsdk.cpp:1288]Enter CLIENT_RealPlayEx. lLoginID:-1312853024. nChannelID:0. rType:0
[2026-03-25T10:44:25.743 error Netsdk:63708 17488:44988 Generation2ProtocolSecureTransmit.cpp:661]Not find
[2026-03-25T10:44:25.743 info Netsdk:63708 17488:44988 DevConfigEx.cpp:11689]IN SetupSession PORT=0 and PORT: 37777
[2026-03-25T10:44:26.019 info Netsdk:63708 17488:44988 dhnetsdk.cpp:1354]Leave CLIENT_RealPlayEx. ret:-1312822816
Begin Time:2026-03-25T11:16:25.984
[2026-03-25T11:16:25.984 info Netsdk:63708 41752:36564 AVNetSDKMgr.cpp:504]Load avnetsdk library dynamically
[2026-03-25T11:16:25.999 info Netsdk:63708 41752:36564 AVNetSDKMgr.cpp:549]avnetsdk module handle: 000001D7196B0000

[2026-03-25T11:16:25.999 info Netsdk:63708 41752:36564 AVNetSDKMgr.cpp:823]Load configsdk dynamically
[2026-03-25T11:16:26.001 info Netsdk:63708 41752:36564 dhnetsdk.cpp:352]Enter CLIENT_SetNetworkParam:[nWaittime=0, nConnectTime=0, nConnectTryNum=2, nSubConnectSpaceTime=0, nGetDevInfoTime=3000, nConnectBufSize=0, nGetConnInfoTime=0, nSearchRecordTime=0, nsubDisconnetTime=0, byNetType=0, byPlaybackBufSize=0, bDetectDisconnTime=0, bKeepLifeInterval=0, nPicBufSize=0].
[2026-03-25T11:16:26.001 info Netsdk:63708 41752:36564 dhnetsdk.cpp:367]Leave CLIENT_SetNetworkParam.
[2026-03-25T11:16:26.001 info Netsdk:63708 41752:36564 dhnetsdk.cpp:302]Enter CLIENT_SetAutoReconnect:[cbAutoConnect=00007FF6EAD2A000, dwUser=000000B942BEE8E0].
[2026-03-25T11:16:26.001 info Netsdk:63708 41752:36564 dhnetsdk.cpp:304]Leave CLIENT_SetAutoReconnect.
Begin Time:2026-03-25T11:16:26.238
[2026-03-25T11:16:26.238 info Netsdk:63708 42628:26348 AVNetSDKMgr.cpp:504]Load avnetsdk library dynamically
[2026-03-25T11:16:26.240 info Netsdk:63708 42628:26348 AVNetSDKMgr.cpp:549]avnetsdk module handle: 0000021D29360000

[2026-03-25T11:16:26.240 info Netsdk:63708 42628:26348 AVNetSDKMgr.cpp:823]Load configsdk dynamically
[2026-03-25T11:16:26.241 info Netsdk:63708 42628:26348 dhnetsdk.cpp:302]Enter CLIENT_SetAutoReconnect:[cbAutoConnect=00007FF6FE91A109, dwUser=0000006058AFCF00].
[2026-03-25T11:16:26.241 info Netsdk:63708 42628:26348 dhnetsdk.cpp:304]Leave CLIENT_SetAutoReconnect.
[2026-03-25T11:16:26.245 info Netsdk:63708 41752:36564 dhnetsdk.cpp:991]Enter CLIENT_LoginWithHighLevelSecurity. pstInParam:000000B942BECE80, pstOutParam:000000B942BECF80.
[2026-03-25T11:16:26.245 info Netsdk:63708 41752:36564 dhnetsdk.cpp:1007]IP:192.168.1.23, port:37777, SpeCap:0, CapParam:0000000000000000, TLSCap:0
[2026-03-25T11:16:26.261 info Netsdk:63708 42628:26348 dhnetsdk.cpp:991]Enter CLIENT_LoginWithHighLevelSecurity. pstInParam:0000006058AFB3C0, pstOutParam:0000006058AFB4C0.
[2026-03-25T11:16:26.261 info Netsdk:63708 42628:26348 dhnetsdk.cpp:1007]IP:192.168.1.23, port:37777, SpeCap:0, CapParam:0000000000000000, TLSCap:0
[2026-03-25T11:16:26.444 info Netsdk:63708 41752:36564 dhnetsdk.cpp:1054]Leave CLIENT_LoginWithHighLevelSecurity. error:0, login ID:379502096.
[2026-03-25T11:16:26.450 info Netsdk:63708 41752:36564 dhnetsdk.cpp:8181]Enter CLIENT_QueryDevState. [lLoginID=379502096, nType=4, pBuf=000000B942BEB4C0, nBufLen=3076, pRetLen=000000B942BECD14, waittime=3000.]
[2026-03-25T11:16:26.464 info Netsdk:63708 41752:36564 dhnetsdk.cpp:8205]Leave CLIENT_QueryDevState.ret:1.
rity. error:0, login ID:613456656.
[2026-03-25T11:16:26.472 info Netsdk:63708 42628:26348 dhnetsdk.cpp:8181]Enter CLIENT_QueryDevState. [lLoginID=613456656, nType=82, pBuf=0000006058AFB5E8, nBufLen=60, pRetLen=0000006058AFB5C4, waittime=1000.]
[2026-03-25T11:16:26.572 info Netsdk:63708 42628:26348 dhnetsdk.cpp:8205]Leave CLIENT_QueryDevState.ret:1.
[2026-03-25T11:16:26.578 info Netsdk:63708 42628:26348 dhnetsdk.cpp:1288]Enter CLIENT_RealPlayEx. lLoginID:613456656. nChannelID:0. rType:0
[2026-03-25T11:16:27.017 error Netsdk:63708 42628:26348 Generation2ProtocolSecureTransmit.cpp:661]Not find
[2026-03-25T11:16:27.017 info Netsdk:63708 42628:26348 DevConfigEx.cpp:11689]IN SetupSession PORT=0 and PORT: 37777
[2026-03-25T11:16:27.134 info Netsdk:63708 42628:26348 dhnetsdk.cpp:1354]Leave CLIENT_RealPlayEx. ret:697267616
[2026-03-25T11:17:41.018 info Netsdk:63708 41752:36564 dhnetsdk.cpp:1075]Enter CLIENT_Logout. lLoginID:379502096.
[2026-03-25T11:17:41.018 error Netsdk:63708 41752:36564 TPTCPClient.cpp:723]Device is not online, ip:192.168.1.23
[2026-03-25T11:17:41.018 info Netsdk:63708 41752:36564 dhnetsdk.cpp:1097]Leave CLIENT_Logout. ret:1
[2026-03-25T11:17:41.236 info Netsdk:63708 42628:26348 dhnetsdk.cpp:2090]Enter CLIENT_StopRealPlayEx. lRealHandle:697267616.
[2026-03-25T11:17:41.245 info Netsdk:63708 42628:26348 dhnetsdk.cpp:2104]Leave CLIENT_StopRealPlayEx. ret:1
[2026-03-25T11:17:41.245 info Netsdk:63708 42628:26348 dhnetsdk.cpp:1075]Enter CLIENT_Logout. lLoginID:613456656.
[2026-03-25T11:17:41.245 error Netsdk:63708 42628:26348 TPTCPClient.cpp:723]Device is not online, ip:192.168.1.23
[2026-03-25T11:17:41.246 info Netsdk:63708 42628:26348 dhnetsdk.cpp:1097]Leave CLIENT_Logout. ret:1
Begin Time:2026-03-25T11:17:42.985
[2026-03-25T11:17:42.985 info Netsdk:63708 38044:30760 AVNetSDKMgr.cpp:504]Load avnetsdk library dynamically
[2026-03-25T11:17:43.002 info Netsdk:63708 38044:30760 AVNetSDKMgr.cpp:549]avnetsdk module handle: 000001D3FCEC0000

[2026-03-25T11:17:43.002 info Netsdk:63708 38044:30760 AVNetSDKMgr.cpp:823]Load configsdk dynamically
[2026-03-25T11:17:43.004 info Netsdk:63708 38044:30760 dhnetsdk.cpp:352]Enter CLIENT_SetNetworkParam:[nWaittime=0, nConnectTime=0, nConnectTryNum=2, nSubConnectSpaceTime=0, nGetDevInfoTime=3000, nConnectBufSize=0, nGetConnInfoTime=0, nSearchRecordTime=0, nsubDisconnetTime=0, byNetType=0, byPlaybackBufSize=0, bDetectDisconnTime=0, bKeepLifeInterval=0, nPicBufSize=0].
[2026-03-25T11:17:43.004 info Netsdk:63708 38044:30760 dhnetsdk.cpp:367]Leave CLIENT_SetNetworkParam.
[2026-03-25T11:17:43.004 info Netsdk:63708 38044:30760 dhnetsdk.cpp:302]Enter CLIENT_SetAutoReconnect:[cbAutoConnect=00007FF6EAD2A000, dwUser=000000C1662FE650].
[2026-03-25T11:17:43.004 info Netsdk:63708 38044:30760 dhnetsdk.cpp:304]Leave CLIENT_SetAutoReconnect.
[2026-03-25T11:17:43.046 info Netsdk:63708 38044:30760 dhnetsdk.cpp:991]Enter CLIENT_LoginWithHighLevelSecurity. pstInParam:000000C1662FCBF0, pstOutParam:000000C1662FCCF0.
[2026-03-25T11:17:43.046 info Netsdk:63708 38044:30760 dhnetsdk.cpp:1007]IP:192.168.1.23, port:37777, SpeCap:0, CapParam:0000000000000000, TLSCap:0
Begin Time:2026-03-25T11:17:43.150
[2026-03-25T11:17:43.150 info Netsdk:63708 47256:38512 AVNetSDKMgr.cpp:504]Load avnetsdk library dynamically
[2026-03-25T11:17:43.152 info Netsdk:63708 47256:38512 AVNetSDKMgr.cpp:549]avnetsdk module handle: 00000194B9CD0000

[2026-03-25T11:17:43.152 info Netsdk:63708 47256:38512 AVNetSDKMgr.cpp:823]Load configsdk dynamically
[2026-03-25T11:17:43.153 info Netsdk:63708 47256:38512 dhnetsdk.cpp:302]Enter CLIENT_SetAutoReconnect:[cbAutoConnect=00007FF6FE91A109, dwUser=000000686C6FD070].
[2026-03-25T11:17:43.153 info Netsdk:63708 47256:38512 dhnetsdk.cpp:304]Leave CLIENT_SetAutoReconnect.
[2026-03-25T11:17:43.164 info Netsdk:63708 47256:38512 dhnetsdk.cpp:991]Enter CLIENT_LoginWithHighLevelSecurity. pstInParam:000000686C6FB530, pstOutParam:000000686C6FB630.
[2026-03-25T11:17:43.164 info Netsdk:63708 47256:38512 dhnetsdk.cpp:1007]IP:192.168.1.23, port:37777, SpeCap:0, CapParam:0000000000000000, TLSCap:0
[2026-03-25T11:17:43.256 info Netsdk:63708 38044:30760 dhnetsdk.cpp:1054]Leave CLIENT_LoginWithHighLevelSecurity. error:0, login ID:-139822576.
[2026-03-25T11:17:43.259 info Netsdk:63708 38044:30760 dhnetsdk.cpp:8181]Enter CLIENT_QueryDevState. [lLoginID=-139822576, nType=4, pBuf=000000C1662FB230, nBufLen=3076, pRetLen=000000C1662FCA84, waittime=3000.]
[2026-03-25T11:17:43.283 info Netsdk:63708 38044:30760 dhnetsdk.cpp:8205]Leave CLIENT_QueryDevState.ret:1.
[2026-03-25T11:17:43.362 info Netsdk:63708 47256:38512 dhnetsdk.cpp:1054]Leave CLIENT_LoginWithHighLevelSecurity. error:0, login ID:-1447380400.
[2026-03-25T11:17:43.366 info Netsdk:63708 47256:38512 dhnetsdk.cpp:8181]Enter CLIENT_QueryDevState. [lLoginID=-1447380400, nType=82, pBuf=000000686C6FB758, nBufLen=60, pRetLen=000000686C6FB734, waittime=1000.]
[2026-03-25T11:17:43.438 info Netsdk:63708 47256:38512 dhnetsdk.cpp:8205]Leave CLIENT_QueryDevState.ret:1.
[2026-03-25T11:17:43.445 info Netsdk:63708 47256:38512 dhnetsdk.cpp:1288]Enter CLIENT_RealPlayEx. lLoginID:-1447380400. nChannelID:0. rType:0
[2026-03-25T11:17:43.692 error Netsdk:63708 47256:38512 Generation2ProtocolSecureTransmit.cpp:661]Not find
[2026-03-25T11:17:43.692 info Netsdk:63708 47256:38512 DevConfigEx.cpp:11689]IN SetupSession PORT=0 and PORT: 37777
[2026-03-25T11:17:43.780 info Netsdk:63708 47256:38512 dhnetsdk.cpp:1354]Leave CLIENT_RealPlayEx. ret:-1447363904
[2026-03-25T11:18:33.161 info Netsdk:63708 47256:38512 dhnetsdk.cpp:2090]Enter CLIENT_StopRealPlayEx. lRealHandle:-1447363904.
[2026-03-25T11:18:33.177 info Netsdk:63708 47256:38512 dhnetsdk.cpp:2104]Leave CLIENT_StopRealPlayEx. ret:1
[2026-03-25T11:18:33.177 info Netsdk:63708 47256:38512 dhnetsdk.cpp:1075]Enter CLIENT_Logout. lLoginID:-1447380400.
[2026-03-25T11:18:33.178 error Netsdk:63708 47256:38512 TPTCPClient.cpp:723]Device is not online, ip:192.168.1.23
[2026-03-25T11:18:33.178 info Netsdk:63708 47256:38512 dhnetsdk.cpp:1097]Leave CLIENT_Logout. ret:1
[2026-03-25T11:18:34.002 info Netsdk:63708 38044:30760 dhnetsdk.cpp:1075]Enter CLIENT_Logout. lLoginID:-139822576.
[2026-03-25T11:18:34.002 error Netsdk:63708 38044:30760 TPTCPClient.cpp:723]Device is not online, ip:192.168.1.23
[2026-03-25T11:18:34.002 info Netsdk:63708 38044:30760 dhnetsdk.cpp:1097]Leave CLIENT_Logout. ret:1
Begin Time:2026-03-25T11:19:56.832
[2026-03-25T11:19:56.832 info Netsdk:63708 38556:40308 AVNetSDKMgr.cpp:504]Load avnetsdk library dynamically
[2026-03-25T11:19:56.856 info Netsdk:63708 38556:40308 AVNetSDKMgr.cpp:549]avnetsdk module handle: 0000020424B00000

[2026-03-25T11:19:56.856 info Netsdk:63708 38556:40308 AVNetSDKMgr.cpp:823]Load configsdk dynamically
[2026-03-25T11:19:56.860 info Netsdk:63708 38556:40308 dhnetsdk.cpp:352]Enter CLIENT_SetNetworkParam:[nWaittime=0, nConnectTime=0, nConnectTryNum=2, nSubConnectSpaceTime=0, nGetDevInfoTime=3000, nConnectBufSize=0, nGetConnInfoTime=0, nSearchRecordTime=0, nsubDisconnetTime=0, byNetType=0, byPlaybackBufSize=0, bDetectDisconnTime=0, bKeepLifeInterval=0, nPicBufSize=0].
[2026-03-25T11:19:56.860 info Netsdk:63708 38556:40308 dhnetsdk.cpp:367]Leave CLIENT_SetNetworkParam.
[2026-03-25T11:19:56.860 info Netsdk:63708 38556:40308 dhnetsdk.cpp:302]Enter CLIENT_SetAutoReconnect:[cbAutoConnect=00007FF6EAD2A000, dwUser=0000006D086FEA70].
[2026-03-25T11:19:56.860 info Netsdk:63708 38556:40308 dhnetsdk.cpp:304]Leave CLIENT_SetAutoReconnect.
Begin Time:2026-03-25T11:19:57.015
[2026-03-25T11:19:57.015 info Netsdk:63708 9752:40844 AVNetSDKMgr.cpp:504]Load avnetsdk library dynamically
[2026-03-25T11:19:57.017 info Netsdk:63708 9752:40844 AVNetSDKMgr.cpp:549]avnetsdk module handle: 000001DC40A20000

[2026-03-25T11:19:57.017 info Netsdk:63708 9752:40844 AVNetSDKMgr.cpp:823]Load configsdk dynamically
[2026-03-25T11:19:57.019 info Netsdk:63708 9752:40844 dhnetsdk.cpp:302]Enter CLIENT_SetAutoReconnect:[cbAutoConnect=00007FF6FE91A109, dwUser=0000003B439DCB40].
[2026-03-25T11:19:57.019 info Netsdk:63708 9752:40844 dhnetsdk.cpp:304]Leave CLIENT_SetAutoReconnect.
[2026-03-25T11:19:57.059 info Netsdk:63708 9752:40844 dhnetsdk.cpp:991]Enter CLIENT_LoginWithHighLevelSecurity. pstInParam:0000003B439DB000, pstOutParam:0000003B439DB100.
[2026-03-25T11:19:57.059 info Netsdk:63708 9752:40844 dhnetsdk.cpp:1007]IP:192.168.1.23, port:37777, SpeCap:0, CapParam:0000000000000000, TLSCap:0
[2026-03-25T11:19:57.173 info Netsdk:63708 38556:40308 dhnetsdk.cpp:991]Enter CLIENT_LoginWithHighLevelSecurity. pstInParam:0000006D086FD010, pstOutParam:0000006D086FD110.
[2026-03-25T11:19:57.173 info Netsdk:63708 38556:40308 dhnetsdk.cpp:1007]IP:192.168.1.23, port:37777, SpeCap:0, CapParam:0000000000000000, TLSCap:0
[2026-03-25T11:19:57.418 info Netsdk:63708 9752:40844 dhnetsdk.cpp:1054]Leave CLIENT_LoginWithHighLevelSecurity. error:0, login ID:860207696.
[2026-03-25T11:19:57.421 info Netsdk:63708 9752:40844 dhnetsdk.cpp:8181]Enter CLIENT_QueryDevState. [lLoginID=860207696, nType=82, pBuf=0000003B439DB228, nBufLen=60, pRetLen=0000003B439DB204, waittime=1000.]
[2026-03-25T11:19:57.443 info Netsdk:63708 38556:40308 dhnetsdk.cpp:1054]Leave CLIENT_LoginWithHighLevelSecurity. error:0, login ID:576886768.
[2026-03-25T11:19:57.447 info Netsdk:63708 38556:40308 dhnetsdk.cpp:8181]Enter CLIENT_QueryDevState. [lLoginID=576886768, nType=4, pBuf=0000006D086FB650, nBufLen=3076, pRetLen=0000006D086FCEA4, waittime=3000.]
[2026-03-25T11:19:57.459 info Netsdk:63708 38556:40308 dhnetsdk.cpp:8205]Leave CLIENT_QueryDevState.ret:1.
[2026-03-25T11:19:57.536 info Netsdk:63708 9752:40844 dhnetsdk.cpp:8205]Leave CLIENT_QueryDevState.ret:1.
[2026-03-25T11:19:57.546 info Netsdk:63708 9752:40844 dhnetsdk.cpp:1288]Enter CLIENT_RealPlayEx. lLoginID:860207696. nChannelID:0. rType:0
[2026-03-25T11:19:58.354 error Netsdk:63708 9752:40844 Generation2ProtocolSecureTransmit.cpp:661]Not find
[2026-03-25T11:19:58.354 info Netsdk:63708 9752:40844 DevConfigEx.cpp:11689]IN SetupSession PORT=0 and PORT: 37777
[2026-03-25T11:19:58.438 info Netsdk:63708 9752:40844 dhnetsdk.cpp:1354]Leave CLIENT_RealPlayEx. ret:860232272
[2026-03-25T11:20:41.887 info Netsdk:63708 38556:40308 dhnetsdk.cpp:1075]Enter CLIENT_Logout. lLoginID:576886768.
[2026-03-25T11:20:41.888 error Netsdk:63708 38556:40308 TPTCPClient.cpp:723]Device is not online, ip:192.168.1.23
[2026-03-25T11:20:41.888 info Netsdk:63708 38556:40308 dhnetsdk.cpp:1097]Leave CLIENT_Logout. ret:1
[2026-03-25T11:20:42.028 info Netsdk:63708 9752:40844 dhnetsdk.cpp:2090]Enter CLIENT_StopRealPlayEx. lRealHandle:860232272.
[2026-03-25T11:20:42.044 info Netsdk:63708 9752:40844 dhnetsdk.cpp:2104]Leave CLIENT_StopRealPlayEx. ret:1
[2026-03-25T11:20:42.045 info Netsdk:63708 9752:40844 dhnetsdk.cpp:1075]Enter CLIENT_Logout. lLoginID:860207696.
[2026-03-25T11:20:42.047 error Netsdk:63708 9752:40844 TPTCPClient.cpp:723]Device is not online, ip:192.168.1.23
[2026-03-25T11:20:42.047 info Netsdk:63708 9752:40844 dhnetsdk.cpp:1097]Leave CLIENT_Logout. ret:1
Begin Time:2026-03-25T13:08:05.162
[2026-03-25T13:08:05.162 info Netsdk:63708 20772:30148 AVNetSDKMgr.cpp:504]Load avnetsdk library dynamically
[2026-03-25T13:08:05.184 info Netsdk:63708 20772:30148 AVNetSDKMgr.cpp:549]avnetsdk module handle: 00000204A2950000

[2026-03-25T13:08:05.184 info Netsdk:63708 20772:30148 AVNetSDKMgr.cpp:823]Load configsdk dynamically
[2026-03-25T13:08:05.187 info Netsdk:63708 20772:30148 dhnetsdk.cpp:352]Enter CLIENT_SetNetworkParam:[nWaittime=0, nConnectTime=0, nConnectTryNum=2, nSubConnectSpaceTime=0, nGetDevInfoTime=3000, nConnectBufSize=0, nGetConnInfoTime=0, nSearchRecordTime=0, nsubDisconnetTime=0, byNetType=0, byPlaybackBufSize=0, bDetectDisconnTime=0, bKeepLifeInterval=0, nPicBufSize=0].
[2026-03-25T13:08:05.187 info Netsdk:63708 20772:30148 dhnetsdk.cpp:367]Leave CLIENT_SetNetworkParam.
[2026-03-25T13:08:05.187 info Netsdk:63708 20772:30148 dhnetsdk.cpp:302]Enter CLIENT_SetAutoReconnect:[cbAutoConnect=00007FF6EAD2A000, dwUser=000000D9942FE730].
[2026-03-25T13:08:05.187 info Netsdk:63708 20772:30148 dhnetsdk.cpp:304]Leave CLIENT_SetAutoReconnect.
[2026-03-25T13:08:05.494 info Netsdk:63708 20772:30148 dhnetsdk.cpp:991]Enter CLIENT_LoginWithHighLevelSecurity. pstInParam:000000D9942FCCD0, pstOutParam:000000D9942FCDD0.
[2026-03-25T13:08:05.494 info Netsdk:63708 20772:30148 dhnetsdk.cpp:1007]IP:192.168.1.23, port:37777, SpeCap:0, CapParam:0000000000000000, TLSCap:0
Begin Time:2026-03-25T13:08:05.505
[2026-03-25T13:08:05.505 info Netsdk:63708 29612:48680 AVNetSDKMgr.cpp:504]Load avnetsdk library dynamically
[2026-03-25T13:08:05.507 info Netsdk:63708 29612:48680 AVNetSDKMgr.cpp:549]avnetsdk module handle: 00000136BA0A0000

[2026-03-25T13:08:05.507 info Netsdk:63708 29612:48680 AVNetSDKMgr.cpp:823]Load configsdk dynamically
[2026-03-25T13:08:05.508 info Netsdk:63708 29612:48680 dhnetsdk.cpp:302]Enter CLIENT_SetAutoReconnect:[cbAutoConnect=00007FF6FE91A109, dwUser=00000010357BCB90].
[2026-03-25T13:08:05.508 info Netsdk:63708 29612:48680 dhnetsdk.cpp:304]Leave CLIENT_SetAutoReconnect.
[2026-03-25T13:08:05.524 info Netsdk:63708 29612:48680 dhnetsdk.cpp:991]Enter CLIENT_LoginWithHighLevelSecurity. pstInParam:00000010357BB050, pstOutParam:00000010357BB150.
[2026-03-25T13:08:05.524 info Netsdk:63708 29612:48680 dhnetsdk.cpp:1007]IP:192.168.1.23, port:37777, SpeCap:0, CapParam:0000000000000000, TLSCap:0
[2026-03-25T13:08:05.760 info Netsdk:63708 20772:30148 dhnetsdk.cpp:1054]Leave CLIENT_LoginWithHighLevelSecurity. error:0, login ID:-1677017616.
[2026-03-25T13:08:05.765 info Netsdk:63708 20772:30148 dhnetsdk.cpp:8181]Enter CLIENT_QueryDevState. [lLoginID=-1677017616, nType=4, pBuf=000000D9942FB310, nBufLen=3076, pRetLen=000000D9942FCB64, waittime=3000.]
[2026-03-25T13:08:05.785 info Netsdk:63708 20772:30148 dhnetsdk.cpp:8205]Leave CLIENT_QueryDevState.ret:1.
[2026-03-25T13:08:05.785 info Netsdk:63708 29612:48680 dhnetsdk.cpp:1054]Leave CLIENT_LoginWithHighLevelSecurity. error:0, login ID:-1330659776.
[2026-03-25T13:08:05.789 info Netsdk:63708 29612:48680 dhnetsdk.cpp:8181]Enter CLIENT_QueryDevState. [lLoginID=-1330659776, nType=82, pBuf=00000010357BB278, nBufLen=60, pRetLen=00000010357BB254, waittime=1000.]
[2026-03-25T13:08:05.945 info Netsdk:63708 29612:48680 dhnetsdk.cpp:8205]Leave CLIENT_QueryDevState.ret:1.
[2026-03-25T13:08:05.950 info Netsdk:63708 29612:48680 dhnetsdk.cpp:1288]Enter CLIENT_RealPlayEx. lLoginID:-1330659776. nChannelID:0. rType:0
[2026-03-25T13:08:06.269 error Netsdk:63708 29612:48680 Generation2ProtocolSecureTransmit.cpp:661]Not find
[2026-03-25T13:08:06.269 info Netsdk:63708 29612:48680 DevConfigEx.cpp:11689]IN SetupSession PORT=0 and PORT: 37777
[2026-03-25T13:08:06.355 info Netsdk:63708 29612:48680 dhnetsdk.cpp:1354]Leave CLIENT_RealPlayEx. ret:-1330637936
[2026-03-25T13:09:22.508 info Netsdk:63708 29612:48680 dhnetsdk.cpp:2090]Enter CLIENT_StopRealPlayEx. lRealHandle:-1330637936.
[2026-03-25T13:09:22.517 info Netsdk:63708 29612:48680 dhnetsdk.cpp:2104]Leave CLIENT_StopRealPlayEx. ret:1
[2026-03-25T13:09:22.517 info Netsdk:63708 29612:48680 dhnetsdk.cpp:1075]Enter CLIENT_Logout. lLoginID:-1330659776.
[2026-03-25T13:09:22.521 error Netsdk:63708 29612:48680 TPTCPClient.cpp:723]Device is not online, ip:192.168.1.23
[2026-03-25T13:09:22.521 info Netsdk:63708 29612:48680 dhnetsdk.cpp:1097]Leave CLIENT_Logout. ret:1
[2026-03-25T13:09:23.196 info Netsdk:63708 20772:30148 dhnetsdk.cpp:1075]Enter CLIENT_Logout. lLoginID:-1677017616.
[2026-03-25T13:09:23.196 error Netsdk:63708 20772:30148 TPTCPClient.cpp:723]Device is not online, ip:192.168.1.23
[2026-03-25T13:09:23.196 info Netsdk:63708 20772:30148 dhnetsdk.cpp:1097]Leave CLIENT_Logout. ret:1
Begin Time:2026-03-25T13:16:29.673
[2026-03-25T13:16:29.673 info Netsdk:63708 13112:47060 AVNetSDKMgr.cpp:504]Load avnetsdk library dynamically
[2026-03-25T13:16:29.691 info Netsdk:63708 13112:47060 AVNetSDKMgr.cpp:549]avnetsdk module handle: 000001E5CC690000

[2026-03-25T13:16:29.691 info Netsdk:63708 13112:47060 AVNetSDKMgr.cpp:823]Load configsdk dynamically
[2026-03-25T13:16:29.694 info Netsdk:63708 13112:47060 dhnetsdk.cpp:352]Enter CLIENT_SetNetworkParam:[nWaittime=0, nConnectTime=0, nConnectTryNum=2, nSubConnectSpaceTime=0, nGetDevInfoTime=3000, nConnectBufSize=0, nGetConnInfoTime=0, nSearchRecordTime=0, nsubDisconnetTime=0, byNetType=0, byPlaybackBufSize=0, bDetectDisconnTime=0, bKeepLifeInterval=0, nPicBufSize=0].
[2026-03-25T13:16:29.694 info Netsdk:63708 13112:47060 dhnetsdk.cpp:367]Leave CLIENT_SetNetworkParam.
[2026-03-25T13:16:29.694 info Netsdk:63708 13112:47060 dhnetsdk.cpp:302]Enter CLIENT_SetAutoReconnect:[cbAutoConnect=00007FF6EAD2A000, dwUser=000000DAD50FE880].
[2026-03-25T13:16:29.694 info Netsdk:63708 13112:47060 dhnetsdk.cpp:304]Leave CLIENT_SetAutoReconnect.
Begin Time:2026-03-25T13:16:29.860
[2026-03-25T13:16:29.860 info Netsdk:63708 50640:19964 AVNetSDKMgr.cpp:504]Load avnetsdk library dynamically
[2026-03-25T13:16:29.862 info Netsdk:63708 50640:19964 AVNetSDKMgr.cpp:549]avnetsdk module handle: 0000026DA4A10000

[2026-03-25T13:16:29.862 info Netsdk:63708 50640:19964 AVNetSDKMgr.cpp:823]Load configsdk dynamically
[2026-03-25T13:16:29.863 info Netsdk:63708 50640:19964 dhnetsdk.cpp:302]Enter CLIENT_SetAutoReconnect:[cbAutoConnect=00007FF6FE91A109, dwUser=00000089EB6FCC20].
[2026-03-25T13:16:29.863 info Netsdk:63708 50640:19964 dhnetsdk.cpp:304]Leave CLIENT_SetAutoReconnect.
[2026-03-25T13:16:29.888 info Netsdk:63708 50640:19964 dhnetsdk.cpp:991]Enter CLIENT_LoginWithHighLevelSecurity. pstInParam:00000089EB6FB0E0, pstOutParam:00000089EB6FB1E0.
[2026-03-25T13:16:29.888 info Netsdk:63708 50640:19964 dhnetsdk.cpp:1007]IP:192.168.1.23, port:37777, SpeCap:0, CapParam:0000000000000000, TLSCap:0
[2026-03-25T13:16:29.935 info Netsdk:63708 13112:47060 dhnetsdk.cpp:991]Enter CLIENT_LoginWithHighLevelSecurity. pstInParam:000000DAD50FCE20, pstOutParam:000000DAD50FCF20.
[2026-03-25T13:16:29.935 info Netsdk:63708 13112:47060 dhnetsdk.cpp:1007]IP:192.168.1.23, port:37777, SpeCap:0, CapParam:0000000000000000, TLSCap:0
[2026-03-25T13:16:30.170 info Netsdk:63708 13112:47060 dhnetsdk.cpp:1054]Leave CLIENT_LoginWithHighLevelSecurity. error:0, login ID:-956255296.
[2026-03-25T13:16:30.175 info Netsdk:63708 13112:47060 dhnetsdk.cpp:8181]Enter CLIENT_QueryDevState. [lLoginID=-956255296, nType=4, pBuf=000000DAD50FB460, nBufLen=3076, pRetLen=000000DAD50FCCB4, waittime=3000.]
[2026-03-25T13:16:30.177 info Netsdk:63708 50640:19964 dhnetsdk.cpp:1054]Leave CLIENT_LoginWithHighLevelSecurity. error:0, login ID:-1694319040.
[2026-03-25T13:16:30.178 info Netsdk:63708 50640:19964 dhnetsdk.cpp:8181]Enter CLIENT_QueryDevState. [lLoginID=-1694319040, nType=82, pBuf=00000089EB6FB308, nBufLen=60, pRetLen=00000089EB6FB2E4, waittime=1000.]
[2026-03-25T13:16:30.204 info Netsdk:63708 13112:47060 dhnetsdk.cpp:8205]Leave CLIENT_QueryDevState.ret:1.
[2026-03-25T13:16:30.340 info Netsdk:63708 50640:19964 dhnetsdk.cpp:8205]Leave CLIENT_QueryDevState.ret:1.
[2026-03-25T13:16:30.348 info Netsdk:63708 50640:19964 dhnetsdk.cpp:1288]Enter CLIENT_RealPlayEx. lLoginID:-1694319040. nChannelID:0. rType:0
[2026-03-25T13:16:30.798 error Netsdk:63708 50640:19964 Generation2ProtocolSecureTransmit.cpp:661]Not find
[2026-03-25T13:16:30.798 info Netsdk:63708 50640:19964 DevConfigEx.cpp:11689]IN SetupSession PORT=0 and PORT: 37777
[2026-03-25T13:16:30.910 info Netsdk:63708 50640:19964 dhnetsdk.cpp:1354]Leave CLIENT_RealPlayEx. ret:-1694245120
[2026-03-25T13:17:04.688 info Netsdk:63708 13112:47060 dhnetsdk.cpp:1075]Enter CLIENT_Logout. lLoginID:-956255296.
[2026-03-25T13:17:04.690 error Netsdk:63708 13112:47060 TPTCPClient.cpp:723]Device is not online, ip:192.168.1.23
[2026-03-25T13:17:04.690 info Netsdk:63708 13112:47060 dhnetsdk.cpp:1097]Leave CLIENT_Logout. ret:1
[2026-03-25T13:17:04.861 info Netsdk:63708 50640:19964 dhnetsdk.cpp:2090]Enter CLIENT_StopRealPlayEx. lRealHandle:-1694245120.
[2026-03-25T13:17:04.875 info Netsdk:63708 50640:19964 dhnetsdk.cpp:2104]Leave CLIENT_StopRealPlayEx. ret:1
[2026-03-25T13:17:04.875 info Netsdk:63708 50640:19964 dhnetsdk.cpp:1075]Enter CLIENT_Logout. lLoginID:-1694319040.
[2026-03-25T13:17:04.876 error Netsdk:63708 50640:19964 TPTCPClient.cpp:723]Device is not online, ip:192.168.1.23
[2026-03-25T13:17:04.876 info Netsdk:63708 50640:19964 dhnetsdk.cpp:1097]Leave CLIENT_Logout. ret:1
Begin Time:2026-03-25T13:17:06.482
[2026-03-25T13:17:06.482 info Netsdk:63708 14828:10316 AVNetSDKMgr.cpp:504]Load avnetsdk library dynamically
[2026-03-25T13:17:06.494 info Netsdk:63708 14828:10316 AVNetSDKMgr.cpp:549]avnetsdk module handle: 0000023BEB130000

[2026-03-25T13:17:06.494 info Netsdk:63708 14828:10316 AVNetSDKMgr.cpp:823]Load configsdk dynamically
[2026-03-25T13:17:06.496 info Netsdk:63708 14828:10316 dhnetsdk.cpp:352]Enter CLIENT_SetNetworkParam:[nWaittime=0, nConnectTime=0, nConnectTryNum=2, nSubConnectSpaceTime=0, nGetDevInfoTime=3000, nConnectBufSize=0, nGetConnInfoTime=0, nSearchRecordTime=0, nsubDisconnetTime=0, byNetType=0, byPlaybackBufSize=0, bDetectDisconnTime=0, bKeepLifeInterval=0, nPicBufSize=0].
[2026-03-25T13:17:06.496 info Netsdk:63708 14828:10316 dhnetsdk.cpp:367]Leave CLIENT_SetNetworkParam.
[2026-03-25T13:17:06.496 info Netsdk:63708 14828:10316 dhnetsdk.cpp:302]Enter CLIENT_SetAutoReconnect:[cbAutoConnect=00007FF6EAD2A000, dwUser=000000C1980FE620].
[2026-03-25T13:17:06.496 info Netsdk:63708 14828:10316 dhnetsdk.cpp:304]Leave CLIENT_SetAutoReconnect.
[2026-03-25T13:17:06.515 info Netsdk:63708 14828:10316 dhnetsdk.cpp:991]Enter CLIENT_LoginWithHighLevelSecurity. pstInParam:000000C1980FCBC0, pstOutParam:000000C1980FCCC0.
[2026-03-25T13:17:06.515 info Netsdk:63708 14828:10316 dhnetsdk.cpp:1007]IP:192.168.1.23, port:37777, SpeCap:0, CapParam:0000000000000000, TLSCap:0
[2026-03-25T13:17:06.707 info Netsdk:63708 14828:10316 dhnetsdk.cpp:1054]Leave CLIENT_LoginWithHighLevelSecurity. error:0, login ID:-439780880.
[2026-03-25T13:17:06.710 info Netsdk:63708 14828:10316 dhnetsdk.cpp:8181]Enter CLIENT_QueryDevState. [lLoginID=-439780880, nType=4, pBuf=000000C1980FB200, nBufLen=3076, pRetLen=000000C1980FCA54, waittime=3000.]
[2026-03-25T13:17:06.719 info Netsdk:63708 14828:10316 dhnetsdk.cpp:8205]Leave CLIENT_QueryDevState.ret:1.
Begin Time:2026-03-25T13:19:05.220
[2026-03-25T13:19:05.220 info Netsdk:63708 21956:23560 AVNetSDKMgr.cpp:504]Load avnetsdk library dynamically
[2026-03-25T13:19:05.235 info Netsdk:63708 21956:23560 AVNetSDKMgr.cpp:549]avnetsdk module handle: 000001D6F03C0000

[2026-03-25T13:19:05.235 info Netsdk:63708 21956:23560 AVNetSDKMgr.cpp:823]Load configsdk dynamically
[2026-03-25T13:19:05.240 info Netsdk:63708 21956:23560 dhnetsdk.cpp:352]Enter CLIENT_SetNetworkParam:[nWaittime=0, nConnectTime=0, nConnectTryNum=2, nSubConnectSpaceTime=0, nGetDevInfoTime=3000, nConnectBufSize=0, nGetConnInfoTime=0, nSearchRecordTime=0, nsubDisconnetTime=0, byNetType=0, byPlaybackBufSize=0, bDetectDisconnTime=0, bKeepLifeInterval=0, nPicBufSize=0].
[2026-03-25T13:19:05.240 info Netsdk:63708 21956:23560 dhnetsdk.cpp:367]Leave CLIENT_SetNetworkParam.
[2026-03-25T13:19:05.240 info Netsdk:63708 21956:23560 dhnetsdk.cpp:302]Enter CLIENT_SetAutoReconnect:[cbAutoConnect=00007FF6EAD2A000, dwUser=000000664DD3E9C0].
[2026-03-25T13:19:05.240 info Netsdk:63708 21956:23560 dhnetsdk.cpp:304]Leave CLIENT_SetAutoReconnect.
[2026-03-25T13:19:05.507 info Netsdk:63708 21956:23560 dhnetsdk.cpp:991]Enter CLIENT_LoginWithHighLevelSecurity. pstInParam:000000664DD3CF60, pstOutParam:000000664DD3D060.
[2026-03-25T13:19:05.507 info Netsdk:63708 21956:23560 dhnetsdk.cpp:1007]IP:192.168.1.23, port:37777, SpeCap:0, CapParam:0000000000000000, TLSCap:0
Begin Time:2026-03-25T13:19:05.514
[2026-03-25T13:19:05.514 info Netsdk:63708 44912:14596 AVNetSDKMgr.cpp:504]Load avnetsdk library dynamically
[2026-03-25T13:19:05.516 info Netsdk:63708 44912:14596 AVNetSDKMgr.cpp:549]avnetsdk module handle: 000001FB883E0000

[2026-03-25T13:19:05.516 info Netsdk:63708 44912:14596 AVNetSDKMgr.cpp:823]Load configsdk dynamically
[2026-03-25T13:19:05.518 info Netsdk:63708 44912:14596 dhnetsdk.cpp:302]Enter CLIENT_SetAutoReconnect:[cbAutoConnect=00007FF6FE91A109, dwUser=000000D1829ECEA0].
[2026-03-25T13:19:05.518 info Netsdk:63708 44912:14596 dhnetsdk.cpp:304]Leave CLIENT_SetAutoReconnect.
[2026-03-25T13:19:05.538 info Netsdk:63708 44912:14596 dhnetsdk.cpp:991]Enter CLIENT_LoginWithHighLevelSecurity. pstInParam:000000D1829EB360, pstOutParam:000000D1829EB460.
[2026-03-25T13:19:05.538 info Netsdk:63708 44912:14596 dhnetsdk.cpp:1007]IP:192.168.1.23, port:37777, SpeCap:0, CapParam:0000000000000000, TLSCap:0
[2026-03-25T13:19:05.762 info Netsdk:63708 21956:23560 dhnetsdk.cpp:1054]Leave CLIENT_LoginWithHighLevelSecurity. error:0, login ID:-355157520.
[2026-03-25T13:19:05.766 info Netsdk:63708 21956:23560 dhnetsdk.cpp:8181]Enter CLIENT_QueryDevState. [lLoginID=-355157520, nType=4, pBuf=000000664DD3B5A0, nBufLen=3076, pRetLen=000000664DD3CDF4, waittime=3000.]
[2026-03-25T13:19:05.793 info Netsdk:63708 21956:23560 dhnetsdk.cpp:8205]Leave CLIENT_QueryDevState.ret:1.
[2026-03-25T13:19:05.793 info Netsdk:63708 44912:14596 dhnetsdk.cpp:1054]Leave CLIENT_LoginWithHighLevelSecurity. error:0, login ID:-22566144.
[2026-03-25T13:19:05.799 info Netsdk:63708 44912:14596 dhnetsdk.cpp:8181]Enter CLIENT_QueryDevState. [lLoginID=-22566144, nType=82, pBuf=000000D1829EB588, nBufLen=60, pRetLen=000000D1829EB564, waittime=1000.]
[2026-03-25T13:19:05.908 info Netsdk:63708 44912:14596 dhnetsdk.cpp:8205]Leave CLIENT_QueryDevState.ret:1.
[2026-03-25T13:19:05.917 info Netsdk:63708 44912:14596 dhnetsdk.cpp:1288]Enter CLIENT_RealPlayEx. lLoginID:-22566144. nChannelID:0. rType:0
[2026-03-25T13:19:06.266 error Netsdk:63708 44912:14596 Generation2ProtocolSecureTransmit.cpp:661]Not find
[2026-03-25T13:19:06.266 info Netsdk:63708 44912:14596 DevConfigEx.cpp:11689]IN SetupSession PORT=0 and PORT: 37777
[2026-03-25T13:19:06.353 info Netsdk:63708 44912:14596 dhnetsdk.cpp:1354]Leave CLIENT_RealPlayEx. ret:-22550288
[2026-03-25T13:19:50.238 info Netsdk:63708 21956:23560 dhnetsdk.cpp:1075]Enter CLIENT_Logout. lLoginID:-355157520.
[2026-03-25T13:19:50.239 error Netsdk:63708 21956:23560 TPTCPClient.cpp:723]Device is not online, ip:192.168.1.23
[2026-03-25T13:19:50.239 info Netsdk:63708 21956:23560 dhnetsdk.cpp:1097]Leave CLIENT_Logout. ret:1
[2026-03-25T13:19:50.553 info Netsdk:63708 44912:14596 dhnetsdk.cpp:2090]Enter CLIENT_StopRealPlayEx. lRealHandle:-22550288.
[2026-03-25T13:19:50.562 info Netsdk:63708 44912:14596 dhnetsdk.cpp:2104]Leave CLIENT_StopRealPlayEx. ret:1
[2026-03-25T13:19:50.562 info Netsdk:63708 44912:14596 dhnetsdk.cpp:1075]Enter CLIENT_Logout. lLoginID:-22566144.
[2026-03-25T13:19:50.562 error Netsdk:63708 44912:14596 TPTCPClient.cpp:723]Device is not online, ip:192.168.1.23
[2026-03-25T13:19:50.562 info Netsdk:63708 44912:14596 dhnetsdk.cpp:1097]Leave CLIENT_Logout. ret:1
Begin Time:2026-03-25T13:34:53.451
[2026-03-25T13:34:53.451 info Netsdk:63708 24728:25384 AVNetSDKMgr.cpp:504]Load avnetsdk library dynamically
Begin Time:2026-03-25T13:34:53.464
[2026-03-25T13:34:53.464 info Netsdk:63708 38536:34812 AVNetSDKMgr.cpp:504]Load avnetsdk library dynamically
[2026-03-25T13:34:53.467 info Netsdk:63708 38536:34812 AVNetSDKMgr.cpp:549]avnetsdk module handle: 0000025EC46C0000

[2026-03-25T13:34:53.467 info Netsdk:63708 38536:34812 AVNetSDKMgr.cpp:823]Load configsdk dynamically
[2026-03-25T13:34:53.469 info Netsdk:63708 38536:34812 dhnetsdk.cpp:302]Enter CLIENT_SetAutoReconnect:[cbAutoConnect=00007FF6FE91A109, dwUser=0000006D3412D240].
[2026-03-25T13:34:53.469 info Netsdk:63708 38536:34812 dhnetsdk.cpp:304]Leave CLIENT_SetAutoReconnect.
[2026-03-25T13:34:53.471 info Netsdk:63708 24728:25384 AVNetSDKMgr.cpp:549]avnetsdk module handle: 00000216768A0000

[2026-03-25T13:34:53.471 info Netsdk:63708 24728:25384 AVNetSDKMgr.cpp:823]Load configsdk dynamically
[2026-03-25T13:34:53.474 info Netsdk:63708 24728:25384 dhnetsdk.cpp:352]Enter CLIENT_SetNetworkParam:[nWaittime=0, nConnectTime=0, nConnectTryNum=2, nSubConnectSpaceTime=0, nGetDevInfoTime=3000, nConnectBufSize=0, nGetConnInfoTime=0, nSearchRecordTime=0, nsubDisconnetTime=0, byNetType=0, byPlaybackBufSize=0, bDetectDisconnTime=0, bKeepLifeInterval=0, nPicBufSize=0].
[2026-03-25T13:34:53.474 info Netsdk:63708 24728:25384 dhnetsdk.cpp:367]Leave CLIENT_SetNetworkParam.
[2026-03-25T13:34:53.474 info Netsdk:63708 24728:25384 dhnetsdk.cpp:302]Enter CLIENT_SetAutoReconnect:[cbAutoConnect=00007FF6EAD2A000, dwUser=0000004DF62FE4B0].
[2026-03-25T13:34:53.474 info Netsdk:63708 24728:25384 dhnetsdk.cpp:304]Leave CLIENT_SetAutoReconnect.
[2026-03-25T13:34:53.488 info Netsdk:63708 38536:34812 dhnetsdk.cpp:991]Enter CLIENT_LoginWithHighLevelSecurity. pstInParam:0000006D3412B700, pstOutParam:0000006D3412B800.
[2026-03-25T13:34:53.488 info Netsdk:63708 38536:34812 dhnetsdk.cpp:1007]IP:192.168.1.23, port:37777, SpeCap:0, CapParam:0000000000000000, TLSCap:0
[2026-03-25T13:34:53.527 info Netsdk:63708 24728:25384 dhnetsdk.cpp:991]Enter CLIENT_LoginWithHighLevelSecurity. pstInParam:0000004DF62FCA50, pstOutParam:0000004DF62FCB50.
[2026-03-25T13:34:53.527 info Netsdk:63708 24728:25384 dhnetsdk.cpp:1007]IP:192.168.1.23, port:37777, SpeCap:0, CapParam:0000000000000000, TLSCap:0
[2026-03-25T13:34:54.989 error Netsdk:63708 38536:34812 TPTCPClient.cpp:522]Connect host failed, ip:192.168.1.23
[2026-03-25T13:34:54.989 error Netsdk:63708 38536:34812 dhdevprob.cpp:3509]Login failed, Failed to create main connection
[2026-03-25T13:34:54.989 error Netsdk:63708 38536:34812 Manager.cpp:11471]device is NULL
[2026-03-25T13:34:54.989 error Netsdk:63708 38536:34812 Manager.cpp:11572]Login device failed, errorcode:9!
[2026-03-25T13:34:54.989 error Netsdk:63708 38536:34812 dhnetsdk.cpp:1050]Login failed, ip:192.168.1.23, port:37777, specCap:0!
[2026-03-25T13:34:54.989 info Netsdk:63708 38536:34812 dhnetsdk.cpp:1054]Leave CLIENT_LoginWithHighLevelSecurity. error:9, login ID:0.
[2026-03-25T13:34:55.029 error Netsdk:63708 24728:25384 TPTCPClient.cpp:522]Connect host failed, ip:192.168.1.23
[2026-03-25T13:34:56.530 error Netsdk:63708 24728:25384 TPTCPClient.cpp:522]Connect host failed, ip:192.168.1.23
[2026-03-25T13:34:56.530 error Netsdk:63708 24728:25384 dhdevprob.cpp:3509]Login failed, Failed to create main connection
[2026-03-25T13:34:56.530 error Netsdk:63708 24728:25384 Manager.cpp:11471]device is NULL
[2026-03-25T13:34:56.530 error Netsdk:63708 24728:25384 Manager.cpp:11572]Login device failed, errorcode:9!
[2026-03-25T13:34:56.530 error Netsdk:63708 24728:25384 dhnetsdk.cpp:1050]Login failed, ip:192.168.1.23, port:37777, specCap:0!
[2026-03-25T13:34:56.530 info Netsdk:63708 24728:25384 dhnetsdk.cpp:1054]Leave CLIENT_LoginWithHighLevelSecurity. error:9, login ID:0.
Begin Time:2026-03-25T13:34:58.391
[2026-03-25T13:34:58.391 info Netsdk:63708 49360:48188 AVNetSDKMgr.cpp:504]Load avnetsdk library dynamically
[2026-03-25T13:34:58.410 info Netsdk:63708 49360:48188 AVNetSDKMgr.cpp:549]avnetsdk module handle: 00000236FB630000

[2026-03-25T13:34:58.410 info Netsdk:63708 49360:48188 AVNetSDKMgr.cpp:823]Load configsdk dynamically
[2026-03-25T13:34:58.412 info Netsdk:63708 49360:48188 dhnetsdk.cpp:352]Enter CLIENT_SetNetworkParam:[nWaittime=0, nConnectTime=0, nConnectTryNum=2, nSubConnectSpaceTime=0, nGetDevInfoTime=3000, nConnectBufSize=0, nGetConnInfoTime=0, nSearchRecordTime=0, nsubDisconnetTime=0, byNetType=0, byPlaybackBufSize=0, bDetectDisconnTime=0, bKeepLifeInterval=0, nPicBufSize=0].
[2026-03-25T13:34:58.412 info Netsdk:63708 49360:48188 dhnetsdk.cpp:367]Leave CLIENT_SetNetworkParam.
[2026-03-25T13:34:58.412 info Netsdk:63708 49360:48188 dhnetsdk.cpp:302]Enter CLIENT_SetAutoReconnect:[cbAutoConnect=00007FF6EAD2A000, dwUser=000000666299E980].
[2026-03-25T13:34:58.412 info Netsdk:63708 49360:48188 dhnetsdk.cpp:304]Leave CLIENT_SetAutoReconnect.
[2026-03-25T13:34:58.812 info Netsdk:63708 49360:48188 dhnetsdk.cpp:991]Enter CLIENT_LoginWithHighLevelSecurity. pstInParam:000000666299CF20, pstOutParam:000000666299D020.
[2026-03-25T13:34:58.812 info Netsdk:63708 49360:48188 dhnetsdk.cpp:1007]IP:192.168.1.23, port:37777, SpeCap:0, CapParam:0000000000000000, TLSCap:0
Begin Time:2026-03-25T13:34:58.950
[2026-03-25T13:34:58.950 info Netsdk:63708 14916:14512 AVNetSDKMgr.cpp:504]Load avnetsdk library dynamically
[2026-03-25T13:34:58.952 info Netsdk:63708 14916:14512 AVNetSDKMgr.cpp:549]avnetsdk module handle: 000002069EB70000

[2026-03-25T13:34:58.952 info Netsdk:63708 14916:14512 AVNetSDKMgr.cpp:823]Load configsdk dynamically
[2026-03-25T13:34:58.952 info Netsdk:63708 14916:14512 dhnetsdk.cpp:302]Enter CLIENT_SetAutoReconnect:[cbAutoConnect=00007FF6FE91A109, dwUser=000000ACDD17CF70].
[2026-03-25T13:34:58.952 info Netsdk:63708 14916:14512 dhnetsdk.cpp:304]Leave CLIENT_SetAutoReconnect.
[2026-03-25T13:34:58.974 info Netsdk:63708 14916:14512 dhnetsdk.cpp:991]Enter CLIENT_LoginWithHighLevelSecurity. pstInParam:000000ACDD17B430, pstOutParam:000000ACDD17B530.
[2026-03-25T13:34:58.974 info Netsdk:63708 14916:14512 dhnetsdk.cpp:1007]IP:192.168.1.23, port:37777, SpeCap:0, CapParam:0000000000000000, TLSCap:0
[2026-03-25T13:34:59.014 info Netsdk:63708 49360:48188 dhnetsdk.cpp:1054]Leave CLIENT_LoginWithHighLevelSecurity. error:0, login ID:-166873376.
[2026-03-25T13:34:59.020 info Netsdk:63708 49360:48188 dhnetsdk.cpp:8181]Enter CLIENT_QueryDevState. [lLoginID=-166873376, nType=4, pBuf=000000666299B560, nBufLen=3076, pRetLen=000000666299CDB4, waittime=3000.]
[2026-03-25T13:34:59.061 info Netsdk:63708 49360:48188 dhnetsdk.cpp:8205]Leave CLIENT_QueryDevState.ret:1.
[2026-03-25T13:34:59.376 info Netsdk:63708 14916:14512 dhnetsdk.cpp:1054]Leave CLIENT_LoginWithHighLevelSecurity. error:0, login ID:-1829192128.
[2026-03-25T13:34:59.384 info Netsdk:63708 14916:14512 dhnetsdk.cpp:8181]Enter CLIENT_QueryDevState. [lLoginID=-1829192128, nType=82, pBuf=000000ACDD17B658, nBufLen=60, pRetLen=000000ACDD17B634, waittime=1000.]
[2026-03-25T13:34:59.476 info Netsdk:63708 14916:14512 dhnetsdk.cpp:8205]Leave CLIENT_QueryDevState.ret:1.
[2026-03-25T13:34:59.484 info Netsdk:63708 14916:14512 dhnetsdk.cpp:1288]Enter CLIENT_RealPlayEx. lLoginID:-1829192128. nChannelID:0. rType:0
[2026-03-25T13:34:59.726 error Netsdk:63708 14916:14512 Generation2ProtocolSecureTransmit.cpp:661]Not find
[2026-03-25T13:34:59.726 info Netsdk:63708 14916:14512 DevConfigEx.cpp:11689]IN SetupSession PORT=0 and PORT: 37777
[2026-03-25T13:34:59.827 info Netsdk:63708 14916:14512 dhnetsdk.cpp:1354]Leave CLIENT_RealPlayEx. ret:-1829148064
[2026-03-25T13:36:40.961 info Netsdk:63708 14916:14512 dhnetsdk.cpp:2090]Enter CLIENT_StopRealPlayEx. lRealHandle:-1829148064.
[2026-03-25T13:36:41.005 info Netsdk:63708 14916:14512 dhnetsdk.cpp:2104]Leave CLIENT_StopRealPlayEx. ret:1
[2026-03-25T13:36:41.005 info Netsdk:63708 14916:14512 dhnetsdk.cpp:1075]Enter CLIENT_Logout. lLoginID:-1829192128.
[2026-03-25T13:36:41.006 error Netsdk:63708 14916:14512 TPTCPClient.cpp:723]Device is not online, ip:192.168.1.23
[2026-03-25T13:36:41.006 info Netsdk:63708 14916:14512 dhnetsdk.cpp:1097]Leave CLIENT_Logout. ret:1
[2026-03-25T13:36:41.442 info Netsdk:63708 49360:48188 dhnetsdk.cpp:1075]Enter CLIENT_Logout. lLoginID:-166873376.
[2026-03-25T13:36:41.443 error Netsdk:63708 49360:48188 TPTCPClient.cpp:723]Device is not online, ip:192.168.1.23
[2026-03-25T13:36:41.443 info Netsdk:63708 49360:48188 dhnetsdk.cpp:1097]Leave CLIENT_Logout. ret:1
Begin Time:2026-03-25T13:38:00.051
[2026-03-25T13:38:00.051 info Netsdk:63708 13280:26584 AVNetSDKMgr.cpp:504]Load avnetsdk library dynamically
[2026-03-25T13:38:00.074 info Netsdk:63708 13280:26584 AVNetSDKMgr.cpp:549]avnetsdk module handle: 0000020DF3CC0000

[2026-03-25T13:38:00.074 info Netsdk:63708 13280:26584 AVNetSDKMgr.cpp:823]Load configsdk dynamically
[2026-03-25T13:38:00.077 info Netsdk:63708 13280:26584 dhnetsdk.cpp:352]Enter CLIENT_SetNetworkParam:[nWaittime=0, nConnectTime=0, nConnectTryNum=2, nSubConnectSpaceTime=0, nGetDevInfoTime=3000, nConnectBufSize=0, nGetConnInfoTime=0, nSearchRecordTime=0, nsubDisconnetTime=0, byNetType=0, byPlaybackBufSize=0, bDetectDisconnTime=0, bKeepLifeInterval=0, nPicBufSize=0].
[2026-03-25T13:38:00.077 info Netsdk:63708 13280:26584 dhnetsdk.cpp:367]Leave CLIENT_SetNetworkParam.
[2026-03-25T13:38:00.077 info Netsdk:63708 13280:26584 dhnetsdk.cpp:302]Enter CLIENT_SetAutoReconnect:[cbAutoConnect=00007FF6EAD2A000, dwUser=00000020F74FE710].
[2026-03-25T13:38:00.077 info Netsdk:63708 13280:26584 dhnetsdk.cpp:304]Leave CLIENT_SetAutoReconnect.
[2026-03-25T13:38:00.174 info Netsdk:63708 13280:26584 dhnetsdk.cpp:991]Enter CLIENT_LoginWithHighLevelSecurity. pstInParam:00000020F74FCCB0, pstOutParam:00000020F74FCDB0.
[2026-03-25T13:38:00.174 info Netsdk:63708 13280:26584 dhnetsdk.cpp:1007]IP:192.168.1.23, port:37777, SpeCap:0, CapParam:0000000000000000, TLSCap:0
Begin Time:2026-03-25T13:38:00.256
[2026-03-25T13:38:00.256 info Netsdk:63708 19924:32756 AVNetSDKMgr.cpp:504]Load avnetsdk library dynamically
[2026-03-25T13:38:00.258 info Netsdk:63708 19924:32756 AVNetSDKMgr.cpp:549]avnetsdk module handle: 000001833ECA0000

[2026-03-25T13:38:00.258 info Netsdk:63708 19924:32756 AVNetSDKMgr.cpp:823]Load configsdk dynamically
[2026-03-25T13:38:00.259 info Netsdk:63708 19924:32756 dhnetsdk.cpp:302]Enter CLIENT_SetAutoReconnect:[cbAutoConnect=00007FF6FE91A109, dwUser=0000004966BFD120].
[2026-03-25T13:38:00.259 info Netsdk:63708 19924:32756 dhnetsdk.cpp:304]Leave CLIENT_SetAutoReconnect.
[2026-03-25T13:38:00.274 info Netsdk:63708 19924:32756 dhnetsdk.cpp:991]Enter CLIENT_LoginWithHighLevelSecurity. pstInParam:0000004966BFB5E0, pstOutParam:0000004966BFB6E0.
[2026-03-25T13:38:00.274 info Netsdk:63708 19924:32756 dhnetsdk.cpp:1007]IP:192.168.1.23, port:37777, SpeCap:0, CapParam:0000000000000000, TLSCap:0
[2026-03-25T13:38:00.468 info Netsdk:63708 13280:26584 dhnetsdk.cpp:1054]Leave CLIENT_LoginWithHighLevelSecurity. error:0, login ID:-244484240.
[2026-03-25T13:38:00.474 info Netsdk:63708 13280:26584 dhnetsdk.cpp:8181]Enter CLIENT_QueryDevState. [lLoginID=-244484240, nType=4, pBuf=00000020F74FB2F0, nBufLen=3076, pRetLen=00000020F74FCB44, waittime=3000.]
[2026-03-25T13:38:00.487 info Netsdk:63708 13280:26584 dhnetsdk.cpp:8205]Leave CLIENT_QueryDevState.ret:1.
[2026-03-25T13:38:00.523 info Netsdk:63708 19924:32756 dhnetsdk.cpp:1054]Leave CLIENT_LoginWithHighLevelSecurity. error:0, login ID:1027975104.
[2026-03-25T13:38:00.537 info Netsdk:63708 19924:32756 dhnetsdk.cpp:8181]Enter CLIENT_QueryDevState. [lLoginID=1027975104, nType=82, pBuf=0000004966BFB808, nBufLen=60, pRetLen=0000004966BFB7E4, waittime=1000.]
[2026-03-25T13:38:00.651 info Netsdk:63708 19924:32756 dhnetsdk.cpp:8205]Leave CLIENT_QueryDevState.ret:1.
[2026-03-25T13:38:00.663 info Netsdk:63708 19924:32756 dhnetsdk.cpp:1288]Enter CLIENT_RealPlayEx. lLoginID:1027975104. nChannelID:0. rType:0
[2026-03-25T13:38:01.441 error Netsdk:63708 19924:32756 Generation2ProtocolSecureTransmit.cpp:661]Not find
[2026-03-25T13:38:01.441 info Netsdk:63708 19924:32756 DevConfigEx.cpp:11689]IN SetupSession PORT=0 and PORT: 37777
[2026-03-25T13:38:01.521 info Netsdk:63708 19924:32756 dhnetsdk.cpp:1354]Leave CLIENT_RealPlayEx. ret:1059919392
[2026-03-25T13:38:35.103 info Netsdk:63708 13280:26584 dhnetsdk.cpp:1075]Enter CLIENT_Logout. lLoginID:-244484240.
[2026-03-25T13:38:35.104 error Netsdk:63708 13280:26584 TPTCPClient.cpp:723]Device is not online, ip:192.168.1.23
[2026-03-25T13:38:35.104 info Netsdk:63708 13280:26584 dhnetsdk.cpp:1097]Leave CLIENT_Logout. ret:1
[2026-03-25T13:38:35.274 info Netsdk:63708 19924:32756 dhnetsdk.cpp:2090]Enter CLIENT_StopRealPlayEx. lRealHandle:1059919392.
[2026-03-25T13:38:35.284 info Netsdk:63708 19924:32756 dhnetsdk.cpp:2104]Leave CLIENT_StopRealPlayEx. ret:1
[2026-03-25T13:38:35.284 info Netsdk:63708 19924:32756 dhnetsdk.cpp:1075]Enter CLIENT_Logout. lLoginID:1027975104.
[2026-03-25T13:38:35.285 error Netsdk:63708 19924:32756 TPTCPClient.cpp:723]Device is not online, ip:192.168.1.23
[2026-03-25T13:38:35.285 info Netsdk:63708 19924:32756 dhnetsdk.cpp:1097]Leave CLIENT_Logout. ret:1
Begin Time:2026-03-25T13:39:24.868
[2026-03-25T13:39:24.868 info Netsdk:63708 19888:28984 AVNetSDKMgr.cpp:504]Load avnetsdk library dynamically
[2026-03-25T13:39:24.888 info Netsdk:63708 19888:28984 AVNetSDKMgr.cpp:549]avnetsdk module handle: 00000193EDA30000

[2026-03-25T13:39:24.888 info Netsdk:63708 19888:28984 AVNetSDKMgr.cpp:823]Load configsdk dynamically
[2026-03-25T13:39:24.891 info Netsdk:63708 19888:28984 dhnetsdk.cpp:352]Enter CLIENT_SetNetworkParam:[nWaittime=0, nConnectTime=0, nConnectTryNum=2, nSubConnectSpaceTime=0, nGetDevInfoTime=3000, nConnectBufSize=0, nGetConnInfoTime=0, nSearchRecordTime=0, nsubDisconnetTime=0, byNetType=0, byPlaybackBufSize=0, bDetectDisconnTime=0, bKeepLifeInterval=0, nPicBufSize=0].
[2026-03-25T13:39:24.891 info Netsdk:63708 19888:28984 dhnetsdk.cpp:367]Leave CLIENT_SetNetworkParam.
[2026-03-25T13:39:24.892 info Netsdk:63708 19888:28984 dhnetsdk.cpp:302]Enter CLIENT_SetAutoReconnect:[cbAutoConnect=00007FF6EAD2A000, dwUser=0000001D302FE920].
[2026-03-25T13:39:24.892 info Netsdk:63708 19888:28984 dhnetsdk.cpp:304]Leave CLIENT_SetAutoReconnect.
[2026-03-25T13:39:25.013 info Netsdk:63708 19888:28984 dhnetsdk.cpp:991]Enter CLIENT_LoginWithHighLevelSecurity. pstInParam:0000001D302FCEC0, pstOutParam:0000001D302FCFC0.
[2026-03-25T13:39:25.013 info Netsdk:63708 19888:28984 dhnetsdk.cpp:1007]IP:192.168.1.23, port:37777, SpeCap:0, CapParam:0000000000000000, TLSCap:0
Begin Time:2026-03-25T13:39:25.035
[2026-03-25T13:39:25.035 info Netsdk:63708 33248:28864 AVNetSDKMgr.cpp:504]Load avnetsdk library dynamically
[2026-03-25T13:39:25.037 info Netsdk:63708 33248:28864 AVNetSDKMgr.cpp:549]avnetsdk module handle: 00000203ECCD0000

[2026-03-25T13:39:25.037 info Netsdk:63708 33248:28864 AVNetSDKMgr.cpp:823]Load configsdk dynamically
[2026-03-25T13:39:25.038 info Netsdk:63708 33248:28864 dhnetsdk.cpp:302]Enter CLIENT_SetAutoReconnect:[cbAutoConnect=00007FF6FE91A109, dwUser=000000B4C3CFCE80].
[2026-03-25T13:39:25.038 info Netsdk:63708 33248:28864 dhnetsdk.cpp:304]Leave CLIENT_SetAutoReconnect.
[2026-03-25T13:39:25.058 info Netsdk:63708 33248:28864 dhnetsdk.cpp:991]Enter CLIENT_LoginWithHighLevelSecurity. pstInParam:000000B4C3CFB340, pstOutParam:000000B4C3CFB440.
[2026-03-25T13:39:25.058 info Netsdk:63708 33248:28864 dhnetsdk.cpp:1007]IP:192.168.1.23, port:37777, SpeCap:0, CapParam:0000000000000000, TLSCap:0
[2026-03-25T13:39:25.217 info Netsdk:63708 19888:28984 dhnetsdk.cpp:1054]Leave CLIENT_LoginWithHighLevelSecurity. error:0, login ID:-328495632.
[2026-03-25T13:39:25.227 info Netsdk:63708 19888:28984 dhnetsdk.cpp:8181]Enter CLIENT_QueryDevState. [lLoginID=-328495632, nType=4, pBuf=0000001D302FB500, nBufLen=3076, pRetLen=0000001D302FCD54, waittime=3000.]
[2026-03-25T13:39:25.247 info Netsdk:63708 19888:28984 dhnetsdk.cpp:8205]Leave CLIENT_QueryDevState.ret:1.
[2026-03-25T13:39:25.261 info Netsdk:63708 33248:28864 dhnetsdk.cpp:1054]Leave CLIENT_LoginWithHighLevelSecurity. error:0, login ID:-347637264.
[2026-03-25T13:39:25.295 info Netsdk:63708 33248:28864 dhnetsdk.cpp:8181]Enter CLIENT_QueryDevState. [lLoginID=-347637264, nType=82, pBuf=000000B4C3CFB568, nBufLen=60, pRetLen=000000B4C3CFB544, waittime=1000.]
[2026-03-25T13:39:25.540 info Netsdk:63708 33248:28864 dhnetsdk.cpp:8205]Leave CLIENT_QueryDevState.ret:1.
[2026-03-25T13:39:25.554 info Netsdk:63708 33248:28864 dhnetsdk.cpp:1288]Enter CLIENT_RealPlayEx. lLoginID:-347637264. nChannelID:0. rType:0
[2026-03-25T13:39:26.349 error Netsdk:63708 33248:28864 Generation2ProtocolSecureTransmit.cpp:661]Not find
[2026-03-25T13:39:26.350 info Netsdk:63708 33248:28864 DevConfigEx.cpp:11689]IN SetupSession PORT=0 and PORT: 37777
[2026-03-25T13:39:26.443 info Netsdk:63708 33248:28864 dhnetsdk.cpp:1354]Leave CLIENT_RealPlayEx. ret:-347610784
[2026-03-25T13:39:58.913 info Netsdk:63708 19888:28984 dhnetsdk.cpp:1075]Enter CLIENT_Logout. lLoginID:-328495632.
[2026-03-25T13:39:58.913 error Netsdk:63708 19888:28984 TPTCPClient.cpp:723]Device is not online, ip:192.168.1.23
[2026-03-25T13:39:58.913 info Netsdk:63708 19888:28984 dhnetsdk.cpp:1097]Leave CLIENT_Logout. ret:1
[2026-03-25T13:39:59.035 info Netsdk:63708 33248:28864 dhnetsdk.cpp:2090]Enter CLIENT_StopRealPlayEx. lRealHandle:-347610784.
[2026-03-25T13:39:59.065 info Netsdk:63708 33248:28864 dhnetsdk.cpp:2104]Leave CLIENT_StopRealPlayEx. ret:1
[2026-03-25T13:39:59.065 info Netsdk:63708 33248:28864 dhnetsdk.cpp:1075]Enter CLIENT_Logout. lLoginID:-347637264.
[2026-03-25T13:39:59.065 error Netsdk:63708 33248:28864 TPTCPClient.cpp:723]Device is not online, ip:192.168.1.23
[2026-03-25T13:39:59.065 info Netsdk:63708 33248:28864 dhnetsdk.cpp:1097]Leave CLIENT_Logout. ret:1
Begin Time:2026-03-25T13:40:09.233
[2026-03-25T13:40:09.233 info Netsdk:63708 20488:36376 AVNetSDKMgr.cpp:504]Load avnetsdk library dynamically
[2026-03-25T13:40:09.249 info Netsdk:63708 20488:36376 AVNetSDKMgr.cpp:549]avnetsdk module handle: 00000209CA3B0000

[2026-03-25T13:40:09.249 info Netsdk:63708 20488:36376 AVNetSDKMgr.cpp:823]Load configsdk dynamically
[2026-03-25T13:40:09.253 info Netsdk:63708 20488:36376 dhnetsdk.cpp:352]Enter CLIENT_SetNetworkParam:[nWaittime=0, nConnectTime=0, nConnectTryNum=2, nSubConnectSpaceTime=0, nGetDevInfoTime=3000, nConnectBufSize=0, nGetConnInfoTime=0, nSearchRecordTime=0, nsubDisconnetTime=0, byNetType=0, byPlaybackBufSize=0, bDetectDisconnTime=0, bKeepLifeInterval=0, nPicBufSize=0].
[2026-03-25T13:40:09.253 info Netsdk:63708 20488:36376 dhnetsdk.cpp:367]Leave CLIENT_SetNetworkParam.
[2026-03-25T13:40:09.254 info Netsdk:63708 20488:36376 dhnetsdk.cpp:302]Enter CLIENT_SetAutoReconnect:[cbAutoConnect=00007FF6EAD2A000, dwUser=000000E918D5E410].
[2026-03-25T13:40:09.254 info Netsdk:63708 20488:36376 dhnetsdk.cpp:304]Leave CLIENT_SetAutoReconnect.
[2026-03-25T13:40:09.605 info Netsdk:63708 20488:36376 dhnetsdk.cpp:991]Enter CLIENT_LoginWithHighLevelSecurity. pstInParam:000000E918D5C9B0, pstOutParam:000000E918D5CAB0.
[2026-03-25T13:40:09.605 info Netsdk:63708 20488:36376 dhnetsdk.cpp:1007]IP:192.168.1.23, port:37777, SpeCap:0, CapParam:0000000000000000, TLSCap:0
Begin Time:2026-03-25T13:40:09.634
[2026-03-25T13:40:09.634 info Netsdk:63708 35396:30324 AVNetSDKMgr.cpp:504]Load avnetsdk library dynamically
[2026-03-25T13:40:09.637 info Netsdk:63708 35396:30324 AVNetSDKMgr.cpp:549]avnetsdk module handle: 000001A4BCA90000

[2026-03-25T13:40:09.637 info Netsdk:63708 35396:30324 AVNetSDKMgr.cpp:823]Load configsdk dynamically
[2026-03-25T13:40:09.638 info Netsdk:63708 35396:30324 dhnetsdk.cpp:302]Enter CLIENT_SetAutoReconnect:[cbAutoConnect=00007FF6FE91A109, dwUser=0000005D1FCFD070].
[2026-03-25T13:40:09.638 info Netsdk:63708 35396:30324 dhnetsdk.cpp:304]Leave CLIENT_SetAutoReconnect.
[2026-03-25T13:40:09.668 info Netsdk:63708 35396:30324 dhnetsdk.cpp:991]Enter CLIENT_LoginWithHighLevelSecurity. pstInParam:0000005D1FCFB530, pstOutParam:0000005D1FCFB630.
[2026-03-25T13:40:09.668 info Netsdk:63708 35396:30324 dhnetsdk.cpp:1007]IP:192.168.1.23, port:37777, SpeCap:0, CapParam:0000000000000000, TLSCap:0
[2026-03-25T13:40:09.880 info Netsdk:63708 20488:36376 dhnetsdk.cpp:1054]Leave CLIENT_LoginWithHighLevelSecurity. error:0, login ID:-921779712.
[2026-03-25T13:40:09.890 info Netsdk:63708 20488:36376 dhnetsdk.cpp:8181]Enter CLIENT_QueryDevState. [lLoginID=-921779712, nType=4, pBuf=000000E918D5AFF0, nBufLen=3076, pRetLen=000000E918D5C844, waittime=3000.]
[2026-03-25T13:40:09.920 info Netsdk:63708 20488:36376 dhnetsdk.cpp:8205]Leave CLIENT_QueryDevState.ret:1.
[2026-03-25T13:40:09.926 info Netsdk:63708 35396:30324 dhnetsdk.cpp:1054]Leave CLIENT_LoginWithHighLevelSecurity. error:0, login ID:-1323581888.
[2026-03-25T13:40:09.934 info Netsdk:63708 35396:30324 dhnetsdk.cpp:8181]Enter CLIENT_QueryDevState. [lLoginID=-1323581888, nType=82, pBuf=0000005D1FCFB758, nBufLen=60, pRetLen=0000005D1FCFB734, waittime=1000.]
[2026-03-25T13:40:10.066 info Netsdk:63708 35396:30324 dhnetsdk.cpp:8205]Leave CLIENT_QueryDevState.ret:1.
[2026-03-25T13:40:10.080 info Netsdk:63708 35396:30324 dhnetsdk.cpp:1288]Enter CLIENT_RealPlayEx. lLoginID:-1323581888. nChannelID:0. rType:0
[2026-03-25T13:40:10.854 error Netsdk:63708 35396:30324 Generation2ProtocolSecureTransmit.cpp:661]Not find
[2026-03-25T13:40:10.854 info Netsdk:63708 35396:30324 DevConfigEx.cpp:11689]IN SetupSession PORT=0 and PORT: 37777
[2026-03-25T13:40:10.964 info Netsdk:63708 35396:30324 dhnetsdk.cpp:1354]Leave CLIENT_RealPlayEx. ret:-1323560048
[2026-03-25T13:41:47.639 info Netsdk:63708 35396:30324 dhnetsdk.cpp:2090]Enter CLIENT_StopRealPlayEx. lRealHandle:-1323560048.
[2026-03-25T13:41:47.653 info Netsdk:63708 35396:30324 dhnetsdk.cpp:2104]Leave CLIENT_StopRealPlayEx. ret:1
[2026-03-25T13:41:47.653 info Netsdk:63708 35396:30324 dhnetsdk.cpp:1075]Enter CLIENT_Logout. lLoginID:-1323581888.
[2026-03-25T13:41:47.653 error Netsdk:63708 35396:30324 TPTCPClient.cpp:723]Device is not online, ip:192.168.1.23
[2026-03-25T13:41:47.653 info Netsdk:63708 35396:30324 dhnetsdk.cpp:1097]Leave CLIENT_Logout. ret:1
[2026-03-25T13:41:48.266 info Netsdk:63708 20488:36376 dhnetsdk.cpp:1075]Enter CLIENT_Logout. lLoginID:-921779712.
[2026-03-25T13:41:48.267 error Netsdk:63708 20488:36376 TPTCPClient.cpp:723]Device is not online, ip:192.168.1.23
[2026-03-25T13:41:48.267 info Netsdk:63708 20488:36376 dhnetsdk.cpp:1097]Leave CLIENT_Logout. ret:1
Begin Time:2026-03-25T13:42:02.980
[2026-03-25T13:42:02.980 info Netsdk:63708 26360:5568 AVNetSDKMgr.cpp:504]Load avnetsdk library dynamically
[2026-03-25T13:42:03.001 info Netsdk:63708 26360:5568 AVNetSDKMgr.cpp:549]avnetsdk module handle: 00000274B0690000

[2026-03-25T13:42:03.001 info Netsdk:63708 26360:5568 AVNetSDKMgr.cpp:823]Load configsdk dynamically
[2026-03-25T13:42:03.004 info Netsdk:63708 26360:5568 dhnetsdk.cpp:352]Enter CLIENT_SetNetworkParam:[nWaittime=0, nConnectTime=0, nConnectTryNum=2, nSubConnectSpaceTime=0, nGetDevInfoTime=3000, nConnectBufSize=0, nGetConnInfoTime=0, nSearchRecordTime=0, nsubDisconnetTime=0, byNetType=0, byPlaybackBufSize=0, bDetectDisconnTime=0, bKeepLifeInterval=0, nPicBufSize=0].
[2026-03-25T13:42:03.004 info Netsdk:63708 26360:5568 dhnetsdk.cpp:367]Leave CLIENT_SetNetworkParam.
[2026-03-25T13:42:03.004 info Netsdk:63708 26360:5568 dhnetsdk.cpp:302]Enter CLIENT_SetAutoReconnect:[cbAutoConnect=00007FF6EAD2A000, dwUser=0000007B8C4FE3D0].
[2026-03-25T13:42:03.004 info Netsdk:63708 26360:5568 dhnetsdk.cpp:304]Leave CLIENT_SetAutoReconnect.
[2026-03-25T13:42:03.422 info Netsdk:63708 26360:5568 dhnetsdk.cpp:991]Enter CLIENT_LoginWithHighLevelSecurity. pstInParam:0000007B8C4FC970, pstOutParam:0000007B8C4FCA70.
[2026-03-25T13:42:03.422 info Netsdk:63708 26360:5568 dhnetsdk.cpp:1007]IP:192.168.1.23, port:37777, SpeCap:0, CapParam:0000000000000000, TLSCap:0
Begin Time:2026-03-25T13:42:03.456
[2026-03-25T13:42:03.456 info Netsdk:63708 34520:2152 AVNetSDKMgr.cpp:504]Load avnetsdk library dynamically
[2026-03-25T13:42:03.458 info Netsdk:63708 34520:2152 AVNetSDKMgr.cpp:549]avnetsdk module handle: 0000022561F80000

[2026-03-25T13:42:03.458 info Netsdk:63708 34520:2152 AVNetSDKMgr.cpp:823]Load configsdk dynamically
[2026-03-25T13:42:03.460 info Netsdk:63708 34520:2152 dhnetsdk.cpp:302]Enter CLIENT_SetAutoReconnect:[cbAutoConnect=00007FF6FE91A109, dwUser=000000F04E2FCE20].
[2026-03-25T13:42:03.460 info Netsdk:63708 34520:2152 dhnetsdk.cpp:304]Leave CLIENT_SetAutoReconnect.
[2026-03-25T13:42:03.494 info Netsdk:63708 34520:2152 dhnetsdk.cpp:991]Enter CLIENT_LoginWithHighLevelSecurity. pstInParam:000000F04E2FB2E0, pstOutParam:000000F04E2FB3E0.
[2026-03-25T13:42:03.494 info Netsdk:63708 34520:2152 dhnetsdk.cpp:1007]IP:192.168.1.23, port:37777, SpeCap:0, CapParam:0000000000000000, TLSCap:0
[2026-03-25T13:42:03.889 info Netsdk:63708 26360:5568 dhnetsdk.cpp:1054]Leave CLIENT_LoginWithHighLevelSecurity. error:0, login ID:-1425686016.
[2026-03-25T13:42:03.908 info Netsdk:63708 26360:5568 dhnetsdk.cpp:8181]Enter CLIENT_QueryDevState. [lLoginID=-1425686016, nType=4, pBuf=0000007B8C4FAFB0, nBufLen=3076, pRetLen=0000007B8C4FC804, waittime=3000.]
[2026-03-25T13:42:03.931 info Netsdk:63708 26360:5568 dhnetsdk.cpp:8205]Leave CLIENT_QueryDevState.ret:1.
[2026-03-25T13:42:03.967 info Netsdk:63708 34520:2152 dhnetsdk.cpp:1054]Leave CLIENT_LoginWithHighLevelSecurity. error:0, login ID:1448787520.
[2026-03-25T13:42:03.972 info Netsdk:63708 34520:2152 dhnetsdk.cpp:8181]Enter CLIENT_QueryDevState. [lLoginID=1448787520, nType=82, pBuf=000000F04E2FB508, nBufLen=60, pRetLen=000000F04E2FB4E4, waittime=1000.]
[2026-03-25T13:42:04.363 info Netsdk:63708 34520:2152 dhnetsdk.cpp:8205]Leave CLIENT_QueryDevState.ret:1.
[2026-03-25T13:42:04.388 info Netsdk:63708 34520:2152 dhnetsdk.cpp:1288]Enter CLIENT_RealPlayEx. lLoginID:1448787520. nChannelID:0. rType:0
[2026-03-25T13:42:04.888 error Netsdk:63708 34520:2152 Generation2ProtocolSecureTransmit.cpp:661]Not find
[2026-03-25T13:42:04.888 info Netsdk:63708 34520:2152 DevConfigEx.cpp:11689]IN SetupSession PORT=0 and PORT: 37777
[2026-03-25T13:42:04.979 info Netsdk:63708 34520:2152 dhnetsdk.cpp:1354]Leave CLIENT_RealPlayEx. ret:1650407072
[2026-03-25T13:49:26.480 info Netsdk:63708 34520:2152 dhnetsdk.cpp:2090]Enter CLIENT_StopRealPlayEx. lRealHandle:1650407072.
[2026-03-25T13:49:26.490 info Netsdk:63708 34520:2152 dhnetsdk.cpp:2104]Leave CLIENT_StopRealPlayEx. ret:1
[2026-03-25T13:49:26.491 info Netsdk:63708 34520:2152 dhnetsdk.cpp:1075]Enter CLIENT_Logout. lLoginID:1448787520.
[2026-03-25T13:49:26.491 error Netsdk:63708 34520:2152 TPTCPClient.cpp:723]Device is not online, ip:192.168.1.23
[2026-03-25T13:49:26.491 info Netsdk:63708 34520:2152 dhnetsdk.cpp:1097]Leave CLIENT_Logout. ret:1
[2026-03-25T13:49:27.021 info Netsdk:63708 26360:5568 dhnetsdk.cpp:1075]Enter CLIENT_Logout. lLoginID:-1425686016.
[2026-03-25T13:49:27.021 error Netsdk:63708 26360:5568 TPTCPClient.cpp:723]Device is not online, ip:192.168.1.23
[2026-03-25T13:49:27.021 info Netsdk:63708 26360:5568 dhnetsdk.cpp:1097]Leave CLIENT_Logout. ret:1
Begin Time:2026-03-25T14:05:59.150
[2026-03-25T14:05:59.150 info Netsdk:63708 50096:24372 AVNetSDKMgr.cpp:504]Load avnetsdk library dynamically
[2026-03-25T14:05:59.166 info Netsdk:63708 50096:24372 AVNetSDKMgr.cpp:549]avnetsdk module handle: 000002A1287B0000

[2026-03-25T14:05:59.166 info Netsdk:63708 50096:24372 AVNetSDKMgr.cpp:823]Load configsdk dynamically
[2026-03-25T14:05:59.168 info Netsdk:63708 50096:24372 dhnetsdk.cpp:352]Enter CLIENT_SetNetworkParam:[nWaittime=0, nConnectTime=0, nConnectTryNum=2, nSubConnectSpaceTime=0, nGetDevInfoTime=3000, nConnectBufSize=0, nGetConnInfoTime=0, nSearchRecordTime=0, nsubDisconnetTime=0, byNetType=0, byPlaybackBufSize=0, bDetectDisconnTime=0, bKeepLifeInterval=0, nPicBufSize=0].
[2026-03-25T14:05:59.168 info Netsdk:63708 50096:24372 dhnetsdk.cpp:367]Leave CLIENT_SetNetworkParam.
[2026-03-25T14:05:59.168 info Netsdk:63708 50096:24372 dhnetsdk.cpp:302]Enter CLIENT_SetAutoReconnect:[cbAutoConnect=00007FF6EAD2A000, dwUser=000000BC74CFEA00].
[2026-03-25T14:05:59.168 info Netsdk:63708 50096:24372 dhnetsdk.cpp:304]Leave CLIENT_SetAutoReconnect.
Begin Time:2026-03-25T14:05:59.491
[2026-03-25T14:05:59.493 info Netsdk:63708 37212:20220 AVNetSDKMgr.cpp:504]Load avnetsdk library dynamically
[2026-03-25T14:05:59.494 info Netsdk:63708 37212:20220 AVNetSDKMgr.cpp:549]avnetsdk module handle: 000001D7A8C60000

[2026-03-25T14:05:59.494 info Netsdk:63708 37212:20220 AVNetSDKMgr.cpp:823]Load configsdk dynamically
[2026-03-25T14:05:59.496 info Netsdk:63708 37212:20220 dhnetsdk.cpp:302]Enter CLIENT_SetAutoReconnect:[cbAutoConnect=00007FF6FE91A109, dwUser=000000B1662FCD70].
[2026-03-25T14:05:59.496 info Netsdk:63708 37212:20220 dhnetsdk.cpp:304]Leave CLIENT_SetAutoReconnect.
[2026-03-25T14:05:59.510 info Netsdk:63708 50096:24372 dhnetsdk.cpp:991]Enter CLIENT_LoginWithHighLevelSecurity. pstInParam:000000BC74CFCFA0, pstOutParam:000000BC74CFD0A0.
[2026-03-25T14:05:59.510 info Netsdk:63708 50096:24372 dhnetsdk.cpp:1007]IP:192.168.1.23, port:37777, SpeCap:0, CapParam:0000000000000000, TLSCap:0
[2026-03-25T14:05:59.519 info Netsdk:63708 37212:20220 dhnetsdk.cpp:991]Enter CLIENT_LoginWithHighLevelSecurity. pstInParam:000000B1662FB230, pstOutParam:000000B1662FB330.
[2026-03-25T14:05:59.520 info Netsdk:63708 37212:20220 dhnetsdk.cpp:1007]IP:192.168.1.23, port:37777, SpeCap:0, CapParam:0000000000000000, TLSCap:0
[2026-03-25T14:05:59.706 info Netsdk:63708 37212:20220 dhnetsdk.cpp:1054]Leave CLIENT_LoginWithHighLevelSecurity. error:0, login ID:-1656610096.
[2026-03-25T14:05:59.713 info Netsdk:63708 37212:20220 dhnetsdk.cpp:8181]Enter CLIENT_QueryDevState. [lLoginID=-1656610096, nType=82, pBuf=000000B1662FB458, nBufLen=60, pRetLen=000000B1662FB434, waittime=1000.]
[2026-03-25T14:05:59.725 info Netsdk:63708 50096:24372 dhnetsdk.cpp:1054]Leave CLIENT_LoginWithHighLevelSecurity. error:0, login ID:629129888.
[2026-03-25T14:05:59.747 info Netsdk:63708 50096:24372 dhnetsdk.cpp:8181]Enter CLIENT_QueryDevState. [lLoginID=629129888, nType=4, pBuf=000000BC74CFB5E0, nBufLen=3076, pRetLen=000000BC74CFCE34, waittime=3000.]
[2026-03-25T14:05:59.758 info Netsdk:63708 50096:24372 dhnetsdk.cpp:8205]Leave CLIENT_QueryDevState.ret:1.
[2026-03-25T14:05:59.874 info Netsdk:63708 37212:20220 dhnetsdk.cpp:8205]Leave CLIENT_QueryDevState.ret:1.
[2026-03-25T14:05:59.925 info Netsdk:63708 37212:20220 dhnetsdk.cpp:1288]Enter CLIENT_RealPlayEx. lLoginID:-1656610096. nChannelID:0. rType:0
[2026-03-25T14:06:00.857 error Netsdk:63708 37212:20220 Generation2ProtocolSecureTransmit.cpp:661]Not find
[2026-03-25T14:06:00.857 info Netsdk:63708 37212:20220 DevConfigEx.cpp:11689]IN SetupSession PORT=0 and PORT: 37777
[2026-03-25T14:06:00.953 info Netsdk:63708 37212:20220 dhnetsdk.cpp:1354]Leave CLIENT_RealPlayEx. ret:-1656559376
[2026-03-25T14:09:25.175 info Netsdk:63708 50096:24372 dhnetsdk.cpp:1075]Enter CLIENT_Logout. lLoginID:629129888.
[2026-03-25T14:09:25.175 error Netsdk:63708 50096:24372 TPTCPClient.cpp:723]Device is not online, ip:192.168.1.23
[2026-03-25T14:09:25.177 info Netsdk:63708 50096:24372 dhnetsdk.cpp:1097]Leave CLIENT_Logout. ret:1
[2026-03-25T14:09:25.507 info Netsdk:63708 37212:20220 dhnetsdk.cpp:2090]Enter CLIENT_StopRealPlayEx. lRealHandle:-1656559376.
[2026-03-25T14:09:25.533 info Netsdk:63708 37212:20220 dhnetsdk.cpp:2104]Leave CLIENT_StopRealPlayEx. ret:1
[2026-03-25T14:09:25.533 info Netsdk:63708 37212:20220 dhnetsdk.cpp:1075]Enter CLIENT_Logout. lLoginID:-1656610096.
[2026-03-25T14:09:25.533 error Netsdk:63708 37212:20220 TPTCPClient.cpp:723]Device is not online, ip:192.168.1.23
[2026-03-25T14:09:25.533 info Netsdk:63708 37212:20220 dhnetsdk.cpp:1097]Leave CLIENT_Logout. ret:1
Begin Time:2026-03-25T14:14:03.621
[2026-03-25T14:14:03.621 info Netsdk:63708 38468:39504 AVNetSDKMgr.cpp:504]Load avnetsdk library dynamically
[2026-03-25T14:14:03.635 info Netsdk:63708 38468:39504 AVNetSDKMgr.cpp:549]avnetsdk module handle: 0000023301C90000

[2026-03-25T14:14:03.635 info Netsdk:63708 38468:39504 AVNetSDKMgr.cpp:823]Load configsdk dynamically
[2026-03-25T14:14:03.639 info Netsdk:63708 38468:39504 dhnetsdk.cpp:352]Enter CLIENT_SetNetworkParam:[nWaittime=0, nConnectTime=0, nConnectTryNum=2, nSubConnectSpaceTime=0, nGetDevInfoTime=3000, nConnectBufSize=0, nGetConnInfoTime=0, nSearchRecordTime=0, nsubDisconnetTime=0, byNetType=0, byPlaybackBufSize=0, bDetectDisconnTime=0, bKeepLifeInterval=0, nPicBufSize=0].
[2026-03-25T14:14:03.639 info Netsdk:63708 38468:39504 dhnetsdk.cpp:367]Leave CLIENT_SetNetworkParam.
[2026-03-25T14:14:03.639 info Netsdk:63708 38468:39504 dhnetsdk.cpp:302]Enter CLIENT_SetAutoReconnect:[cbAutoConnect=00007FF6EAD2A000, dwUser=000000D3808FE610].
[2026-03-25T14:14:03.639 info Netsdk:63708 38468:39504 dhnetsdk.cpp:304]Leave CLIENT_SetAutoReconnect.
[2026-03-25T14:14:03.701 info Netsdk:63708 38468:39504 dhnetsdk.cpp:991]Enter CLIENT_LoginWithHighLevelSecurity. pstInParam:000000D3808FCBB0, pstOutParam:000000D3808FCCB0.
[2026-03-25T14:14:03.701 info Netsdk:63708 38468:39504 dhnetsdk.cpp:1007]IP:192.168.1.23, port:37777, SpeCap:0, CapParam:0000000000000000, TLSCap:0
Begin Time:2026-03-25T14:14:03.710
[2026-03-25T14:14:03.710 info Netsdk:63708 27844:43704 AVNetSDKMgr.cpp:504]Load avnetsdk library dynamically
[2026-03-25T14:14:03.711 info Netsdk:63708 27844:43704 AVNetSDKMgr.cpp:549]avnetsdk module handle: 000002961A6B0000

[2026-03-25T14:14:03.711 info Netsdk:63708 27844:43704 AVNetSDKMgr.cpp:823]Load configsdk dynamically
[2026-03-25T14:14:03.712 info Netsdk:63708 27844:43704 dhnetsdk.cpp:302]Enter CLIENT_SetAutoReconnect:[cbAutoConnect=00007FF6FE91A109, dwUser=000000F3F4D7D290].
[2026-03-25T14:14:03.712 info Netsdk:63708 27844:43704 dhnetsdk.cpp:304]Leave CLIENT_SetAutoReconnect.
[2026-03-25T14:14:03.723 info Netsdk:63708 27844:43704 dhnetsdk.cpp:991]Enter CLIENT_LoginWithHighLevelSecurity. pstInParam:000000F3F4D7B750, pstOutParam:000000F3F4D7B850.
[2026-03-25T14:14:03.723 info Netsdk:63708 27844:43704 dhnetsdk.cpp:1007]IP:192.168.1.23, port:37777, SpeCap:0, CapParam:0000000000000000, TLSCap:0
[2026-03-25T14:14:03.891 info Netsdk:63708 38468:39504 dhnetsdk.cpp:1054]Leave CLIENT_LoginWithHighLevelSecurity. error:0, login ID:2133293616.
[2026-03-25T14:14:03.897 info Netsdk:63708 38468:39504 dhnetsdk.cpp:8181]Enter CLIENT_QueryDevState. [lLoginID=2133293616, nType=4, pBuf=000000D3808FB1F0, nBufLen=3076, pRetLen=000000D3808FCA44, waittime=3000.]
[2026-03-25T14:14:03.905 info Netsdk:63708 27844:43704 dhnetsdk.cpp:1054]Leave CLIENT_LoginWithHighLevelSecurity. error:0, login ID:418821120.
[2026-03-25T14:14:03.915 info Netsdk:63708 27844:43704 dhnetsdk.cpp:8181]Enter CLIENT_QueryDevState. [lLoginID=418821120, nType=82, pBuf=000000F3F4D7B978, nBufLen=60, pRetLen=000000F3F4D7B954, waittime=1000.]
[2026-03-25T14:14:03.924 info Netsdk:63708 38468:39504 dhnetsdk.cpp:8205]Leave CLIENT_QueryDevState.ret:1.
[2026-03-25T14:14:04.033 info Netsdk:63708 27844:43704 dhnetsdk.cpp:8205]Leave CLIENT_QueryDevState.ret:1.
[2026-03-25T14:14:04.041 info Netsdk:63708 27844:43704 dhnetsdk.cpp:1288]Enter CLIENT_RealPlayEx. lLoginID:418821120. nChannelID:0. rType:0
[2026-03-25T14:14:04.328 error Netsdk:63708 27844:43704 Generation2ProtocolSecureTransmit.cpp:661]Not find
[2026-03-25T14:14:04.328 info Netsdk:63708 27844:43704 DevConfigEx.cpp:11689]IN SetupSession PORT=0 and PORT: 37777
[2026-03-25T14:14:04.413 info Netsdk:63708 27844:43704 dhnetsdk.cpp:1354]Leave CLIENT_RealPlayEx. ret:418837856
[2026-03-25T14:18:49.660 info Netsdk:63708 38468:39504 dhnetsdk.cpp:1075]Enter CLIENT_Logout. lLoginID:2133293616.
[2026-03-25T14:18:49.660 error Netsdk:63708 38468:39504 TPTCPClient.cpp:723]Device is not online, ip:192.168.1.23
[2026-03-25T14:18:49.660 info Netsdk:63708 38468:39504 dhnetsdk.cpp:1097]Leave CLIENT_Logout. ret:1
[2026-03-25T14:18:49.752 info Netsdk:63708 27844:43704 dhnetsdk.cpp:2090]Enter CLIENT_StopRealPlayEx. lRealHandle:418837856.
[2026-03-25T14:18:49.760 info Netsdk:63708 27844:43704 dhnetsdk.cpp:2104]Leave CLIENT_StopRealPlayEx. ret:1
[2026-03-25T14:18:49.760 info Netsdk:63708 27844:43704 dhnetsdk.cpp:1075]Enter CLIENT_Logout. lLoginID:418821120.
[2026-03-25T14:18:49.760 error Netsdk:63708 27844:43704 TPTCPClient.cpp:723]Device is not online, ip:192.168.1.23
[2026-03-25T14:18:49.760 info Netsdk:63708 27844:43704 dhnetsdk.cpp:1097]Leave CLIENT_Logout. ret:1
Begin Time:2026-03-25T14:21:40.094
[2026-03-25T14:21:40.095 info Netsdk:63708 10208:42532 AVNetSDKMgr.cpp:504]Load avnetsdk library dynamically
[2026-03-25T14:21:40.112 info Netsdk:63708 10208:42532 AVNetSDKMgr.cpp:549]avnetsdk module handle: 0000021171830000

[2026-03-25T14:21:40.112 info Netsdk:63708 10208:42532 AVNetSDKMgr.cpp:823]Load configsdk dynamically
[2026-03-25T14:21:40.115 info Netsdk:63708 10208:42532 dhnetsdk.cpp:352]Enter CLIENT_SetNetworkParam:[nWaittime=0, nConnectTime=0, nConnectTryNum=2, nSubConnectSpaceTime=0, nGetDevInfoTime=3000, nConnectBufSize=0, nGetConnInfoTime=0, nSearchRecordTime=0, nsubDisconnetTime=0, byNetType=0, byPlaybackBufSize=0, bDetectDisconnTime=0, bKeepLifeInterval=0, nPicBufSize=0].
[2026-03-25T14:21:40.115 info Netsdk:63708 10208:42532 dhnetsdk.cpp:367]Leave CLIENT_SetNetworkParam.
[2026-03-25T14:21:40.115 info Netsdk:63708 10208:42532 dhnetsdk.cpp:302]Enter CLIENT_SetAutoReconnect:[cbAutoConnect=00007FF6EAD2A000, dwUser=000000A82753E970].
[2026-03-25T14:21:40.115 info Netsdk:63708 10208:42532 dhnetsdk.cpp:304]Leave CLIENT_SetAutoReconnect.
[2026-03-25T14:21:40.274 info Netsdk:63708 10208:42532 dhnetsdk.cpp:991]Enter CLIENT_LoginWithHighLevelSecurity. pstInParam:000000A82753CF10, pstOutParam:000000A82753D010.
[2026-03-25T14:21:40.274 info Netsdk:63708 10208:42532 dhnetsdk.cpp:1007]IP:192.168.1.23, port:37777, SpeCap:0, CapParam:0000000000000000, TLSCap:0
Begin Time:2026-03-25T14:21:40.319
[2026-03-25T14:21:40.319 info Netsdk:63708 3056:22824 AVNetSDKMgr.cpp:504]Load avnetsdk library dynamically
[2026-03-25T14:21:40.322 info Netsdk:63708 3056:22824 AVNetSDKMgr.cpp:549]avnetsdk module handle: 0000020535A10000

[2026-03-25T14:21:40.322 info Netsdk:63708 3056:22824 AVNetSDKMgr.cpp:823]Load configsdk dynamically
[2026-03-25T14:21:40.324 info Netsdk:63708 3056:22824 dhnetsdk.cpp:302]Enter CLIENT_SetAutoReconnect:[cbAutoConnect=00007FF6FE91A109, dwUser=000000B2247CCEF0].
[2026-03-25T14:21:40.324 info Netsdk:63708 3056:22824 dhnetsdk.cpp:304]Leave CLIENT_SetAutoReconnect.
[2026-03-25T14:21:40.345 info Netsdk:63708 3056:22824 dhnetsdk.cpp:991]Enter CLIENT_LoginWithHighLevelSecurity. pstInParam:000000B2247CB3B0, pstOutParam:000000B2247CB4B0.
[2026-03-25T14:21:40.345 info Netsdk:63708 3056:22824 dhnetsdk.cpp:1007]IP:192.168.1.23, port:37777, SpeCap:0, CapParam:0000000000000000, TLSCap:0
[2026-03-25T14:21:40.476 info Netsdk:63708 10208:42532 dhnetsdk.cpp:1054]Leave CLIENT_LoginWithHighLevelSecurity. error:0, login ID:1814262720.
[2026-03-25T14:21:40.489 info Netsdk:63708 10208:42532 dhnetsdk.cpp:8181]Enter CLIENT_QueryDevState. [lLoginID=1814262720, nType=4, pBuf=000000A82753B550, nBufLen=3076, pRetLen=000000A82753CDA4, waittime=3000.]
[2026-03-25T14:21:40.506 info Netsdk:63708 10208:42532 dhnetsdk.cpp:8205]Leave CLIENT_QueryDevState.ret:1.
[2026-03-25T14:21:40.506 info Netsdk:63708 3056:22824 dhnetsdk.cpp:1054]Leave CLIENT_LoginWithHighLevelSecurity. error:0, login ID:869314016.
[2026-03-25T14:21:40.523 info Netsdk:63708 3056:22824 dhnetsdk.cpp:8181]Enter CLIENT_QueryDevState. [lLoginID=869314016, nType=82, pBuf=000000B2247CB5D8, nBufLen=60, pRetLen=000000B2247CB5B4, waittime=1000.]
[2026-03-25T14:21:40.609 info Netsdk:63708 3056:22824 dhnetsdk.cpp:8205]Leave CLIENT_QueryDevState.ret:1.
[2026-03-25T14:21:40.623 info Netsdk:63708 3056:22824 dhnetsdk.cpp:1288]Enter CLIENT_RealPlayEx. lLoginID:869314016. nChannelID:0. rType:0
[2026-03-25T14:21:40.912 error Netsdk:63708 3056:22824 Generation2ProtocolSecureTransmit.cpp:661]Not find
[2026-03-25T14:21:40.912 info Netsdk:63708 3056:22824 DevConfigEx.cpp:11689]IN SetupSession PORT=0 and PORT: 37777
[2026-03-25T14:21:41.022 info Netsdk:63708 3056:22824 dhnetsdk.cpp:1354]Leave CLIENT_RealPlayEx. ret:869386400
[2026-03-25T14:25:17.152 info Netsdk:63708 10208:42532 dhnetsdk.cpp:1075]Enter CLIENT_Logout. lLoginID:1814262720.
[2026-03-25T14:25:17.152 error Netsdk:63708 10208:42532 TPTCPClient.cpp:723]Device is not online, ip:192.168.1.23
[2026-03-25T14:25:17.152 info Netsdk:63708 10208:42532 dhnetsdk.cpp:1097]Leave CLIENT_Logout. ret:1
[2026-03-25T14:25:17.359 info Netsdk:63708 3056:22824 dhnetsdk.cpp:2090]Enter CLIENT_StopRealPlayEx. lRealHandle:869386400.
[2026-03-25T14:25:17.374 info Netsdk:63708 3056:22824 dhnetsdk.cpp:2104]Leave CLIENT_StopRealPlayEx. ret:1
[2026-03-25T14:25:17.374 info Netsdk:63708 3056:22824 dhnetsdk.cpp:1075]Enter CLIENT_Logout. lLoginID:869314016.
[2026-03-25T14:25:17.374 error Netsdk:63708 3056:22824 TPTCPClient.cpp:723]Device is not online, ip:192.168.1.23
[2026-03-25T14:25:17.374 info Netsdk:63708 3056:22824 dhnetsdk.cpp:1097]Leave CLIENT_Logout. ret:1
Begin Time:2026-03-25T14:28:03.602
[2026-03-25T14:28:03.602 info Netsdk:63708 36716:24596 AVNetSDKMgr.cpp:504]Load avnetsdk library dynamically
[2026-03-25T14:28:03.623 info Netsdk:63708 36716:24596 AVNetSDKMgr.cpp:549]avnetsdk module handle: 0000021B49150000

[2026-03-25T14:28:03.623 info Netsdk:63708 36716:24596 AVNetSDKMgr.cpp:823]Load configsdk dynamically
[2026-03-25T14:28:03.625 info Netsdk:63708 36716:24596 dhnetsdk.cpp:352]Enter CLIENT_SetNetworkParam:[nWaittime=0, nConnectTime=0, nConnectTryNum=2, nSubConnectSpaceTime=0, nGetDevInfoTime=3000, nConnectBufSize=0, nGetConnInfoTime=0, nSearchRecordTime=0, nsubDisconnetTime=0, byNetType=0, byPlaybackBufSize=0, bDetectDisconnTime=0, bKeepLifeInterval=0, nPicBufSize=0].
[2026-03-25T14:28:03.625 info Netsdk:63708 36716:24596 dhnetsdk.cpp:367]Leave CLIENT_SetNetworkParam.
[2026-03-25T14:28:03.625 info Netsdk:63708 36716:24596 dhnetsdk.cpp:302]Enter CLIENT_SetAutoReconnect:[cbAutoConnect=00007FF6EAD2A000, dwUser=0000008719CFE410].
[2026-03-25T14:28:03.625 info Netsdk:63708 36716:24596 dhnetsdk.cpp:304]Leave CLIENT_SetAutoReconnect.
[2026-03-25T14:28:03.756 info Netsdk:63708 36716:24596 dhnetsdk.cpp:991]Enter CLIENT_LoginWithHighLevelSecurity. pstInParam:0000008719CFC9B0, pstOutParam:0000008719CFCAB0.
[2026-03-25T14:28:03.756 info Netsdk:63708 36716:24596 dhnetsdk.cpp:1007]IP:192.168.1.23, port:37777, SpeCap:0, CapParam:0000000000000000, TLSCap:0
Begin Time:2026-03-25T14:28:03.840
[2026-03-25T14:28:03.841 info Netsdk:63708 8528:22100 AVNetSDKMgr.cpp:504]Load avnetsdk library dynamically
[2026-03-25T14:28:03.843 info Netsdk:63708 8528:22100 AVNetSDKMgr.cpp:549]avnetsdk module handle: 0000016993E90000

[2026-03-25T14:28:03.843 info Netsdk:63708 8528:22100 AVNetSDKMgr.cpp:823]Load configsdk dynamically
[2026-03-25T14:28:03.844 info Netsdk:63708 8528:22100 dhnetsdk.cpp:302]Enter CLIENT_SetAutoReconnect:[cbAutoConnect=00007FF6FE91A109, dwUser=0000006405EFD160].
[2026-03-25T14:28:03.844 info Netsdk:63708 8528:22100 dhnetsdk.cpp:304]Leave CLIENT_SetAutoReconnect.
[2026-03-25T14:28:03.862 info Netsdk:63708 8528:22100 dhnetsdk.cpp:991]Enter CLIENT_LoginWithHighLevelSecurity. pstInParam:0000006405EFB620, pstOutParam:0000006405EFB720.
[2026-03-25T14:28:03.862 info Netsdk:63708 8528:22100 dhnetsdk.cpp:1007]IP:192.168.1.23, port:37777, SpeCap:0, CapParam:0000000000000000, TLSCap:0
[2026-03-25T14:28:04.036 info Netsdk:63708 36716:24596 dhnetsdk.cpp:1054]Leave CLIENT_LoginWithHighLevelSecurity. error:0, login ID:1203927536.
[2026-03-25T14:28:04.049 info Netsdk:63708 36716:24596 dhnetsdk.cpp:8181]Enter CLIENT_QueryDevState. [lLoginID=1203927536, nType=4, pBuf=0000008719CFAFF0, nBufLen=3076, pRetLen=0000008719CFC844, waittime=3000.]
[2026-03-25T14:28:04.072 info Netsdk:63708 36716:24596 dhnetsdk.cpp:8205]Leave CLIENT_QueryDevState.ret:1.
[2026-03-25T14:28:04.075 info Netsdk:63708 8528:22100 dhnetsdk.cpp:1054]Leave CLIENT_LoginWithHighLevelSecurity. error:0, login ID:-1844072976.
[2026-03-25T14:28:04.089 info Netsdk:63708 8528:22100 dhnetsdk.cpp:8181]Enter CLIENT_QueryDevState. [lLoginID=-1844072976, nType=82, pBuf=0000006405EFB848, nBufLen=60, pRetLen=0000006405EFB824, waittime=1000.]
[2026-03-25T14:28:04.235 info Netsdk:63708 8528:22100 dhnetsdk.cpp:8205]Leave CLIENT_QueryDevState.ret:1.
[2026-03-25T14:28:04.262 info Netsdk:63708 8528:22100 dhnetsdk.cpp:1288]Enter CLIENT_RealPlayEx. lLoginID:-1844072976. nChannelID:0. rType:0
[2026-03-25T14:28:05.337 error Netsdk:63708 8528:22100 Generation2ProtocolSecureTransmit.cpp:661]Not find
[2026-03-25T14:28:05.337 info Netsdk:63708 8528:22100 DevConfigEx.cpp:11689]IN SetupSession PORT=0 and PORT: 37777
[2026-03-25T14:28:05.434 info Netsdk:63708 8528:22100 dhnetsdk.cpp:1354]Leave CLIENT_RealPlayEx. ret:-1807854528
[2026-03-25T14:31:38.863 info Netsdk:63708 8528:22100 dhnetsdk.cpp:2090]Enter CLIENT_StopRealPlayEx. lRealHandle:-1807854528.
[2026-03-25T14:31:38.878 info Netsdk:63708 8528:22100 dhnetsdk.cpp:2104]Leave CLIENT_StopRealPlayEx. ret:1
[2026-03-25T14:31:38.878 info Netsdk:63708 8528:22100 dhnetsdk.cpp:1075]Enter CLIENT_Logout. lLoginID:-1844072976.
[2026-03-25T14:31:38.879 error Netsdk:63708 8528:22100 TPTCPClient.cpp:723]Device is not online, ip:192.168.1.23
[2026-03-25T14:31:38.879 info Netsdk:63708 8528:22100 dhnetsdk.cpp:1097]Leave CLIENT_Logout. ret:1
[2026-03-25T14:31:39.657 info Netsdk:63708 36716:24596 dhnetsdk.cpp:1075]Enter CLIENT_Logout. lLoginID:1203927536.
[2026-03-25T14:31:39.657 error Netsdk:63708 36716:24596 TPTCPClient.cpp:723]Device is not online, ip:192.168.1.23
[2026-03-25T14:31:39.657 info Netsdk:63708 36716:24596 dhnetsdk.cpp:1097]Leave CLIENT_Logout. ret:1
Begin Time:2026-03-25T14:37:25.720
[2026-03-25T14:37:25.721 info Netsdk:63708 18720:40900 AVNetSDKMgr.cpp:504]Load avnetsdk library dynamically
[2026-03-25T14:37:25.739 info Netsdk:63708 18720:40900 AVNetSDKMgr.cpp:549]avnetsdk module handle: 000002DB04F50000

[2026-03-25T14:37:25.740 info Netsdk:63708 18720:40900 AVNetSDKMgr.cpp:823]Load configsdk dynamically
[2026-03-25T14:37:25.742 info Netsdk:63708 18720:40900 dhnetsdk.cpp:352]Enter CLIENT_SetNetworkParam:[nWaittime=0, nConnectTime=0, nConnectTryNum=2, nSubConnectSpaceTime=0, nGetDevInfoTime=3000, nConnectBufSize=0, nGetConnInfoTime=0, nSearchRecordTime=0, nsubDisconnetTime=0, byNetType=0, byPlaybackBufSize=0, bDetectDisconnTime=0, bKeepLifeInterval=0, nPicBufSize=0].
[2026-03-25T14:37:25.742 info Netsdk:63708 18720:40900 dhnetsdk.cpp:367]Leave CLIENT_SetNetworkParam.
[2026-03-25T14:37:25.742 info Netsdk:63708 18720:40900 dhnetsdk.cpp:302]Enter CLIENT_SetAutoReconnect:[cbAutoConnect=00007FF6EAD2A000, dwUser=000000FF630FE580].
[2026-03-25T14:37:25.742 info Netsdk:63708 18720:40900 dhnetsdk.cpp:304]Leave CLIENT_SetAutoReconnect.
[2026-03-25T14:37:26.190 info Netsdk:63708 18720:40900 dhnetsdk.cpp:991]Enter CLIENT_LoginWithHighLevelSecurity. pstInParam:000000FF630FCB20, pstOutParam:000000FF630FCC20.
[2026-03-25T14:37:26.190 info Netsdk:63708 18720:40900 dhnetsdk.cpp:1007]IP:192.168.1.23, port:37777, SpeCap:0, CapParam:0000000000000000, TLSCap:0
Begin Time:2026-03-25T14:37:26.243
[2026-03-25T14:37:26.244 info Netsdk:63708 49860:44676 AVNetSDKMgr.cpp:504]Load avnetsdk library dynamically
[2026-03-25T14:37:26.245 info Netsdk:63708 49860:44676 AVNetSDKMgr.cpp:549]avnetsdk module handle: 000001C4DE6B0000

[2026-03-25T14:37:26.245 info Netsdk:63708 49860:44676 AVNetSDKMgr.cpp:823]Load configsdk dynamically
[2026-03-25T14:37:26.246 info Netsdk:63708 49860:44676 dhnetsdk.cpp:302]Enter CLIENT_SetAutoReconnect:[cbAutoConnect=00007FF6FE91A109, dwUser=00000018038FD2D0].
[2026-03-25T14:37:26.246 info Netsdk:63708 49860:44676 dhnetsdk.cpp:304]Leave CLIENT_SetAutoReconnect.
[2026-03-25T14:37:26.280 info Netsdk:63708 49860:44676 dhnetsdk.cpp:991]Enter CLIENT_LoginWithHighLevelSecurity. pstInParam:00000018038FB790, pstOutParam:00000018038FB890.
[2026-03-25T14:37:26.280 info Netsdk:63708 49860:44676 dhnetsdk.cpp:1007]IP:192.168.1.23, port:37777, SpeCap:0, CapParam:0000000000000000, TLSCap:0
[2026-03-25T14:37:26.408 info Netsdk:63708 18720:40900 dhnetsdk.cpp:1054]Leave CLIENT_LoginWithHighLevelSecurity. error:0, login ID:38520384.
[2026-03-25T14:37:26.416 info Netsdk:63708 18720:40900 dhnetsdk.cpp:8181]Enter CLIENT_QueryDevState. [lLoginID=38520384, nType=4, pBuf=000000FF630FB160, nBufLen=3076, pRetLen=000000FF630FC9B4, waittime=3000.]
[2026-03-25T14:37:26.426 info Netsdk:63708 18720:40900 dhnetsdk.cpp:8205]Leave CLIENT_QueryDevState.ret:1.
[2026-03-25T14:37:26.448 info Netsdk:63708 49860:44676 dhnetsdk.cpp:1054]Leave CLIENT_LoginWithHighLevelSecurity. error:0, login ID:-759251312.
[2026-03-25T14:37:26.456 info Netsdk:63708 49860:44676 dhnetsdk.cpp:8181]Enter CLIENT_QueryDevState. [lLoginID=-759251312, nType=82, pBuf=00000018038FB9B8, nBufLen=60, pRetLen=00000018038FB994, waittime=1000.]
[2026-03-25T14:37:26.528 info Netsdk:63708 49860:44676 dhnetsdk.cpp:8205]Leave CLIENT_QueryDevState.ret:1.
[2026-03-25T14:37:26.548 info Netsdk:63708 49860:44676 dhnetsdk.cpp:1288]Enter CLIENT_RealPlayEx. lLoginID:-759251312. nChannelID:0. rType:0
[2026-03-25T14:37:27.326 error Netsdk:63708 49860:44676 Generation2ProtocolSecureTransmit.cpp:661]Not find
[2026-03-25T14:37:27.326 info Netsdk:63708 49860:44676 DevConfigEx.cpp:11689]IN SetupSession PORT=0 and PORT: 37777
[2026-03-25T14:37:27.419 info Netsdk:63708 49860:44676 dhnetsdk.cpp:1354]Leave CLIENT_RealPlayEx. ret:-759230304
[2026-03-25T14:38:40.255 info Netsdk:63708 49860:44676 dhnetsdk.cpp:2090]Enter CLIENT_StopRealPlayEx. lRealHandle:-759230304.
[2026-03-25T14:38:40.263 info Netsdk:63708 49860:44676 dhnetsdk.cpp:2104]Leave CLIENT_StopRealPlayEx. ret:1
[2026-03-25T14:38:40.263 info Netsdk:63708 49860:44676 dhnetsdk.cpp:1075]Enter CLIENT_Logout. lLoginID:-759251312.
[2026-03-25T14:38:40.263 error Netsdk:63708 49860:44676 TPTCPClient.cpp:723]Device is not online, ip:192.168.1.23
[2026-03-25T14:38:40.263 info Netsdk:63708 49860:44676 dhnetsdk.cpp:1097]Leave CLIENT_Logout. ret:1
[2026-03-25T14:38:40.771 info Netsdk:63708 18720:40900 dhnetsdk.cpp:1075]Enter CLIENT_Logout. lLoginID:38520384.
[2026-03-25T14:38:40.772 error Netsdk:63708 18720:40900 TPTCPClient.cpp:723]Device is not online, ip:192.168.1.23
[2026-03-25T14:38:40.772 info Netsdk:63708 18720:40900 dhnetsdk.cpp:1097]Leave CLIENT_Logout. ret:1
Begin Time:2026-03-25T14:41:54.573
[2026-03-25T14:41:54.573 info Netsdk:63708 33348:10688 AVNetSDKMgr.cpp:504]Load avnetsdk library dynamically
[2026-03-25T14:41:54.590 info Netsdk:63708 33348:10688 AVNetSDKMgr.cpp:549]avnetsdk module handle: 000001EB78CA0000

[2026-03-25T14:41:54.590 info Netsdk:63708 33348:10688 AVNetSDKMgr.cpp:823]Load configsdk dynamically
[2026-03-25T14:41:54.593 info Netsdk:63708 33348:10688 dhnetsdk.cpp:352]Enter CLIENT_SetNetworkParam:[nWaittime=0, nConnectTime=0, nConnectTryNum=2, nSubConnectSpaceTime=0, nGetDevInfoTime=3000, nConnectBufSize=0, nGetConnInfoTime=0, nSearchRecordTime=0, nsubDisconnetTime=0, byNetType=0, byPlaybackBufSize=0, bDetectDisconnTime=0, bKeepLifeInterval=0, nPicBufSize=0].
[2026-03-25T14:41:54.593 info Netsdk:63708 33348:10688 dhnetsdk.cpp:367]Leave CLIENT_SetNetworkParam.
[2026-03-25T14:41:54.593 info Netsdk:63708 33348:10688 dhnetsdk.cpp:302]Enter CLIENT_SetAutoReconnect:[cbAutoConnect=00007FF6EAD2A000, dwUser=00000002389FE410].
[2026-03-25T14:41:54.593 info Netsdk:63708 33348:10688 dhnetsdk.cpp:304]Leave CLIENT_SetAutoReconnect.
[2026-03-25T14:41:55.058 info Netsdk:63708 33348:10688 dhnetsdk.cpp:991]Enter CLIENT_LoginWithHighLevelSecurity. pstInParam:00000002389FC9B0, pstOutParam:00000002389FCAB0.
[2026-03-25T14:41:55.058 info Netsdk:63708 33348:10688 dhnetsdk.cpp:1007]IP:192.168.1.23, port:37777, SpeCap:0, CapParam:0000000000000000, TLSCap:0
Begin Time:2026-03-25T14:41:55.131
[2026-03-25T14:41:55.132 info Netsdk:63708 49624:48088 AVNetSDKMgr.cpp:504]Load avnetsdk library dynamically
[2026-03-25T14:41:55.133 info Netsdk:63708 49624:48088 AVNetSDKMgr.cpp:549]avnetsdk module handle: 000001ABD37F0000

[2026-03-25T14:41:55.134 info Netsdk:63708 49624:48088 AVNetSDKMgr.cpp:823]Load configsdk dynamically
[2026-03-25T14:41:55.134 info Netsdk:63708 49624:48088 dhnetsdk.cpp:302]Enter CLIENT_SetAutoReconnect:[cbAutoConnect=00007FF6FE91A109, dwUser=0000002F14EFCF50].
[2026-03-25T14:41:55.134 info Netsdk:63708 49624:48088 dhnetsdk.cpp:304]Leave CLIENT_SetAutoReconnect.
[2026-03-25T14:41:55.168 info Netsdk:63708 49624:48088 dhnetsdk.cpp:991]Enter CLIENT_LoginWithHighLevelSecurity. pstInParam:0000002F14EFB410, pstOutParam:0000002F14EFB510.
[2026-03-25T14:41:55.168 info Netsdk:63708 49624:48088 dhnetsdk.cpp:1007]IP:192.168.1.23, port:37777, SpeCap:0, CapParam:0000000000000000, TLSCap:0
[2026-03-25T14:41:55.835 error Netsdk:63708 33348:10688 DevConfig.cpp:2053]Protocol error it may result from network timeout
[2026-03-25T14:41:55.910 info Netsdk:63708 33348:10688 dhnetsdk.cpp:1054]Leave CLIENT_LoginWithHighLevelSecurity. error:0, login ID:2003416576.
[2026-03-25T14:41:55.926 info Netsdk:63708 33348:10688 dhnetsdk.cpp:8181]Enter CLIENT_QueryDevState. [lLoginID=2003416576, nType=4, pBuf=00000002389FAFF0, nBufLen=3076, pRetLen=00000002389FC844, waittime=3000.]
[2026-03-25T14:41:55.963 info Netsdk:63708 33348:10688 dhnetsdk.cpp:8205]Leave CLIENT_QueryDevState.ret:1.
[2026-03-25T14:41:56.007 info Netsdk:63708 49624:48088 dhnetsdk.cpp:1054]Leave CLIENT_LoginWithHighLevelSecurity. error:0, login ID:-942555584.
[2026-03-25T14:41:56.013 info Netsdk:63708 49624:48088 dhnetsdk.cpp:8181]Enter CLIENT_QueryDevState. [lLoginID=-942555584, nType=82, pBuf=0000002F14EFB638, nBufLen=60, pRetLen=0000002F14EFB614, waittime=1000.]
[2026-03-25T14:41:56.201 info Netsdk:63708 49624:48088 dhnetsdk.cpp:8205]Leave CLIENT_QueryDevState.ret:1.
[2026-03-25T14:41:56.219 info Netsdk:63708 49624:48088 dhnetsdk.cpp:1288]Enter CLIENT_RealPlayEx. lLoginID:-942555584. nChannelID:0. rType:0
[2026-03-25T14:41:56.498 error Netsdk:63708 49624:48088 Generation2ProtocolSecureTransmit.cpp:661]Not find
[2026-03-25T14:41:56.498 info Netsdk:63708 49624:48088 DevConfigEx.cpp:11689]IN SetupSession PORT=0 and PORT: 37777
[2026-03-25T14:41:56.589 info Netsdk:63708 49624:48088 dhnetsdk.cpp:1354]Leave CLIENT_RealPlayEx. ret:-942495552
[2026-03-25T14:43:12.161 info Netsdk:63708 49624:48088 dhnetsdk.cpp:2090]Enter CLIENT_StopRealPlayEx. lRealHandle:-942495552.
[2026-03-25T14:43:12.172 info Netsdk:63708 49624:48088 dhnetsdk.cpp:2104]Leave CLIENT_StopRealPlayEx. ret:1
[2026-03-25T14:43:12.173 info Netsdk:63708 49624:48088 dhnetsdk.cpp:1075]Enter CLIENT_Logout. lLoginID:-942555584.
[2026-03-25T14:43:12.173 error Netsdk:63708 49624:48088 TPTCPClient.cpp:723]Device is not online, ip:192.168.1.23
[2026-03-25T14:43:12.173 info Netsdk:63708 49624:48088 dhnetsdk.cpp:1097]Leave CLIENT_Logout. ret:1
[2026-03-25T14:43:12.610 info Netsdk:63708 33348:10688 dhnetsdk.cpp:1075]Enter CLIENT_Logout. lLoginID:2003416576.
[2026-03-25T14:43:12.611 error Netsdk:63708 33348:10688 TPTCPClient.cpp:723]Device is not online, ip:192.168.1.23
[2026-03-25T14:43:12.611 info Netsdk:63708 33348:10688 dhnetsdk.cpp:1097]Leave CLIENT_Logout. ret:1
Begin Time:2026-03-25T14:43:37.844
[2026-03-25T14:43:37.845 info Netsdk:63708 8624:44700 AVNetSDKMgr.cpp:504]Load avnetsdk library dynamically
[2026-03-25T14:43:37.864 info Netsdk:63708 8624:44700 AVNetSDKMgr.cpp:549]avnetsdk module handle: 000001632BB20000

[2026-03-25T14:43:37.864 info Netsdk:63708 8624:44700 AVNetSDKMgr.cpp:823]Load configsdk dynamically
[2026-03-25T14:43:37.866 info Netsdk:63708 8624:44700 dhnetsdk.cpp:352]Enter CLIENT_SetNetworkParam:[nWaittime=0, nConnectTime=0, nConnectTryNum=2, nSubConnectSpaceTime=0, nGetDevInfoTime=3000, nConnectBufSize=0, nGetConnInfoTime=0, nSearchRecordTime=0, nsubDisconnetTime=0, byNetType=0, byPlaybackBufSize=0, bDetectDisconnTime=0, bKeepLifeInterval=0, nPicBufSize=0].
[2026-03-25T14:43:37.866 info Netsdk:63708 8624:44700 dhnetsdk.cpp:367]Leave CLIENT_SetNetworkParam.
[2026-03-25T14:43:37.866 info Netsdk:63708 8624:44700 dhnetsdk.cpp:302]Enter CLIENT_SetAutoReconnect:[cbAutoConnect=00007FF6EAD2A000, dwUser=000000064BCFE580].
[2026-03-25T14:43:37.866 info Netsdk:63708 8624:44700 dhnetsdk.cpp:304]Leave CLIENT_SetAutoReconnect.
[2026-03-25T14:43:38.267 info Netsdk:63708 8624:44700 dhnetsdk.cpp:991]Enter CLIENT_LoginWithHighLevelSecurity. pstInParam:000000064BCFCB20, pstOutParam:000000064BCFCC20.
[2026-03-25T14:43:38.268 info Netsdk:63708 8624:44700 dhnetsdk.cpp:1007]IP:192.168.1.23, port:37777, SpeCap:0, CapParam:0000000000000000, TLSCap:0
Begin Time:2026-03-25T14:43:38.316
[2026-03-25T14:43:38.316 info Netsdk:63708 37356:30884 AVNetSDKMgr.cpp:504]Load avnetsdk library dynamically
[2026-03-25T14:43:38.318 info Netsdk:63708 37356:30884 AVNetSDKMgr.cpp:549]avnetsdk module handle: 0000014206B70000

[2026-03-25T14:43:38.318 info Netsdk:63708 37356:30884 AVNetSDKMgr.cpp:823]Load configsdk dynamically
[2026-03-25T14:43:38.319 info Netsdk:63708 37356:30884 dhnetsdk.cpp:302]Enter CLIENT_SetAutoReconnect:[cbAutoConnect=00007FF6FE91A109, dwUser=0000000DB839CD10].
[2026-03-25T14:43:38.319 info Netsdk:63708 37356:30884 dhnetsdk.cpp:304]Leave CLIENT_SetAutoReconnect.
[2026-03-25T14:43:38.344 info Netsdk:63708 37356:30884 dhnetsdk.cpp:991]Enter CLIENT_LoginWithHighLevelSecurity. pstInParam:0000000DB839B1D0, pstOutParam:0000000DB839B2D0.
[2026-03-25T14:43:38.344 info Netsdk:63708 37356:30884 dhnetsdk.cpp:1007]IP:192.168.1.23, port:37777, SpeCap:0, CapParam:0000000000000000, TLSCap:0
[2026-03-25T14:43:38.487 info Netsdk:63708 8624:44700 dhnetsdk.cpp:1054]Leave CLIENT_LoginWithHighLevelSecurity. error:0, login ID:644657504.
[2026-03-25T14:43:38.498 info Netsdk:63708 8624:44700 dhnetsdk.cpp:8181]Enter CLIENT_QueryDevState. [lLoginID=644657504, nType=4, pBuf=000000064BCFB160, nBufLen=3076, pRetLen=000000064BCFC9B4, waittime=3000.]
[2026-03-25T14:43:38.520 info Netsdk:63708 8624:44700 dhnetsdk.cpp:8205]Leave CLIENT_QueryDevState.ret:1.
[2026-03-25T14:43:38.533 info Netsdk:63708 37356:30884 dhnetsdk.cpp:1054]Leave CLIENT_LoginWithHighLevelSecurity. error:0, login ID:2063253056.
[2026-03-25T14:43:38.539 info Netsdk:63708 37356:30884 dhnetsdk.cpp:8181]Enter CLIENT_QueryDevState. [lLoginID=2063253056, nType=82, pBuf=0000000DB839B3F8, nBufLen=60, pRetLen=0000000DB839B3D4, waittime=1000.]
[2026-03-25T14:43:38.905 info Netsdk:63708 37356:30884 dhnetsdk.cpp:8205]Leave CLIENT_QueryDevState.ret:1.
[2026-03-25T14:43:38.918 info Netsdk:63708 37356:30884 dhnetsdk.cpp:1288]Enter CLIENT_RealPlayEx. lLoginID:2063253056. nChannelID:0. rType:0
[2026-03-25T14:43:39.683 error Netsdk:63708 37356:30884 Generation2ProtocolSecureTransmit.cpp:661]Not find
[2026-03-25T14:43:39.683 info Netsdk:63708 37356:30884 DevConfigEx.cpp:11689]IN SetupSession PORT=0 and PORT: 37777
[2026-03-25T14:43:39.779 info Netsdk:63708 37356:30884 dhnetsdk.cpp:1354]Leave CLIENT_RealPlayEx. ret:2063315344
[2026-03-25T14:44:33.342 info Netsdk:63708 37356:30884 dhnetsdk.cpp:2090]Enter CLIENT_StopRealPlayEx. lRealHandle:2063315344.
[2026-03-25T14:44:33.356 info Netsdk:63708 37356:30884 dhnetsdk.cpp:2104]Leave CLIENT_StopRealPlayEx. ret:1
[2026-03-25T14:44:33.356 info Netsdk:63708 37356:30884 dhnetsdk.cpp:1075]Enter CLIENT_Logout. lLoginID:2063253056.
[2026-03-25T14:44:33.356 error Netsdk:63708 37356:30884 TPTCPClient.cpp:723]Device is not online, ip:192.168.1.23
[2026-03-25T14:44:33.357 info Netsdk:63708 37356:30884 dhnetsdk.cpp:1097]Leave CLIENT_Logout. ret:1
[2026-03-25T14:44:33.887 info Netsdk:63708 8624:44700 dhnetsdk.cpp:1075]Enter CLIENT_Logout. lLoginID:644657504.
[2026-03-25T14:44:33.888 error Netsdk:63708 8624:44700 TPTCPClient.cpp:723]Device is not online, ip:192.168.1.23
[2026-03-25T14:44:33.888 info Netsdk:63708 8624:44700 dhnetsdk.cpp:1097]Leave CLIENT_Logout. ret:1
Begin Time:2026-03-25T14:45:40.686
[2026-03-25T14:45:40.686 info Netsdk:63708 2228:8624 AVNetSDKMgr.cpp:504]Load avnetsdk library dynamically
[2026-03-25T14:45:40.699 info Netsdk:63708 2228:8624 AVNetSDKMgr.cpp:549]avnetsdk module handle: 000002411E670000

[2026-03-25T14:45:40.699 info Netsdk:63708 2228:8624 AVNetSDKMgr.cpp:823]Load configsdk dynamically
[2026-03-25T14:45:40.701 info Netsdk:63708 2228:8624 dhnetsdk.cpp:352]Enter CLIENT_SetNetworkParam:[nWaittime=0, nConnectTime=0, nConnectTryNum=2, nSubConnectSpaceTime=0, nGetDevInfoTime=3000, nConnectBufSize=0, nGetConnInfoTime=0, nSearchRecordTime=0, nsubDisconnetTime=0, byNetType=0, byPlaybackBufSize=0, bDetectDisconnTime=0, bKeepLifeInterval=0, nPicBufSize=0].
[2026-03-25T14:45:40.701 info Netsdk:63708 2228:8624 dhnetsdk.cpp:367]Leave CLIENT_SetNetworkParam.
[2026-03-25T14:45:40.701 info Netsdk:63708 2228:8624 dhnetsdk.cpp:302]Enter CLIENT_SetAutoReconnect:[cbAutoConnect=00007FF6EAD2A000, dwUser=00000042C4FEE750].
[2026-03-25T14:45:40.701 info Netsdk:63708 2228:8624 dhnetsdk.cpp:304]Leave CLIENT_SetAutoReconnect.
[2026-03-25T14:45:41.009 info Netsdk:63708 2228:8624 dhnetsdk.cpp:991]Enter CLIENT_LoginWithHighLevelSecurity. pstInParam:00000042C4FECCF0, pstOutParam:00000042C4FECDF0.
[2026-03-25T14:45:41.009 info Netsdk:63708 2228:8624 dhnetsdk.cpp:1007]IP:192.168.1.23, port:37777, SpeCap:0, CapParam:0000000000000000, TLSCap:0
Begin Time:2026-03-25T14:45:41.047
[2026-03-25T14:45:41.047 info Netsdk:63708 16048:32964 AVNetSDKMgr.cpp:504]Load avnetsdk library dynamically
[2026-03-25T14:45:41.049 info Netsdk:63708 16048:32964 AVNetSDKMgr.cpp:549]avnetsdk module handle: 00000278D5F70000

[2026-03-25T14:45:41.049 info Netsdk:63708 16048:32964 AVNetSDKMgr.cpp:823]Load configsdk dynamically
[2026-03-25T14:45:41.050 info Netsdk:63708 16048:32964 dhnetsdk.cpp:302]Enter CLIENT_SetAutoReconnect:[cbAutoConnect=00007FF6FE91A109, dwUser=000000F0B039CB80].
[2026-03-25T14:45:41.050 info Netsdk:63708 16048:32964 dhnetsdk.cpp:304]Leave CLIENT_SetAutoReconnect.
[2026-03-25T14:45:41.080 info Netsdk:63708 16048:32964 dhnetsdk.cpp:991]Enter CLIENT_LoginWithHighLevelSecurity. pstInParam:000000F0B039B040, pstOutParam:000000F0B039B140.
[2026-03-25T14:45:41.080 info Netsdk:63708 16048:32964 dhnetsdk.cpp:1007]IP:192.168.1.23, port:37777, SpeCap:0, CapParam:0000000000000000, TLSCap:0
[2026-03-25T14:45:41.257 info Netsdk:63708 2228:8624 dhnetsdk.cpp:1054]Leave CLIENT_LoginWithHighLevelSecurity. error:0, login ID:487766576.
[2026-03-25T14:45:41.267 info Netsdk:63708 2228:8624 dhnetsdk.cpp:8181]Enter CLIENT_QueryDevState. [lLoginID=487766576, nType=4, pBuf=00000042C4FEB330, nBufLen=3076, pRetLen=00000042C4FECB84, waittime=3000.]
[2026-03-25T14:45:41.288 info Netsdk:63708 2228:8624 dhnetsdk.cpp:8205]Leave CLIENT_QueryDevState.ret:1.
[2026-03-25T14:45:41.288 info Netsdk:63708 16048:32964 dhnetsdk.cpp:1054]Leave CLIENT_LoginWithHighLevelSecurity. error:0, login ID:-731792784.
[2026-03-25T14:45:41.295 info Netsdk:63708 16048:32964 dhnetsdk.cpp:8181]Enter CLIENT_QueryDevState. [lLoginID=-731792784, nType=82, pBuf=000000F0B039B268, nBufLen=60, pRetLen=000000F0B039B244, waittime=1000.]
[2026-03-25T14:45:41.380 info Netsdk:63708 16048:32964 dhnetsdk.cpp:8205]Leave CLIENT_QueryDevState.ret:1.
[2026-03-25T14:45:41.400 info Netsdk:63708 16048:32964 dhnetsdk.cpp:1288]Enter CLIENT_RealPlayEx. lLoginID:-731792784. nChannelID:0. rType:0
[2026-03-25T14:45:42.324 error Netsdk:63708 16048:32964 Generation2ProtocolSecureTransmit.cpp:661]Not find
[2026-03-25T14:45:42.324 info Netsdk:63708 16048:32964 DevConfigEx.cpp:11689]IN SetupSession PORT=0 and PORT: 37777
[2026-03-25T14:45:42.536 info Netsdk:63708 16048:32964 dhnetsdk.cpp:1354]Leave CLIENT_RealPlayEx. ret:-731715088
[2026-03-25T14:46:15.702 info Netsdk:63708 2228:8624 dhnetsdk.cpp:1075]Enter CLIENT_Logout. lLoginID:487766576.
[2026-03-25T14:46:15.703 error Netsdk:63708 2228:8624 TPTCPClient.cpp:723]Device is not online, ip:192.168.1.23
[2026-03-25T14:46:15.703 info Netsdk:63708 2228:8624 dhnetsdk.cpp:1097]Leave CLIENT_Logout. ret:1
[2026-03-25T14:46:16.045 info Netsdk:63708 16048:32964 dhnetsdk.cpp:2090]Enter CLIENT_StopRealPlayEx. lRealHandle:-731715088.
[2026-03-25T14:46:16.062 info Netsdk:63708 16048:32964 dhnetsdk.cpp:2104]Leave CLIENT_StopRealPlayEx. ret:1
[2026-03-25T14:46:16.062 info Netsdk:63708 16048:32964 dhnetsdk.cpp:1075]Enter CLIENT_Logout. lLoginID:-731792784.
[2026-03-25T14:46:16.062 error Netsdk:63708 16048:32964 TPTCPClient.cpp:723]Device is not online, ip:192.168.1.23
[2026-03-25T14:46:16.063 info Netsdk:63708 16048:32964 dhnetsdk.cpp:1097]Leave CLIENT_Logout. ret:1
Begin Time:2026-03-25T14:46:17.526
[2026-03-25T14:46:17.526 info Netsdk:63708 26376:47320 AVNetSDKMgr.cpp:504]Load avnetsdk library dynamically
[2026-03-25T14:46:17.540 info Netsdk:63708 26376:47320 AVNetSDKMgr.cpp:549]avnetsdk module handle: 0000022CFDA40000

[2026-03-25T14:46:17.540 info Netsdk:63708 26376:47320 AVNetSDKMgr.cpp:823]Load configsdk dynamically
[2026-03-25T14:46:17.543 info Netsdk:63708 26376:47320 dhnetsdk.cpp:352]Enter CLIENT_SetNetworkParam:[nWaittime=0, nConnectTime=0, nConnectTryNum=2, nSubConnectSpaceTime=0, nGetDevInfoTime=3000, nConnectBufSize=0, nGetConnInfoTime=0, nSearchRecordTime=0, nsubDisconnetTime=0, byNetType=0, byPlaybackBufSize=0, bDetectDisconnTime=0, bKeepLifeInterval=0, nPicBufSize=0].
[2026-03-25T14:46:17.543 info Netsdk:63708 26376:47320 dhnetsdk.cpp:367]Leave CLIENT_SetNetworkParam.
[2026-03-25T14:46:17.543 info Netsdk:63708 26376:47320 dhnetsdk.cpp:302]Enter CLIENT_SetAutoReconnect:[cbAutoConnect=00007FF6EAD2A000, dwUser=000000C5E7BDEB00].
[2026-03-25T14:46:17.543 info Netsdk:63708 26376:47320 dhnetsdk.cpp:304]Leave CLIENT_SetAutoReconnect.
[2026-03-25T14:46:17.583 info Netsdk:63708 26376:47320 dhnetsdk.cpp:991]Enter CLIENT_LoginWithHighLevelSecurity. pstInParam:000000C5E7BDD0A0, pstOutParam:000000C5E7BDD1A0.
[2026-03-25T14:46:17.583 info Netsdk:63708 26376:47320 dhnetsdk.cpp:1007]IP:192.168.1.23, port:37777, SpeCap:0, CapParam:0000000000000000, TLSCap:0
[2026-03-25T14:46:17.758 info Netsdk:63708 26376:47320 dhnetsdk.cpp:1054]Leave CLIENT_LoginWithHighLevelSecurity. error:0, login ID:-117869408.
[2026-03-25T14:46:17.764 info Netsdk:63708 26376:47320 dhnetsdk.cpp:8181]Enter CLIENT_QueryDevState. [lLoginID=-117869408, nType=4, pBuf=000000C5E7BDB6E0, nBufLen=3076, pRetLen=000000C5E7BDCF34, waittime=3000.]
[2026-03-25T14:46:17.773 info Netsdk:63708 26376:47320 dhnetsdk.cpp:8205]Leave CLIENT_QueryDevState.ret:1.
Begin Time:2026-03-25T14:48:38.670
[2026-03-25T14:48:38.670 info Netsdk:63708 13564:39280 AVNetSDKMgr.cpp:504]Load avnetsdk library dynamically
[2026-03-25T14:48:38.688 info Netsdk:63708 13564:39280 AVNetSDKMgr.cpp:549]avnetsdk module handle: 000002C5D4EB0000

[2026-03-25T14:48:38.688 info Netsdk:63708 13564:39280 AVNetSDKMgr.cpp:823]Load configsdk dynamically
[2026-03-25T14:48:38.690 info Netsdk:63708 13564:39280 dhnetsdk.cpp:352]Enter CLIENT_SetNetworkParam:[nWaittime=0, nConnectTime=0, nConnectTryNum=2, nSubConnectSpaceTime=0, nGetDevInfoTime=3000, nConnectBufSize=0, nGetConnInfoTime=0, nSearchRecordTime=0, nsubDisconnetTime=0, byNetType=0, byPlaybackBufSize=0, bDetectDisconnTime=0, bKeepLifeInterval=0, nPicBufSize=0].
[2026-03-25T14:48:38.692 info Netsdk:63708 13564:39280 dhnetsdk.cpp:367]Leave CLIENT_SetNetworkParam.
[2026-03-25T14:48:38.692 info Netsdk:63708 13564:39280 dhnetsdk.cpp:302]Enter CLIENT_SetAutoReconnect:[cbAutoConnect=00007FF6EAD2A000, dwUser=000000FB206FE4E0].
[2026-03-25T14:48:38.692 info Netsdk:63708 13564:39280 dhnetsdk.cpp:304]Leave CLIENT_SetAutoReconnect.
[2026-03-25T14:48:39.120 info Netsdk:63708 13564:39280 dhnetsdk.cpp:991]Enter CLIENT_LoginWithHighLevelSecurity. pstInParam:000000FB206FCA80, pstOutParam:000000FB206FCB80.
[2026-03-25T14:48:39.120 info Netsdk:63708 13564:39280 dhnetsdk.cpp:1007]IP:192.168.1.23, port:37777, SpeCap:0, CapParam:0000000000000000, TLSCap:0
Begin Time:2026-03-25T14:48:39.177
[2026-03-25T14:48:39.177 info Netsdk:63708 40992:31968 AVNetSDKMgr.cpp:504]Load avnetsdk library dynamically
[2026-03-25T14:48:39.180 info Netsdk:63708 40992:31968 AVNetSDKMgr.cpp:549]avnetsdk module handle: 0000020018250000

[2026-03-25T14:48:39.180 info Netsdk:63708 40992:31968 AVNetSDKMgr.cpp:823]Load configsdk dynamically
[2026-03-25T14:48:39.182 info Netsdk:63708 40992:31968 dhnetsdk.cpp:302]Enter CLIENT_SetAutoReconnect:[cbAutoConnect=00007FF6FE91A109, dwUser=000000154A2FCCC0].
[2026-03-25T14:48:39.182 info Netsdk:63708 40992:31968 dhnetsdk.cpp:304]Leave CLIENT_SetAutoReconnect.
[2026-03-25T14:48:39.210 info Netsdk:63708 40992:31968 dhnetsdk.cpp:991]Enter CLIENT_LoginWithHighLevelSecurity. pstInParam:000000154A2FB180, pstOutParam:000000154A2FB280.
[2026-03-25T14:48:39.210 info Netsdk:63708 40992:31968 dhnetsdk.cpp:1007]IP:192.168.1.23, port:37777, SpeCap:0, CapParam:0000000000000000, TLSCap:0
[2026-03-25T14:48:39.660 info Netsdk:63708 13564:39280 dhnetsdk.cpp:1054]Leave CLIENT_LoginWithHighLevelSecurity. error:0, login ID:-744771552.
[2026-03-25T14:48:39.672 info Netsdk:63708 13564:39280 dhnetsdk.cpp:8181]Enter CLIENT_QueryDevState. [lLoginID=-744771552, nType=4, pBuf=000000FB206FB0C0, nBufLen=3076, pRetLen=000000FB206FC914, waittime=3000.]
[2026-03-25T14:48:39.702 info Netsdk:63708 13564:39280 dhnetsdk.cpp:8205]Leave CLIENT_QueryDevState.ret:1.
[2026-03-25T14:48:39.746 info Netsdk:63708 40992:31968 dhnetsdk.cpp:1054]Leave CLIENT_LoginWithHighLevelSecurity. error:0, login ID:208977552.
[2026-03-25T14:48:39.757 info Netsdk:63708 40992:31968 dhnetsdk.cpp:8181]Enter CLIENT_QueryDevState. [lLoginID=208977552, nType=82, pBuf=000000154A2FB3A8, nBufLen=60, pRetLen=000000154A2FB384, waittime=1000.]
[2026-03-25T14:48:39.921 info Netsdk:63708 40992:31968 dhnetsdk.cpp:8205]Leave CLIENT_QueryDevState.ret:1.
[2026-03-25T14:48:39.940 info Netsdk:63708 40992:31968 dhnetsdk.cpp:1288]Enter CLIENT_RealPlayEx. lLoginID:208977552. nChannelID:0. rType:0
[2026-03-25T14:48:40.394 error Netsdk:63708 40992:31968 Generation2ProtocolSecureTransmit.cpp:661]Not find
[2026-03-25T14:48:40.394 info Netsdk:63708 40992:31968 DevConfigEx.cpp:11689]IN SetupSession PORT=0 and PORT: 37777
[2026-03-25T14:48:40.506 info Netsdk:63708 40992:31968 dhnetsdk.cpp:1354]Leave CLIENT_RealPlayEx. ret:209016848
[2026-03-25T14:49:13.195 info Netsdk:63708 40992:31968 dhnetsdk.cpp:2090]Enter CLIENT_StopRealPlayEx. lRealHandle:209016848.
[2026-03-25T14:49:13.203 info Netsdk:63708 40992:31968 dhnetsdk.cpp:2104]Leave CLIENT_StopRealPlayEx. ret:1
[2026-03-25T14:49:13.203 info Netsdk:63708 40992:31968 dhnetsdk.cpp:1075]Enter CLIENT_Logout. lLoginID:208977552.
[2026-03-25T14:49:13.203 error Netsdk:63708 40992:31968 TPTCPClient.cpp:723]Device is not online, ip:192.168.1.23
[2026-03-25T14:49:13.203 info Netsdk:63708 40992:31968 dhnetsdk.cpp:1097]Leave CLIENT_Logout. ret:1
[2026-03-25T14:49:13.723 info Netsdk:63708 13564:39280 dhnetsdk.cpp:1075]Enter CLIENT_Logout. lLoginID:-744771552.
[2026-03-25T14:49:13.723 error Netsdk:63708 13564:39280 TPTCPClient.cpp:723]Device is not online, ip:192.168.1.23
[2026-03-25T14:49:13.723 info Netsdk:63708 13564:39280 dhnetsdk.cpp:1097]Leave CLIENT_Logout. ret:1
Begin Time:2026-03-25T18:31:52.951
[2026-03-25T18:31:52.952 info Netsdk:63708 55576:55580 AVNetSDKMgr.cpp:504]Load avnetsdk library dynamically
[2026-03-25T18:31:52.969 info Netsdk:63708 55576:55580 AVNetSDKMgr.cpp:549]avnetsdk module handle: 0000024AE9330000

[2026-03-25T18:31:52.969 info Netsdk:63708 55576:55580 AVNetSDKMgr.cpp:823]Load configsdk dynamically
[2026-03-25T18:31:52.972 info Netsdk:63708 55576:55580 dhnetsdk.cpp:352]Enter CLIENT_SetNetworkParam:[nWaittime=0, nConnectTime=0, nConnectTryNum=2, nSubConnectSpaceTime=0, nGetDevInfoTime=3000, nConnectBufSize=0, nGetConnInfoTime=0, nSearchRecordTime=0, nsubDisconnetTime=0, byNetType=0, byPlaybackBufSize=0, bDetectDisconnTime=0, bKeepLifeInterval=0, nPicBufSize=0].
[2026-03-25T18:31:52.972 info Netsdk:63708 55576:55580 dhnetsdk.cpp:367]Leave CLIENT_SetNetworkParam.
[2026-03-25T18:31:52.972 info Netsdk:63708 55576:55580 dhnetsdk.cpp:302]Enter CLIENT_SetAutoReconnect:[cbAutoConnect=00007FF7588EA000, dwUser=000000746513E7E0].
[2026-03-25T18:31:52.972 info Netsdk:63708 55576:55580 dhnetsdk.cpp:304]Leave CLIENT_SetAutoReconnect.
[2026-03-25T18:31:53.337 info Netsdk:63708 55576:55580 dhnetsdk.cpp:991]Enter CLIENT_LoginWithHighLevelSecurity. pstInParam:000000746513CD80, pstOutParam:000000746513CE80.
[2026-03-25T18:31:53.337 info Netsdk:63708 55576:55580 dhnetsdk.cpp:1007]IP:192.168.1.23, port:37777, SpeCap:0, CapParam:0000000000000000, TLSCap:0
[2026-03-25T18:31:53.552 info Netsdk:63708 55576:55580 dhnetsdk.cpp:1054]Leave CLIENT_LoginWithHighLevelSecurity. error:0, login ID:-395199984.
[2026-03-25T18:31:53.562 info Netsdk:63708 55576:55580 dhnetsdk.cpp:8181]Enter CLIENT_QueryDevState. [lLoginID=-395199984, nType=4, pBuf=000000746513B3C0, nBufLen=3076, pRetLen=000000746513CC14, waittime=3000.]
[2026-03-25T18:31:53.573 info Netsdk:63708 55576:55580 dhnetsdk.cpp:8205]Leave CLIENT_QueryDevState.ret:1.
Begin Time:2026-03-25T18:31:53.677
[2026-03-25T18:31:53.677 info Netsdk:63708 55804:55808 AVNetSDKMgr.cpp:504]Load avnetsdk library dynamically
[2026-03-25T18:31:53.680 info Netsdk:63708 55804:55808 AVNetSDKMgr.cpp:549]avnetsdk module handle: 000002E2CACF0000

[2026-03-25T18:31:53.680 info Netsdk:63708 55804:55808 AVNetSDKMgr.cpp:823]Load configsdk dynamically
[2026-03-25T18:31:53.681 info Netsdk:63708 55804:55808 dhnetsdk.cpp:302]Enter CLIENT_SetAutoReconnect:[cbAutoConnect=00007FF695BFA109, dwUser=000000E3B51FCAF0].
[2026-03-25T18:31:53.681 info Netsdk:63708 55804:55808 dhnetsdk.cpp:304]Leave CLIENT_SetAutoReconnect.
[2026-03-25T18:31:53.701 info Netsdk:63708 55804:55808 dhnetsdk.cpp:991]Enter CLIENT_LoginWithHighLevelSecurity. pstInParam:000000E3B51FAFB0, pstOutParam:000000E3B51FB0B0.
[2026-03-25T18:31:53.701 info Netsdk:63708 55804:55808 dhnetsdk.cpp:1007]IP:192.168.1.23, port:37777, SpeCap:0, CapParam:0000000000000000, TLSCap:0
[2026-03-25T18:31:53.910 info Netsdk:63708 55804:55808 dhnetsdk.cpp:1054]Leave CLIENT_LoginWithHighLevelSecurity. error:0, login ID:-1142703536.
[2026-03-25T18:31:53.912 info Netsdk:63708 55804:55808 dhnetsdk.cpp:8181]Enter CLIENT_QueryDevState. [lLoginID=-1142703536, nType=82, pBuf=000000E3B51FB1D8, nBufLen=60, pRetLen=000000E3B51FB1B4, waittime=1000.]
[2026-03-25T18:31:53.992 info Netsdk:63708 55804:55808 dhnetsdk.cpp:8205]Leave CLIENT_QueryDevState.ret:1.
[2026-03-25T18:31:53.999 info Netsdk:63708 55804:55808 dhnetsdk.cpp:1288]Enter CLIENT_RealPlayEx. lLoginID:-1142703536. nChannelID:0. rType:0
[2026-03-25T18:31:54.999 error Netsdk:63708 55804:55808 Generation2ProtocolSecureTransmit.cpp:661]Not find
[2026-03-25T18:31:54.999 info Netsdk:63708 55804:55808 DevConfigEx.cpp:11689]IN SetupSession PORT=0 and PORT: 37777
[2026-03-25T18:31:55.163 info Netsdk:63708 55804:55808 dhnetsdk.cpp:1354]Leave CLIENT_RealPlayEx. ret:-1142674848
[2026-03-25T18:32:37.683 info Netsdk:63708 55804:55808 dhnetsdk.cpp:2090]Enter CLIENT_StopRealPlayEx. lRealHandle:-1142674848.
[2026-03-25T18:32:37.699 info Netsdk:63708 55804:55808 dhnetsdk.cpp:2104]Leave CLIENT_StopRealPlayEx. ret:1
[2026-03-25T18:32:37.699 info Netsdk:63708 55804:55808 dhnetsdk.cpp:1075]Enter CLIENT_Logout. lLoginID:-1142703536.
[2026-03-25T18:32:37.703 error Netsdk:63708 55804:55808 TPTCPClient.cpp:723]Device is not online, ip:192.168.1.23
[2026-03-25T18:32:37.703 info Netsdk:63708 55804:55808 dhnetsdk.cpp:1097]Leave CLIENT_Logout. ret:1
[2026-03-25T18:32:37.995 info Netsdk:63708 55576:55580 dhnetsdk.cpp:1075]Enter CLIENT_Logout. lLoginID:-395199984.
[2026-03-25T18:32:37.995 error Netsdk:63708 55576:55580 TPTCPClient.cpp:723]Device is not online, ip:192.168.1.23
[2026-03-25T18:32:37.995 info Netsdk:63708 55576:55580 dhnetsdk.cpp:1097]Leave CLIENT_Logout. ret:1
Begin Time:2026-03-25T18:35:24.312
[2026-03-25T18:35:24.312 info Netsdk:63708 51408:54372 AVNetSDKMgr.cpp:504]Load avnetsdk library dynamically
[2026-03-25T18:35:24.332 info Netsdk:63708 51408:54372 AVNetSDKMgr.cpp:549]avnetsdk module handle: 000001FB14C60000

[2026-03-25T18:35:24.332 info Netsdk:63708 51408:54372 AVNetSDKMgr.cpp:823]Load configsdk dynamically
[2026-03-25T18:35:24.334 info Netsdk:63708 51408:54372 dhnetsdk.cpp:352]Enter CLIENT_SetNetworkParam:[nWaittime=0, nConnectTime=0, nConnectTryNum=2, nSubConnectSpaceTime=0, nGetDevInfoTime=3000, nConnectBufSize=0, nGetConnInfoTime=0, nSearchRecordTime=0, nsubDisconnetTime=0, byNetType=0, byPlaybackBufSize=0, bDetectDisconnTime=0, bKeepLifeInterval=0, nPicBufSize=0].
[2026-03-25T18:35:24.334 info Netsdk:63708 51408:54372 dhnetsdk.cpp:367]Leave CLIENT_SetNetworkParam.
[2026-03-25T18:35:24.334 info Netsdk:63708 51408:54372 dhnetsdk.cpp:302]Enter CLIENT_SetAutoReconnect:[cbAutoConnect=00007FF7588EA000, dwUser=000000669E6FE650].
[2026-03-25T18:35:24.334 info Netsdk:63708 51408:54372 dhnetsdk.cpp:304]Leave CLIENT_SetAutoReconnect.
[2026-03-25T18:35:24.676 info Netsdk:63708 51408:54372 dhnetsdk.cpp:991]Enter CLIENT_LoginWithHighLevelSecurity. pstInParam:000000669E6FCBF0, pstOutParam:000000669E6FCCF0.
[2026-03-25T18:35:24.676 info Netsdk:63708 51408:54372 dhnetsdk.cpp:1007]IP:192.168.1.23, port:37777, SpeCap:0, CapParam:0000000000000000, TLSCap:0
Begin Time:2026-03-25T18:35:24.706
[2026-03-25T18:35:24.706 info Netsdk:63708 52556:54276 AVNetSDKMgr.cpp:504]Load avnetsdk library dynamically
[2026-03-25T18:35:24.709 info Netsdk:63708 52556:54276 AVNetSDKMgr.cpp:549]avnetsdk module handle: 0000015265E70000

[2026-03-25T18:35:24.709 info Netsdk:63708 52556:54276 AVNetSDKMgr.cpp:823]Load configsdk dynamically
[2026-03-25T18:35:24.710 info Netsdk:63708 52556:54276 dhnetsdk.cpp:302]Enter CLIENT_SetAutoReconnect:[cbAutoConnect=00007FF695BFA109, dwUser=0000002C35AFD1C0].
[2026-03-25T18:35:24.710 info Netsdk:63708 52556:54276 dhnetsdk.cpp:304]Leave CLIENT_SetAutoReconnect.
[2026-03-25T18:35:24.721 info Netsdk:63708 52556:54276 dhnetsdk.cpp:991]Enter CLIENT_LoginWithHighLevelSecurity. pstInParam:0000002C35AFB680, pstOutParam:0000002C35AFB780.
[2026-03-25T18:35:24.721 info Netsdk:63708 52556:54276 dhnetsdk.cpp:1007]IP:192.168.1.23, port:37777, SpeCap:0, CapParam:0000000000000000, TLSCap:0
[2026-03-25T18:35:24.924 info Netsdk:63708 52556:54276 dhnetsdk.cpp:1054]Leave CLIENT_LoginWithHighLevelSecurity. error:0, login ID:1515960912.
[2026-03-25T18:35:24.929 info Netsdk:63708 52556:54276 dhnetsdk.cpp:8181]Enter CLIENT_QueryDevState. [lLoginID=1515960912, nType=82, pBuf=0000002C35AFB8A8, nBufLen=60, pRetLen=0000002C35AFB884, waittime=1000.]
[2026-03-25T18:35:25.094 info Netsdk:63708 52556:54276 dhnetsdk.cpp:8205]Leave CLIENT_QueryDevState.ret:1.
[2026-03-25T18:35:25.103 info Netsdk:63708 52556:54276 dhnetsdk.cpp:1288]Enter CLIENT_RealPlayEx. lLoginID:1515960912. nChannelID:0. rType:0
[2026-03-25T18:35:25.138 info Netsdk:63708 51408:54372 dhnetsdk.cpp:1054]Leave CLIENT_LoginWithHighLevelSecurity. error:0, login ID:327594288.
[2026-03-25T18:35:25.144 info Netsdk:63708 51408:54372 dhnetsdk.cpp:8181]Enter CLIENT_QueryDevState. [lLoginID=327594288, nType=4, pBuf=000000669E6FB230, nBufLen=3076, pRetLen=000000669E6FCA84, waittime=3000.]
[2026-03-25T18:35:25.177 info Netsdk:63708 51408:54372 dhnetsdk.cpp:8205]Leave CLIENT_QueryDevState.ret:1.
[2026-03-25T18:35:25.505 error Netsdk:63708 52556:54276 Generation2ProtocolSecureTransmit.cpp:661]Not find
[2026-03-25T18:35:25.505 info Netsdk:63708 52556:54276 DevConfigEx.cpp:11689]IN SetupSession PORT=0 and PORT: 37777
[2026-03-25T18:35:25.595 info Netsdk:63708 52556:54276 dhnetsdk.cpp:1354]Leave CLIENT_RealPlayEx. ret:1715281648
[2026-03-25T18:36:08.741 info Netsdk:63708 52556:54276 dhnetsdk.cpp:2090]Enter CLIENT_StopRealPlayEx. lRealHandle:1715281648.
[2026-03-25T18:36:08.749 info Netsdk:63708 52556:54276 dhnetsdk.cpp:2104]Leave CLIENT_StopRealPlayEx. ret:1
[2026-03-25T18:36:08.749 info Netsdk:63708 52556:54276 dhnetsdk.cpp:1075]Enter CLIENT_Logout. lLoginID:1515960912.
[2026-03-25T18:36:08.749 error Netsdk:63708 52556:54276 TPTCPClient.cpp:723]Device is not online, ip:192.168.1.23
[2026-03-25T18:36:08.749 info Netsdk:63708 52556:54276 dhnetsdk.cpp:1097]Leave CLIENT_Logout. ret:1
[2026-03-25T18:36:09.352 info Netsdk:63708 51408:54372 dhnetsdk.cpp:1075]Enter CLIENT_Logout. lLoginID:327594288.
[2026-03-25T18:36:09.352 error Netsdk:63708 51408:54372 TPTCPClient.cpp:723]Device is not online, ip:192.168.1.23
[2026-03-25T18:36:09.352 info Netsdk:63708 51408:54372 dhnetsdk.cpp:1097]Leave CLIENT_Logout. ret:1
Begin Time:2026-03-25T19:03:25.979
[2026-03-25T19:03:25.979 info Netsdk:63708 58740:58744 AVNetSDKMgr.cpp:504]Load avnetsdk library dynamically
Begin Time:2026-03-25T19:03:25.993
[2026-03-25T19:03:25.993 info Netsdk:63708 58752:58756 AVNetSDKMgr.cpp:504]Load avnetsdk library dynamically
[2026-03-25T19:03:25.995 info Netsdk:63708 58752:58756 AVNetSDKMgr.cpp:549]avnetsdk module handle: 00000159168E0000

[2026-03-25T19:03:25.995 info Netsdk:63708 58752:58756 AVNetSDKMgr.cpp:823]Load configsdk dynamically
[2026-03-25T19:03:25.996 info Netsdk:63708 58752:58756 dhnetsdk.cpp:302]Enter CLIENT_SetAutoReconnect:[cbAutoConnect=00007FF695BFA109, dwUser=0000000722EFCD00].
[2026-03-25T19:03:25.996 info Netsdk:63708 58752:58756 dhnetsdk.cpp:304]Leave CLIENT_SetAutoReconnect.
[2026-03-25T19:03:25.998 info Netsdk:63708 58740:58744 AVNetSDKMgr.cpp:549]avnetsdk module handle: 000001D9698F0000

[2026-03-25T19:03:25.998 info Netsdk:63708 58740:58744 AVNetSDKMgr.cpp:823]Load configsdk dynamically
[2026-03-25T19:03:26.001 info Netsdk:63708 58740:58744 dhnetsdk.cpp:352]Enter CLIENT_SetNetworkParam:[nWaittime=0, nConnectTime=0, nConnectTryNum=2, nSubConnectSpaceTime=0, nGetDevInfoTime=3000, nConnectBufSize=0, nGetConnInfoTime=0, nSearchRecordTime=0, nsubDisconnetTime=0, byNetType=0, byPlaybackBufSize=0, bDetectDisconnTime=0, bKeepLifeInterval=0, nPicBufSize=0].
[2026-03-25T19:03:26.001 info Netsdk:63708 58740:58744 dhnetsdk.cpp:367]Leave CLIENT_SetNetworkParam.
[2026-03-25T19:03:26.001 info Netsdk:63708 58740:58744 dhnetsdk.cpp:302]Enter CLIENT_SetAutoReconnect:[cbAutoConnect=00007FF7588EA000, dwUser=000000B0C24FE9E0].
[2026-03-25T19:03:26.001 info Netsdk:63708 58740:58744 dhnetsdk.cpp:304]Leave CLIENT_SetAutoReconnect.
[2026-03-25T19:03:26.011 info Netsdk:63708 58752:58756 dhnetsdk.cpp:991]Enter CLIENT_LoginWithHighLevelSecurity. pstInParam:0000000722EFB1C0, pstOutParam:0000000722EFB2C0.
[2026-03-25T19:03:26.011 info Netsdk:63708 58752:58756 dhnetsdk.cpp:1007]IP:192.168.1.23, port:37777, SpeCap:0, CapParam:0000000000000000, TLSCap:0
[2026-03-25T19:03:26.081 info Netsdk:63708 58740:58744 dhnetsdk.cpp:991]Enter CLIENT_LoginWithHighLevelSecurity. pstInParam:000000B0C24FCF80, pstOutParam:000000B0C24FD080.
[2026-03-25T19:03:26.082 info Netsdk:63708 58740:58744 dhnetsdk.cpp:1007]IP:192.168.1.23, port:37777, SpeCap:0, CapParam:0000000000000000, TLSCap:0
[2026-03-25T19:03:26.305 info Netsdk:63708 58752:58756 dhnetsdk.cpp:1054]Leave CLIENT_LoginWithHighLevelSecurity. error:0, login ID:316059200.
[2026-03-25T19:03:26.321 info Netsdk:63708 58752:58756 dhnetsdk.cpp:8181]Enter CLIENT_QueryDevState. [lLoginID=316059200, nType=82, pBuf=0000000722EFB3E8, nBufLen=60, pRetLen=0000000722EFB3C4, waittime=1000.]
[2026-03-25T19:03:26.380 info Netsdk:63708 58740:58744 dhnetsdk.cpp:1054]Leave CLIENT_LoginWithHighLevelSecurity. error:0, login ID:1683593248.
[2026-03-25T19:03:26.387 info Netsdk:63708 58740:58744 dhnetsdk.cpp:8181]Enter CLIENT_QueryDevState. [lLoginID=1683593248, nType=4, pBuf=000000B0C24FB5C0, nBufLen=3076, pRetLen=000000B0C24FCE14, waittime=3000.]
[2026-03-25T19:03:26.404 info Netsdk:63708 58740:58744 dhnetsdk.cpp:8205]Leave CLIENT_QueryDevState.ret:1.
[2026-03-25T19:03:26.430 info Netsdk:63708 58752:58756 dhnetsdk.cpp:8205]Leave CLIENT_QueryDevState.ret:1.
[2026-03-25T19:03:26.450 info Netsdk:63708 58752:58756 dhnetsdk.cpp:1288]Enter CLIENT_RealPlayEx. lLoginID:316059200. nChannelID:0. rType:0
[2026-03-25T19:03:26.863 error Netsdk:63708 58752:58756 Generation2ProtocolSecureTransmit.cpp:661]Not find
[2026-03-25T19:03:26.863 info Netsdk:63708 58752:58756 DevConfigEx.cpp:11689]IN SetupSession PORT=0 and PORT: 37777
[2026-03-25T19:03:26.970 info Netsdk:63708 58752:58756 dhnetsdk.cpp:1354]Leave CLIENT_RealPlayEx. ret:384117600
[2026-03-25T19:04:01.000 info Netsdk:63708 58752:58756 dhnetsdk.cpp:2090]Enter CLIENT_StopRealPlayEx. lRealHandle:384117600.
[2026-03-25T19:04:01.014 info Netsdk:63708 58740:58744 dhnetsdk.cpp:1075]Enter CLIENT_Logout. lLoginID:1683593248.
[2026-03-25T19:04:01.014 error Netsdk:63708 58740:58744 TPTCPClient.cpp:723]Device is not online, ip:192.168.1.23
[2026-03-25T19:04:01.014 info Netsdk:63708 58740:58744 dhnetsdk.cpp:1097]Leave CLIENT_Logout. ret:1
[2026-03-25T19:04:01.018 info Netsdk:63708 58752:58756 dhnetsdk.cpp:2104]Leave CLIENT_StopRealPlayEx. ret:1
[2026-03-25T19:04:01.018 info Netsdk:63708 58752:58756 dhnetsdk.cpp:1075]Enter CLIENT_Logout. lLoginID:316059200.
[2026-03-25T19:04:01.018 error Netsdk:63708 58752:58756 TPTCPClient.cpp:723]Device is not online, ip:192.168.1.23
[2026-03-25T19:04:01.018 info Netsdk:63708 58752:58756 dhnetsdk.cpp:1097]Leave CLIENT_Logout. ret:1
Begin Time:2026-03-26T09:17:04.679
[2026-03-26T09:17:04.679 info Netsdk:63708 10108:10328 AVNetSDKMgr.cpp:504]Load avnetsdk library dynamically
[2026-03-26T09:17:04.698 info Netsdk:63708 10108:10328 AVNetSDKMgr.cpp:549]avnetsdk module handle: 0000015F25A50000

[2026-03-26T09:17:04.698 info Netsdk:63708 10108:10328 AVNetSDKMgr.cpp:823]Load configsdk dynamically
[2026-03-26T09:17:04.701 info Netsdk:63708 10108:10328 dhnetsdk.cpp:352]Enter CLIENT_SetNetworkParam:[nWaittime=0, nConnectTime=0, nConnectTryNum=2, nSubConnectSpaceTime=0, nGetDevInfoTime=3000, nConnectBufSize=0, nGetConnInfoTime=0, nSearchRecordTime=0, nsubDisconnetTime=0, byNetType=0, byPlaybackBufSize=0, bDetectDisconnTime=0, bKeepLifeInterval=0, nPicBufSize=0].
[2026-03-26T09:17:04.701 info Netsdk:63708 10108:10328 dhnetsdk.cpp:367]Leave CLIENT_SetNetworkParam.
[2026-03-26T09:17:04.701 info Netsdk:63708 10108:10328 dhnetsdk.cpp:302]Enter CLIENT_SetAutoReconnect:[cbAutoConnect=00007FF7F889A000, dwUser=0000002DA58FE9E0].
[2026-03-26T09:17:04.701 info Netsdk:63708 10108:10328 dhnetsdk.cpp:304]Leave CLIENT_SetAutoReconnect.
[2026-03-26T09:17:04.934 info Netsdk:63708 10108:10328 dhnetsdk.cpp:991]Enter CLIENT_LoginWithHighLevelSecurity. pstInParam:0000002DA58FCF80, pstOutParam:0000002DA58FD080.
[2026-03-26T09:17:04.935 info Netsdk:63708 10108:10328 dhnetsdk.cpp:1007]IP:192.168.1.23, port:37777, SpeCap:0, CapParam:0000000000000000, TLSCap:0
Begin Time:2026-03-26T09:17:04.977
[2026-03-26T09:17:04.977 info Netsdk:63708 56668:57984 AVNetSDKMgr.cpp:504]Load avnetsdk library dynamically
[2026-03-26T09:17:04.978 info Netsdk:63708 56668:57984 AVNetSDKMgr.cpp:549]avnetsdk module handle: 000001FE170B0000

[2026-03-26T09:17:04.978 info Netsdk:63708 56668:57984 AVNetSDKMgr.cpp:823]Load configsdk dynamically
[2026-03-26T09:17:04.979 info Netsdk:63708 56668:57984 dhnetsdk.cpp:302]Enter CLIENT_SetAutoReconnect:[cbAutoConnect=00007FF71F5DA109, dwUser=0000009C8D8FCB70].
[2026-03-26T09:17:04.979 info Netsdk:63708 56668:57984 dhnetsdk.cpp:304]Leave CLIENT_SetAutoReconnect.
[2026-03-26T09:17:04.988 info Netsdk:63708 56668:57984 dhnetsdk.cpp:991]Enter CLIENT_LoginWithHighLevelSecurity. pstInParam:0000009C8D8FB030, pstOutParam:0000009C8D8FB130.
[2026-03-26T09:17:04.988 info Netsdk:63708 56668:57984 dhnetsdk.cpp:1007]IP:192.168.1.23, port:37777, SpeCap:0, CapParam:0000000000000000, TLSCap:0
[2026-03-26T09:17:05.225 info Netsdk:63708 10108:10328 dhnetsdk.cpp:1054]Leave CLIENT_LoginWithHighLevelSecurity. error:0, login ID:588100576.
[2026-03-26T09:17:05.229 info Netsdk:63708 10108:10328 dhnetsdk.cpp:8181]Enter CLIENT_QueryDevState. [lLoginID=588100576, nType=4, pBuf=0000002DA58FB5C0, nBufLen=3076, pRetLen=0000002DA58FCE14, waittime=3000.]
[2026-03-26T09:17:05.272 info Netsdk:63708 56668:57984 dhnetsdk.cpp:1054]Leave CLIENT_LoginWithHighLevelSecurity. error:0, login ID:136231504.
[2026-03-26T09:17:05.273 info Netsdk:63708 10108:10328 dhnetsdk.cpp:8205]Leave CLIENT_QueryDevState.ret:1.
[2026-03-26T09:17:05.274 info Netsdk:63708 56668:57984 dhnetsdk.cpp:8181]Enter CLIENT_QueryDevState. [lLoginID=136231504, nType=82, pBuf=0000009C8D8FB258, nBufLen=60, pRetLen=0000009C8D8FB234, waittime=1000.]
[2026-03-26T09:17:05.383 info Netsdk:63708 56668:57984 dhnetsdk.cpp:8205]Leave CLIENT_QueryDevState.ret:1.
[2026-03-26T09:17:05.392 info Netsdk:63708 56668:57984 dhnetsdk.cpp:1288]Enter CLIENT_RealPlayEx. lLoginID:136231504. nChannelID:0. rType:0
[2026-03-26T09:17:05.652 error Netsdk:63708 56668:57984 Generation2ProtocolSecureTransmit.cpp:661]Not find
[2026-03-26T09:17:05.652 info Netsdk:63708 56668:57984 DevConfigEx.cpp:11689]IN SetupSession PORT=0 and PORT: 37777
[2026-03-26T09:17:05.778 info Netsdk:63708 56668:57984 dhnetsdk.cpp:1354]Leave CLIENT_RealPlayEx. ret:136260208
[2026-03-26T09:17:54.708 info Netsdk:63708 10108:10328 dhnetsdk.cpp:1075]Enter CLIENT_Logout. lLoginID:588100576.
[2026-03-26T09:17:54.711 error Netsdk:63708 10108:10328 TPTCPClient.cpp:723]Device is not online, ip:192.168.1.23
[2026-03-26T09:17:54.711 info Netsdk:63708 10108:10328 dhnetsdk.cpp:1097]Leave CLIENT_Logout. ret:1
[2026-03-26T09:17:54.987 info Netsdk:63708 56668:57984 dhnetsdk.cpp:2090]Enter CLIENT_StopRealPlayEx. lRealHandle:136260208.
[2026-03-26T09:17:55.017 info Netsdk:63708 56668:57984 dhnetsdk.cpp:2104]Leave CLIENT_StopRealPlayEx. ret:1
[2026-03-26T09:17:55.018 info Netsdk:63708 56668:57984 dhnetsdk.cpp:1075]Enter CLIENT_Logout. lLoginID:136231504.
[2026-03-26T09:17:55.018 error Netsdk:63708 56668:57984 TPTCPClient.cpp:723]Device is not online, ip:192.168.1.23
[2026-03-26T09:17:55.018 info Netsdk:63708 56668:57984 dhnetsdk.cpp:1097]Leave CLIENT_Logout. ret:1
Begin Time:2026-03-26T10:15:04.457
[2026-03-26T10:15:04.457 info Netsdk:63708 70264:59824 AVNetSDKMgr.cpp:504]Load avnetsdk library dynamically
[2026-03-26T10:15:04.475 info Netsdk:63708 70264:59824 AVNetSDKMgr.cpp:549]avnetsdk module handle: 0000020FDEE80000

[2026-03-26T10:15:04.476 info Netsdk:63708 70264:59824 AVNetSDKMgr.cpp:823]Load configsdk dynamically
[2026-03-26T10:15:04.479 info Netsdk:63708 70264:59824 dhnetsdk.cpp:352]Enter CLIENT_SetNetworkParam:[nWaittime=0, nConnectTime=0, nConnectTryNum=2, nSubConnectSpaceTime=0, nGetDevInfoTime=3000, nConnectBufSize=0, nGetConnInfoTime=0, nSearchRecordTime=0, nsubDisconnetTime=0, byNetType=0, byPlaybackBufSize=0, bDetectDisconnTime=0, bKeepLifeInterval=0, nPicBufSize=0].
[2026-03-26T10:15:04.479 info Netsdk:63708 70264:59824 dhnetsdk.cpp:367]Leave CLIENT_SetNetworkParam.
[2026-03-26T10:15:04.479 info Netsdk:63708 70264:59824 dhnetsdk.cpp:302]Enter CLIENT_SetAutoReconnect:[cbAutoConnect=00007FF7F889A000, dwUser=000000D738AFE3B0].
[2026-03-26T10:15:04.479 info Netsdk:63708 70264:59824 dhnetsdk.cpp:304]Leave CLIENT_SetAutoReconnect.
[2026-03-26T10:15:04.734 info Netsdk:63708 70264:59824 dhnetsdk.cpp:991]Enter CLIENT_LoginWithHighLevelSecurity. pstInParam:000000D738AFC950, pstOutParam:000000D738AFCA50.
[2026-03-26T10:15:04.734 info Netsdk:63708 70264:59824 dhnetsdk.cpp:1007]IP:192.168.1.23, port:37777, SpeCap:0, CapParam:0000000000000000, TLSCap:0
Begin Time:2026-03-26T10:15:04.745
[2026-03-26T10:15:04.745 info Netsdk:63708 69744:72440 AVNetSDKMgr.cpp:504]Load avnetsdk library dynamically
[2026-03-26T10:15:04.748 info Netsdk:63708 69744:72440 AVNetSDKMgr.cpp:549]avnetsdk module handle: 000001C805CD0000

[2026-03-26T10:15:04.748 info Netsdk:63708 69744:72440 AVNetSDKMgr.cpp:823]Load configsdk dynamically
[2026-03-26T10:15:04.749 info Netsdk:63708 69744:72440 dhnetsdk.cpp:302]Enter CLIENT_SetAutoReconnect:[cbAutoConnect=00007FF71F5DA109, dwUser=00000011DA4FD220].
[2026-03-26T10:15:04.749 info Netsdk:63708 69744:72440 dhnetsdk.cpp:304]Leave CLIENT_SetAutoReconnect.
[2026-03-26T10:15:04.765 info Netsdk:63708 69744:72440 dhnetsdk.cpp:991]Enter CLIENT_LoginWithHighLevelSecurity. pstInParam:00000011DA4FB6E0, pstOutParam:00000011DA4FB7E0.
[2026-03-26T10:15:04.765 info Netsdk:63708 69744:72440 dhnetsdk.cpp:1007]IP:192.168.1.23, port:37777, SpeCap:0, CapParam:0000000000000000, TLSCap:0
[2026-03-26T10:15:04.946 info Netsdk:63708 70264:59824 dhnetsdk.cpp:1054]Leave CLIENT_LoginWithHighLevelSecurity. error:0, login ID:-643253776.
[2026-03-26T10:15:04.950 info Netsdk:63708 70264:59824 dhnetsdk.cpp:8181]Enter CLIENT_QueryDevState. [lLoginID=-643253776, nType=4, pBuf=000000D738AFAF90, nBufLen=3076, pRetLen=000000D738AFC7E4, waittime=3000.]
[2026-03-26T10:15:04.976 info Netsdk:63708 69744:72440 dhnetsdk.cpp:1054]Leave CLIENT_LoginWithHighLevelSecurity. error:0, login ID:2083634752.
[2026-03-26T10:15:04.977 info Netsdk:63708 70264:59824 dhnetsdk.cpp:8205]Leave CLIENT_QueryDevState.ret:1.
[2026-03-26T10:15:04.986 info Netsdk:63708 69744:72440 dhnetsdk.cpp:8181]Enter CLIENT_QueryDevState. [lLoginID=2083634752, nType=82, pBuf=00000011DA4FB908, nBufLen=60, pRetLen=00000011DA4FB8E4, waittime=1000.]
[2026-03-26T10:15:05.104 info Netsdk:63708 69744:72440 dhnetsdk.cpp:8205]Leave CLIENT_QueryDevState.ret:1.
[2026-03-26T10:15:05.113 info Netsdk:63708 69744:72440 dhnetsdk.cpp:1288]Enter CLIENT_RealPlayEx. lLoginID:2083634752. nChannelID:0. rType:0
[2026-03-26T10:15:05.405 error Netsdk:63708 69744:72440 Generation2ProtocolSecureTransmit.cpp:661]Not find
[2026-03-26T10:15:05.405 info Netsdk:63708 69744:72440 DevConfigEx.cpp:11689]IN SetupSession PORT=0 and PORT: 37777
[2026-03-26T10:15:05.486 info Netsdk:63708 69744:72440 dhnetsdk.cpp:1354]Leave CLIENT_RealPlayEx. ret:2083710928
[2026-03-26T10:15:49.757 info Netsdk:63708 69744:72440 dhnetsdk.cpp:2090]Enter CLIENT_StopRealPlayEx. lRealHandle:2083710928.
[2026-03-26T10:15:49.772 info Netsdk:63708 69744:72440 dhnetsdk.cpp:2104]Leave CLIENT_StopRealPlayEx. ret:1
[2026-03-26T10:15:49.772 info Netsdk:63708 69744:72440 dhnetsdk.cpp:1075]Enter CLIENT_Logout. lLoginID:2083634752.
[2026-03-26T10:15:49.773 error Netsdk:63708 69744:72440 TPTCPClient.cpp:723]Device is not online, ip:192.168.1.23
[2026-03-26T10:15:49.773 info Netsdk:63708 69744:72440 dhnetsdk.cpp:1097]Leave CLIENT_Logout. ret:1
[2026-03-26T10:15:50.488 info Netsdk:63708 70264:59824 dhnetsdk.cpp:1075]Enter CLIENT_Logout. lLoginID:-643253776.
[2026-03-26T10:15:50.489 error Netsdk:63708 70264:59824 TPTCPClient.cpp:723]Device is not online, ip:192.168.1.23
[2026-03-26T10:15:50.489 info Netsdk:63708 70264:59824 dhnetsdk.cpp:1097]Leave CLIENT_Logout. ret:1
Begin Time:2026-03-26T11:08:10.724
[2026-03-26T11:08:10.724 info Netsdk:63708 70240:69028 AVNetSDKMgr.cpp:504]Load avnetsdk library dynamically
[2026-03-26T11:08:10.737 info Netsdk:63708 70240:69028 AVNetSDKMgr.cpp:549]avnetsdk module handle: 000002B195110000

[2026-03-26T11:08:10.737 info Netsdk:63708 70240:69028 AVNetSDKMgr.cpp:823]Load configsdk dynamically
[2026-03-26T11:08:10.739 info Netsdk:63708 70240:69028 dhnetsdk.cpp:352]Enter CLIENT_SetNetworkParam:[nWaittime=0, nConnectTime=0, nConnectTryNum=2, nSubConnectSpaceTime=0, nGetDevInfoTime=3000, nConnectBufSize=0, nGetConnInfoTime=0, nSearchRecordTime=0, nsubDisconnetTime=0, byNetType=0, byPlaybackBufSize=0, bDetectDisconnTime=0, bKeepLifeInterval=0, nPicBufSize=0].
[2026-03-26T11:08:10.740 info Netsdk:63708 70240:69028 dhnetsdk.cpp:367]Leave CLIENT_SetNetworkParam.
[2026-03-26T11:08:10.740 info Netsdk:63708 70240:69028 dhnetsdk.cpp:302]Enter CLIENT_SetAutoReconnect:[cbAutoConnect=00007FF7F889A000, dwUser=000000BB64CFE560].
[2026-03-26T11:08:10.740 info Netsdk:63708 70240:69028 dhnetsdk.cpp:304]Leave CLIENT_SetAutoReconnect.
Begin Time:2026-03-26T11:08:10.822
[2026-03-26T11:08:10.822 info Netsdk:63708 47188:74772 AVNetSDKMgr.cpp:504]Load avnetsdk library dynamically
[2026-03-26T11:08:10.823 info Netsdk:63708 47188:74772 AVNetSDKMgr.cpp:549]avnetsdk module handle: 0000016F16570000

[2026-03-26T11:08:10.823 info Netsdk:63708 47188:74772 AVNetSDKMgr.cpp:823]Load configsdk dynamically
[2026-03-26T11:08:10.824 info Netsdk:63708 47188:74772 dhnetsdk.cpp:302]Enter CLIENT_SetAutoReconnect:[cbAutoConnect=00007FF71F5DA109, dwUser=0000004DF09FCC80].
[2026-03-26T11:08:10.824 info Netsdk:63708 47188:74772 dhnetsdk.cpp:304]Leave CLIENT_SetAutoReconnect.
[2026-03-26T11:08:10.836 info Netsdk:63708 47188:74772 dhnetsdk.cpp:991]Enter CLIENT_LoginWithHighLevelSecurity. pstInParam:0000004DF09FB140, pstOutParam:0000004DF09FB240.
[2026-03-26T11:08:10.836 info Netsdk:63708 47188:74772 dhnetsdk.cpp:1007]IP:192.168.1.23, port:37777, SpeCap:0, CapParam:0000000000000000, TLSCap:0
[2026-03-26T11:08:10.911 info Netsdk:63708 70240:69028 dhnetsdk.cpp:991]Enter CLIENT_LoginWithHighLevelSecurity. pstInParam:000000BB64CFCB00, pstOutParam:000000BB64CFCC00.
[2026-03-26T11:08:10.911 info Netsdk:63708 70240:69028 dhnetsdk.cpp:1007]IP:192.168.1.23, port:37777, SpeCap:0, CapParam:0000000000000000, TLSCap:0
[2026-03-26T11:08:11.035 info Netsdk:63708 47188:74772 dhnetsdk.cpp:1054]Leave CLIENT_LoginWithHighLevelSecurity. error:0, login ID:125156928.
[2026-03-26T11:08:11.038 info Netsdk:63708 47188:74772 dhnetsdk.cpp:8181]Enter CLIENT_QueryDevState. [lLoginID=125156928, nType=82, pBuf=0000004DF09FB368, nBufLen=60, pRetLen=0000004DF09FB344, waittime=1000.]
[2026-03-26T11:08:11.118 info Netsdk:63708 70240:69028 dhnetsdk.cpp:1054]Leave CLIENT_LoginWithHighLevelSecurity. error:0, login ID:-1884505616.
[2026-03-26T11:08:11.121 info Netsdk:63708 70240:69028 dhnetsdk.cpp:8181]Enter CLIENT_QueryDevState. [lLoginID=-1884505616, nType=4, pBuf=000000BB64CFB140, nBufLen=3076, pRetLen=000000BB64CFC994, waittime=3000.]
[2026-03-26T11:08:11.134 info Netsdk:63708 70240:69028 dhnetsdk.cpp:8205]Leave CLIENT_QueryDevState.ret:1.
[2026-03-26T11:08:11.143 info Netsdk:63708 47188:74772 dhnetsdk.cpp:8205]Leave CLIENT_QueryDevState.ret:1.
[2026-03-26T11:08:11.147 info Netsdk:63708 47188:74772 dhnetsdk.cpp:1288]Enter CLIENT_RealPlayEx. lLoginID:125156928. nChannelID:0. rType:0
[2026-03-26T11:08:11.572 error Netsdk:63708 47188:74772 Generation2ProtocolSecureTransmit.cpp:661]Not find
[2026-03-26T11:08:11.572 info Netsdk:63708 47188:74772 DevConfigEx.cpp:11689]IN SetupSession PORT=0 and PORT: 37777
[2026-03-26T11:08:11.645 info Netsdk:63708 47188:74772 dhnetsdk.cpp:1354]Leave CLIENT_RealPlayEx. ret:125188400
[2026-03-26T11:08:45.743 info Netsdk:63708 70240:69028 dhnetsdk.cpp:1075]Enter CLIENT_Logout. lLoginID:-1884505616.
[2026-03-26T11:08:45.747 error Netsdk:63708 70240:69028 TPTCPClient.cpp:723]Device is not online, ip:192.168.1.23
[2026-03-26T11:08:45.748 info Netsdk:63708 70240:69028 dhnetsdk.cpp:1097]Leave CLIENT_Logout. ret:1
[2026-03-26T11:08:45.840 info Netsdk:63708 47188:74772 dhnetsdk.cpp:2090]Enter CLIENT_StopRealPlayEx. lRealHandle:125188400.
[2026-03-26T11:08:45.851 info Netsdk:63708 47188:74772 dhnetsdk.cpp:2104]Leave CLIENT_StopRealPlayEx. ret:1
[2026-03-26T11:08:45.851 info Netsdk:63708 47188:74772 dhnetsdk.cpp:1075]Enter CLIENT_Logout. lLoginID:125156928.
[2026-03-26T11:08:45.851 error Netsdk:63708 47188:74772 TPTCPClient.cpp:723]Device is not online, ip:192.168.1.23
[2026-03-26T11:08:45.851 info Netsdk:63708 47188:74772 dhnetsdk.cpp:1097]Leave CLIENT_Logout. ret:1
Begin Time:2026-03-26T11:10:01.211
[2026-03-26T11:10:01.211 info Netsdk:63708 74084:71412 AVNetSDKMgr.cpp:504]Load avnetsdk library dynamically
[2026-03-26T11:10:01.213 info Netsdk:63708 74084:71412 AVNetSDKMgr.cpp:549]avnetsdk module handle: 000001E8C4420000

[2026-03-26T11:10:01.213 info Netsdk:63708 74084:71412 AVNetSDKMgr.cpp:823]Load configsdk dynamically
[2026-03-26T11:10:01.214 info Netsdk:63708 74084:71412 dhnetsdk.cpp:302]Enter CLIENT_SetAutoReconnect:[cbAutoConnect=00007FF71F5DA109, dwUser=000000C297EFCD70].
[2026-03-26T11:10:01.214 info Netsdk:63708 74084:71412 dhnetsdk.cpp:304]Leave CLIENT_SetAutoReconnect.
[2026-03-26T11:10:01.218 info Netsdk:63708 74084:71412 dhnetsdk.cpp:991]Enter CLIENT_LoginWithHighLevelSecurity. pstInParam:000000C297EFB230, pstOutParam:000000C297EFB330.
[2026-03-26T11:10:01.218 info Netsdk:63708 74084:71412 dhnetsdk.cpp:1007]IP:192.168.1.23, port:37777, SpeCap:0, CapParam:0000000000000000, TLSCap:0
Begin Time:2026-03-26T11:10:01.261
[2026-03-26T11:10:01.261 info Netsdk:63708 72760:71016 AVNetSDKMgr.cpp:504]Load avnetsdk library dynamically
[2026-03-26T11:10:01.273 info Netsdk:63708 72760:71016 AVNetSDKMgr.cpp:549]avnetsdk module handle: 0000022000000000

[2026-03-26T11:10:01.273 info Netsdk:63708 72760:71016 AVNetSDKMgr.cpp:823]Load configsdk dynamically
[2026-03-26T11:10:01.275 info Netsdk:63708 72760:71016 dhnetsdk.cpp:352]Enter CLIENT_SetNetworkParam:[nWaittime=0, nConnectTime=0, nConnectTryNum=2, nSubConnectSpaceTime=0, nGetDevInfoTime=3000, nConnectBufSize=0, nGetConnInfoTime=0, nSearchRecordTime=0, nsubDisconnetTime=0, byNetType=0, byPlaybackBufSize=0, bDetectDisconnTime=0, bKeepLifeInterval=0, nPicBufSize=0].
[2026-03-26T11:10:01.275 info Netsdk:63708 72760:71016 dhnetsdk.cpp:367]Leave CLIENT_SetNetworkParam.
[2026-03-26T11:10:01.275 info Netsdk:63708 72760:71016 dhnetsdk.cpp:302]Enter CLIENT_SetAutoReconnect:[cbAutoConnect=00007FF7F889A000, dwUser=0000004D770FEA00].
[2026-03-26T11:10:01.275 info Netsdk:63708 72760:71016 dhnetsdk.cpp:304]Leave CLIENT_SetAutoReconnect.
[2026-03-26T11:10:01.290 info Netsdk:63708 72760:71016 dhnetsdk.cpp:991]Enter CLIENT_LoginWithHighLevelSecurity. pstInParam:0000004D770FCFA0, pstOutParam:0000004D770FD0A0.
[2026-03-26T11:10:01.290 info Netsdk:63708 72760:71016 dhnetsdk.cpp:1007]IP:192.168.1.23, port:37777, SpeCap:0, CapParam:0000000000000000, TLSCap:0
[2026-03-26T11:10:01.482 info Netsdk:63708 74084:71412 dhnetsdk.cpp:1054]Leave CLIENT_LoginWithHighLevelSecurity. error:0, login ID:-1040665632.
[2026-03-26T11:10:01.489 info Netsdk:63708 74084:71412 dhnetsdk.cpp:8181]Enter CLIENT_QueryDevState. [lLoginID=-1040665632, nType=82, pBuf=000000C297EFB458, nBufLen=60, pRetLen=000000C297EFB434, waittime=1000.]
[2026-03-26T11:10:01.506 info Netsdk:63708 72760:71016 dhnetsdk.cpp:1054]Leave CLIENT_LoginWithHighLevelSecurity. error:0, login ID:2053734944.
[2026-03-26T11:10:01.508 info Netsdk:63708 72760:71016 dhnetsdk.cpp:8181]Enter CLIENT_QueryDevState. [lLoginID=2053734944, nType=4, pBuf=0000004D770FB5E0, nBufLen=3076, pRetLen=0000004D770FCE34, waittime=3000.]
[2026-03-26T11:10:01.524 info Netsdk:63708 72760:71016 dhnetsdk.cpp:8205]Leave CLIENT_QueryDevState.ret:1.
[2026-03-26T11:10:01.585 info Netsdk:63708 74084:71412 dhnetsdk.cpp:8205]Leave CLIENT_QueryDevState.ret:1.
[2026-03-26T11:10:01.589 info Netsdk:63708 74084:71412 dhnetsdk.cpp:1288]Enter CLIENT_RealPlayEx. lLoginID:-1040665632. nChannelID:0. rType:0
[2026-03-26T11:10:02.225 error Netsdk:63708 74084:71412 Generation2ProtocolSecureTransmit.cpp:661]Not find
[2026-03-26T11:10:02.225 info Netsdk:63708 74084:71412 DevConfigEx.cpp:11689]IN SetupSession PORT=0 and PORT: 37777
[2026-03-26T11:10:02.309 info Netsdk:63708 74084:71412 dhnetsdk.cpp:1354]Leave CLIENT_RealPlayEx. ret:-1040645328
[2026-03-26T11:10:56.213 info Netsdk:63708 74084:71412 dhnetsdk.cpp:2090]Enter CLIENT_StopRealPlayEx. lRealHandle:-1040645328.
[2026-03-26T11:10:56.228 info Netsdk:63708 74084:71412 dhnetsdk.cpp:2104]Leave CLIENT_StopRealPlayEx. ret:1
[2026-03-26T11:10:56.229 info Netsdk:63708 74084:71412 dhnetsdk.cpp:1075]Enter CLIENT_Logout. lLoginID:-1040665632.
[2026-03-26T11:10:56.229 error Netsdk:63708 74084:71412 TPTCPClient.cpp:723]Device is not online, ip:192.168.1.23
[2026-03-26T11:10:56.229 info Netsdk:63708 74084:71412 dhnetsdk.cpp:1097]Leave CLIENT_Logout. ret:1
[2026-03-26T11:10:56.274 info Netsdk:63708 72760:71016 dhnetsdk.cpp:1075]Enter CLIENT_Logout. lLoginID:2053734944.
[2026-03-26T11:10:56.275 error Netsdk:63708 72760:71016 TPTCPClient.cpp:723]Device is not online, ip:192.168.1.23
[2026-03-26T11:10:56.275 info Netsdk:63708 72760:71016 dhnetsdk.cpp:1097]Leave CLIENT_Logout. ret:1
Begin Time:2026-03-30T09:30:39.704
[2026-03-30T09:30:39.704 info Netsdk:63708 39948:42464 AVNetSDKMgr.cpp:504]Load avnetsdk library dynamically
[2026-03-30T09:30:39.728 info Netsdk:63708 39948:42464 AVNetSDKMgr.cpp:549]avnetsdk module handle: 000001FF30FD0000

[2026-03-30T09:30:39.728 info Netsdk:63708 39948:42464 AVNetSDKMgr.cpp:823]Load configsdk dynamically
[2026-03-30T09:30:39.732 info Netsdk:63708 39948:42464 dhnetsdk.cpp:352]Enter CLIENT_SetNetworkParam:[nWaittime=0, nConnectTime=0, nConnectTryNum=2, nSubConnectSpaceTime=0, nGetDevInfoTime=3000, nConnectBufSize=0, nGetConnInfoTime=0, nSearchRecordTime=0, nsubDisconnetTime=0, byNetType=0, byPlaybackBufSize=0, bDetectDisconnTime=0, bKeepLifeInterval=0, nPicBufSize=0].
[2026-03-30T09:30:39.732 info Netsdk:63708 39948:42464 dhnetsdk.cpp:367]Leave CLIENT_SetNetworkParam.
[2026-03-30T09:30:39.732 info Netsdk:63708 39948:42464 dhnetsdk.cpp:302]Enter CLIENT_SetAutoReconnect:[cbAutoConnect=00007FF68ECCA000, dwUser=000000CA76F3EAF0].
[2026-03-30T09:30:39.732 info Netsdk:63708 39948:42464 dhnetsdk.cpp:304]Leave CLIENT_SetAutoReconnect.
[2026-03-30T09:30:39.983 info Netsdk:63708 39948:42464 dhnetsdk.cpp:991]Enter CLIENT_LoginWithHighLevelSecurity. pstInParam:000000CA76F3D090, pstOutParam:000000CA76F3D190.
[2026-03-30T09:30:39.983 info Netsdk:63708 39948:42464 dhnetsdk.cpp:1007]IP:192.168.1.23, port:37777, SpeCap:0, CapParam:0000000000000000, TLSCap:0
Begin Time:2026-03-30T09:30:40.170
[2026-03-30T09:30:40.170 info Netsdk:63708 42416:33992 AVNetSDKMgr.cpp:504]Load avnetsdk library dynamically
[2026-03-30T09:30:40.171 info Netsdk:63708 42416:33992 AVNetSDKMgr.cpp:549]avnetsdk module handle: 000001C057530000

[2026-03-30T09:30:40.171 info Netsdk:63708 42416:33992 AVNetSDKMgr.cpp:823]Load configsdk dynamically
[2026-03-30T09:30:40.172 info Netsdk:63708 42416:33992 dhnetsdk.cpp:302]Enter CLIENT_SetAutoReconnect:[cbAutoConnect=00007FF7C8F1A109, dwUser=0000005D4392CCD0].
[2026-03-30T09:30:40.172 info Netsdk:63708 42416:33992 dhnetsdk.cpp:304]Leave CLIENT_SetAutoReconnect.
[2026-03-30T09:30:40.184 info Netsdk:63708 42416:33992 dhnetsdk.cpp:991]Enter CLIENT_LoginWithHighLevelSecurity. pstInParam:0000005D4392B190, pstOutParam:0000005D4392B290.
[2026-03-30T09:30:40.184 info Netsdk:63708 42416:33992 dhnetsdk.cpp:1007]IP:192.168.1.23, port:37777, SpeCap:0, CapParam:0000000000000000, TLSCap:0
[2026-03-30T09:30:40.188 info Netsdk:63708 39948:42464 dhnetsdk.cpp:1054]Leave CLIENT_LoginWithHighLevelSecurity. error:0, login ID:743552992.
[2026-03-30T09:30:40.190 info Netsdk:63708 39948:42464 dhnetsdk.cpp:8181]Enter CLIENT_QueryDevState. [lLoginID=743552992, nType=4, pBuf=000000CA76F3B6D0, nBufLen=3076, pRetLen=000000CA76F3CF24, waittime=3000.]
[2026-03-30T09:30:40.210 info Netsdk:63708 39948:42464 dhnetsdk.cpp:8205]Leave CLIENT_QueryDevState.ret:1.
[2026-03-30T09:30:40.447 info Netsdk:63708 42416:33992 dhnetsdk.cpp:1054]Leave CLIENT_LoginWithHighLevelSecurity. error:0, login ID:1197914704.
[2026-03-30T09:30:40.449 info Netsdk:63708 42416:33992 dhnetsdk.cpp:8181]Enter CLIENT_QueryDevState. [lLoginID=1197914704, nType=82, pBuf=0000005D4392B3B8, nBufLen=60, pRetLen=0000005D4392B394, waittime=1000.]
[2026-03-30T09:30:40.632 info Netsdk:63708 42416:33992 dhnetsdk.cpp:8205]Leave CLIENT_QueryDevState.ret:1.
[2026-03-30T09:30:40.653 info Netsdk:63708 42416:33992 dhnetsdk.cpp:1288]Enter CLIENT_RealPlayEx. lLoginID:1197914704. nChannelID:0. rType:0
[2026-03-30T09:30:41.310 error Netsdk:63708 42416:33992 Generation2ProtocolSecureTransmit.cpp:661]Not find
[2026-03-30T09:30:41.310 info Netsdk:63708 42416:33992 DevConfigEx.cpp:11689]IN SetupSession PORT=0 and PORT: 37777
[2026-03-30T09:30:41.403 info Netsdk:63708 42416:33992 dhnetsdk.cpp:1354]Leave CLIENT_RealPlayEx. ret:1197950272
[2026-03-30T09:31:45.170 info Netsdk:63708 42416:33992 dhnetsdk.cpp:2090]Enter CLIENT_StopRealPlayEx. lRealHandle:1197950272.
[2026-03-30T09:31:45.203 info Netsdk:63708 42416:33992 dhnetsdk.cpp:2104]Leave CLIENT_StopRealPlayEx. ret:1
[2026-03-30T09:31:45.203 info Netsdk:63708 42416:33992 dhnetsdk.cpp:1075]Enter CLIENT_Logout. lLoginID:1197914704.
[2026-03-30T09:31:45.204 error Netsdk:63708 42416:33992 TPTCPClient.cpp:723]Device is not online, ip:192.168.1.23
[2026-03-30T09:31:45.204 info Netsdk:63708 42416:33992 dhnetsdk.cpp:1097]Leave CLIENT_Logout. ret:1
[2026-03-30T09:31:45.754 info Netsdk:63708 39948:42464 dhnetsdk.cpp:1075]Enter CLIENT_Logout. lLoginID:743552992.
[2026-03-30T09:31:45.755 error Netsdk:63708 39948:42464 TPTCPClient.cpp:723]Device is not online, ip:192.168.1.23
[2026-03-30T09:31:45.755 info Netsdk:63708 39948:42464 dhnetsdk.cpp:1097]Leave CLIENT_Logout. ret:1
Begin Time:2026-03-30T09:32:28.909
[2026-03-30T09:32:28.909 info Netsdk:63708 31848:44272 AVNetSDKMgr.cpp:504]Load avnetsdk library dynamically
[2026-03-30T09:32:28.912 info Netsdk:63708 17912:19056 AVNetSDKMgr.cpp:549]avnetsdk module handle: 000001CFD3B40000

[2026-03-30T09:32:28.912 info Netsdk:63708 17912:19056 AVNetSDKMgr.cpp:823]Load configsdk dynamically
[2026-03-30T09:32:28.912 info Netsdk:63708 17912:19056 dhnetsdk.cpp:302]Enter CLIENT_SetAutoReconnect:[cbAutoConnect=00007FF7C8F1A109, dwUser=00000096110FCF20].
[2026-03-30T09:32:28.912 info Netsdk:63708 17912:19056 dhnetsdk.cpp:304]Leave CLIENT_SetAutoReconnect.
[2026-03-30T09:32:28.917 info Netsdk:63708 17912:19056 dhnetsdk.cpp:991]Enter CLIENT_LoginWithHighLevelSecurity. pstInParam:00000096110FB3E0, pstOutParam:00000096110FB4E0.
[2026-03-30T09:32:28.917 info Netsdk:63708 17912:19056 dhnetsdk.cpp:1007]IP:192.168.1.23, port:37777, SpeCap:0, CapParam:0000000000000000, TLSCap:0
[2026-03-30T09:32:28.925 info Netsdk:63708 31848:44272 AVNetSDKMgr.cpp:549]avnetsdk module handle: 0000026910A70000

[2026-03-30T09:32:28.925 info Netsdk:63708 31848:44272 AVNetSDKMgr.cpp:823]Load configsdk dynamically
[2026-03-30T09:32:28.929 info Netsdk:63708 31848:44272 dhnetsdk.cpp:352]Enter CLIENT_SetNetworkParam:[nWaittime=0, nConnectTime=0, nConnectTryNum=2, nSubConnectSpaceTime=0, nGetDevInfoTime=3000, nConnectBufSize=0, nGetConnInfoTime=0, nSearchRecordTime=0, nsubDisconnetTime=0, byNetType=0, byPlaybackBufSize=0, bDetectDisconnTime=0, bKeepLifeInterval=0, nPicBufSize=0].
[2026-03-30T09:32:28.929 info Netsdk:63708 31848:44272 dhnetsdk.cpp:367]Leave CLIENT_SetNetworkParam.
[2026-03-30T09:32:28.929 info Netsdk:63708 31848:44272 dhnetsdk.cpp:302]Enter CLIENT_SetAutoReconnect:[cbAutoConnect=00007FF68ECCA000, dwUser=0000007062AFE720].
[2026-03-30T09:32:28.929 info Netsdk:63708 31848:44272 dhnetsdk.cpp:304]Leave CLIENT_SetAutoReconnect.
[2026-03-30T09:32:28.946 info Netsdk:63708 31848:44272 dhnetsdk.cpp:991]Enter CLIENT_LoginWithHighLevelSecurity. pstInParam:0000007062AFCCC0, pstOutParam:0000007062AFCDC0.
[2026-03-30T09:32:28.946 info Netsdk:63708 31848:44272 dhnetsdk.cpp:1007]IP:192.168.1.23, port:37777, SpeCap:0, CapParam:0000000000000000, TLSCap:0
[2026-03-30T09:32:29.087 info Netsdk:63708 17912:19056 dhnetsdk.cpp:1054]Leave CLIENT_LoginWithHighLevelSecurity. error:0, login ID:-796101664.
[2026-03-30T09:32:29.096 info Netsdk:63708 17912:19056 dhnetsdk.cpp:8181]Enter CLIENT_QueryDevState. [lLoginID=-796101664, nType=82, pBuf=00000096110FB608, nBufLen=60, pRetLen=00000096110FB5E4, waittime=1000.]
[2026-03-30T09:32:29.131 info Netsdk:63708 31848:44272 dhnetsdk.cpp:1054]Leave CLIENT_LoginWithHighLevelSecurity. error:0, login ID:175274512.
[2026-03-30T09:32:29.137 info Netsdk:63708 31848:44272 dhnetsdk.cpp:8181]Enter CLIENT_QueryDevState. [lLoginID=175274512, nType=4, pBuf=0000007062AFB300, nBufLen=3076, pRetLen=0000007062AFCB54, waittime=3000.]
[2026-03-30T09:32:29.147 info Netsdk:63708 31848:44272 dhnetsdk.cpp:8205]Leave CLIENT_QueryDevState.ret:1.
[2026-03-30T09:32:29.188 info Netsdk:63708 17912:19056 dhnetsdk.cpp:8205]Leave CLIENT_QueryDevState.ret:1.
[2026-03-30T09:32:29.198 info Netsdk:63708 17912:19056 dhnetsdk.cpp:1288]Enter CLIENT_RealPlayEx. lLoginID:-796101664. nChannelID:0. rType:0
[2026-03-30T09:32:29.565 error Netsdk:63708 17912:19056 Generation2ProtocolSecureTransmit.cpp:661]Not find
[2026-03-30T09:32:29.565 info Netsdk:63708 17912:19056 DevConfigEx.cpp:11689]IN SetupSession PORT=0 and PORT: 37777
[2026-03-30T09:32:29.677 info Netsdk:63708 17912:19056 dhnetsdk.cpp:1354]Leave CLIENT_RealPlayEx. ret:-796078064
[2026-03-30T09:36:24.917 info Netsdk:63708 17912:19056 dhnetsdk.cpp:2090]Enter CLIENT_StopRealPlayEx. lRealHandle:-796078064.
[2026-03-30T09:36:24.923 info Netsdk:63708 17912:19056 dhnetsdk.cpp:2104]Leave CLIENT_StopRealPlayEx. ret:1
[2026-03-30T09:36:24.923 info Netsdk:63708 17912:19056 dhnetsdk.cpp:1075]Enter CLIENT_Logout. lLoginID:-796101664.
[2026-03-30T09:36:24.923 error Netsdk:63708 17912:19056 TPTCPClient.cpp:723]Device is not online, ip:192.168.1.23
[2026-03-30T09:36:24.923 info Netsdk:63708 17912:19056 dhnetsdk.cpp:1097]Leave CLIENT_Logout. ret:1
[2026-03-30T09:36:24.964 info Netsdk:63708 31848:44272 dhnetsdk.cpp:1075]Enter CLIENT_Logout. lLoginID:175274512.
[2026-03-30T09:36:24.964 error Netsdk:63708 31848:44272 TPTCPClient.cpp:723]Device is not online, ip:192.168.1.23
[2026-03-30T09:36:24.964 info Netsdk:63708 31848:44272 dhnetsdk.cpp:1097]Leave CLIENT_Logout. ret:1
Begin Time:2026-03-30T09:38:02.321
[2026-03-30T09:38:02.322 info Netsdk:63708 25604:41132 AVNetSDKMgr.cpp:504]Load avnetsdk library dynamically
[2026-03-30T09:38:02.339 info Netsdk:63708 25604:41132 AVNetSDKMgr.cpp:549]avnetsdk module handle: 000002488DEF0000

[2026-03-30T09:38:02.339 info Netsdk:63708 25604:41132 AVNetSDKMgr.cpp:823]Load configsdk dynamically
[2026-03-30T09:38:02.342 info Netsdk:63708 25604:41132 dhnetsdk.cpp:352]Enter CLIENT_SetNetworkParam:[nWaittime=0, nConnectTime=0, nConnectTryNum=2, nSubConnectSpaceTime=0, nGetDevInfoTime=3000, nConnectBufSize=0, nGetConnInfoTime=0, nSearchRecordTime=0, nsubDisconnetTime=0, byNetType=0, byPlaybackBufSize=0, bDetectDisconnTime=0, bKeepLifeInterval=0, nPicBufSize=0].
[2026-03-30T09:38:02.342 info Netsdk:63708 25604:41132 dhnetsdk.cpp:367]Leave CLIENT_SetNetworkParam.
[2026-03-30T09:38:02.342 info Netsdk:63708 25604:41132 dhnetsdk.cpp:302]Enter CLIENT_SetAutoReconnect:[cbAutoConnect=00007FF68ECCA000, dwUser=000000CF3253E580].
[2026-03-30T09:38:02.342 info Netsdk:63708 25604:41132 dhnetsdk.cpp:304]Leave CLIENT_SetAutoReconnect.
Begin Time:2026-03-30T09:38:02.429
[2026-03-30T09:38:02.429 info Netsdk:63708 45512:43960 AVNetSDKMgr.cpp:504]Load avnetsdk library dynamically
[2026-03-30T09:38:02.432 info Netsdk:63708 45512:43960 AVNetSDKMgr.cpp:549]avnetsdk module handle: 0000021BD84A0000

[2026-03-30T09:38:02.432 info Netsdk:63708 45512:43960 AVNetSDKMgr.cpp:823]Load configsdk dynamically
[2026-03-30T09:38:02.433 info Netsdk:63708 45512:43960 dhnetsdk.cpp:302]Enter CLIENT_SetAutoReconnect:[cbAutoConnect=00007FF7C8F1A109, dwUser=000000D1CD1DD020].
[2026-03-30T09:38:02.433 info Netsdk:63708 45512:43960 dhnetsdk.cpp:304]Leave CLIENT_SetAutoReconnect.
[2026-03-30T09:38:02.444 info Netsdk:63708 45512:43960 dhnetsdk.cpp:991]Enter CLIENT_LoginWithHighLevelSecurity. pstInParam:000000D1CD1DB4E0, pstOutParam:000000D1CD1DB5E0.
[2026-03-30T09:38:02.444 info Netsdk:63708 45512:43960 dhnetsdk.cpp:1007]IP:192.168.1.23, port:37777, SpeCap:0, CapParam:0000000000000000, TLSCap:0
[2026-03-30T09:38:02.501 info Netsdk:63708 25604:41132 dhnetsdk.cpp:991]Enter CLIENT_LoginWithHighLevelSecurity. pstInParam:000000CF3253CB20, pstOutParam:000000CF3253CC20.
[2026-03-30T09:38:02.501 info Netsdk:63708 25604:41132 dhnetsdk.cpp:1007]IP:192.168.1.23, port:37777, SpeCap:0, CapParam:0000000000000000, TLSCap:0
[2026-03-30T09:38:02.644 info Netsdk:63708 45512:43960 dhnetsdk.cpp:1054]Leave CLIENT_LoginWithHighLevelSecurity. error:0, login ID:-929522976.
[2026-03-30T09:38:02.649 info Netsdk:63708 45512:43960 dhnetsdk.cpp:8181]Enter CLIENT_QueryDevState. [lLoginID=-929522976, nType=82, pBuf=000000D1CD1DB708, nBufLen=60, pRetLen=000000D1CD1DB6E4, waittime=1000.]
[2026-03-30T09:38:02.692 info Netsdk:63708 25604:41132 dhnetsdk.cpp:1054]Leave CLIENT_LoginWithHighLevelSecurity. error:0, login ID:-1994212880.
[2026-03-30T09:38:02.698 info Netsdk:63708 25604:41132 dhnetsdk.cpp:8181]Enter CLIENT_QueryDevState. [lLoginID=-1994212880, nType=4, pBuf=000000CF3253B160, nBufLen=3076, pRetLen=000000CF3253C9B4, waittime=3000.]
[2026-03-30T09:38:02.714 info Netsdk:63708 25604:41132 dhnetsdk.cpp:8205]Leave CLIENT_QueryDevState.ret:1.
[2026-03-30T09:38:02.748 info Netsdk:63708 45512:43960 dhnetsdk.cpp:8205]Leave CLIENT_QueryDevState.ret:1.
[2026-03-30T09:38:02.753 info Netsdk:63708 45512:43960 dhnetsdk.cpp:1288]Enter CLIENT_RealPlayEx. lLoginID:-929522976. nChannelID:0. rType:0
[2026-03-30T09:38:03.111 error Netsdk:63708 45512:43960 Generation2ProtocolSecureTransmit.cpp:661]Not find
[2026-03-30T09:38:03.111 info Netsdk:63708 45512:43960 DevConfigEx.cpp:11689]IN SetupSession PORT=0 and PORT: 37777
[2026-03-30T09:38:03.192 info Netsdk:63708 45512:43960 dhnetsdk.cpp:1354]Leave CLIENT_RealPlayEx. ret:-770023104
[2026-03-30T09:39:50.368 info Netsdk:63708 25604:41132 dhnetsdk.cpp:1075]Enter CLIENT_Logout. lLoginID:-1994212880.
[2026-03-30T09:39:50.369 error Netsdk:63708 25604:41132 TPTCPClient.cpp:723]Device is not online, ip:192.168.1.23
[2026-03-30T09:39:50.369 info Netsdk:63708 25604:41132 dhnetsdk.cpp:1097]Leave CLIENT_Logout. ret:1
[2026-03-30T09:39:50.460 info Netsdk:63708 45512:43960 dhnetsdk.cpp:2090]Enter CLIENT_StopRealPlayEx. lRealHandle:-770023104.
[2026-03-30T09:39:50.467 info Netsdk:63708 45512:43960 dhnetsdk.cpp:2104]Leave CLIENT_StopRealPlayEx. ret:1
[2026-03-30T09:39:50.467 info Netsdk:63708 45512:43960 dhnetsdk.cpp:1075]Enter CLIENT_Logout. lLoginID:-929522976.
[2026-03-30T09:39:50.468 error Netsdk:63708 45512:43960 TPTCPClient.cpp:723]Device is not online, ip:192.168.1.23
[2026-03-30T09:39:50.468 info Netsdk:63708 45512:43960 dhnetsdk.cpp:1097]Leave CLIENT_Logout. ret:1
Begin Time:2026-03-30T09:46:58.738
[2026-03-30T09:46:58.739 info Netsdk:63708 37212:23776 AVNetSDKMgr.cpp:504]Load avnetsdk library dynamically
[2026-03-30T09:46:58.759 info Netsdk:63708 37212:23776 AVNetSDKMgr.cpp:549]avnetsdk module handle: 0000012A69D10000

[2026-03-30T09:46:58.759 info Netsdk:63708 37212:23776 AVNetSDKMgr.cpp:823]Load configsdk dynamically
[2026-03-30T09:46:58.763 info Netsdk:63708 37212:23776 dhnetsdk.cpp:352]Enter CLIENT_SetNetworkParam:[nWaittime=0, nConnectTime=0, nConnectTryNum=2, nSubConnectSpaceTime=0, nGetDevInfoTime=3000, nConnectBufSize=0, nGetConnInfoTime=0, nSearchRecordTime=0, nsubDisconnetTime=0, byNetType=0, byPlaybackBufSize=0, bDetectDisconnTime=0, bKeepLifeInterval=0, nPicBufSize=0].
[2026-03-30T09:46:58.763 info Netsdk:63708 37212:23776 dhnetsdk.cpp:367]Leave CLIENT_SetNetworkParam.
[2026-03-30T09:46:58.763 info Netsdk:63708 37212:23776 dhnetsdk.cpp:302]Enter CLIENT_SetAutoReconnect:[cbAutoConnect=00007FF68ECCA000, dwUser=0000000BB958EB10].
[2026-03-30T09:46:58.763 info Netsdk:63708 37212:23776 dhnetsdk.cpp:304]Leave CLIENT_SetAutoReconnect.
Begin Time:2026-03-30T09:46:58.966
[2026-03-30T09:46:58.967 info Netsdk:63708 30132:26320 AVNetSDKMgr.cpp:504]Load avnetsdk library dynamically
[2026-03-30T09:46:58.971 info Netsdk:63708 30132:26320 AVNetSDKMgr.cpp:549]avnetsdk module handle: 000002DCD42B0000

[2026-03-30T09:46:58.971 info Netsdk:63708 30132:26320 AVNetSDKMgr.cpp:823]Load configsdk dynamically
[2026-03-30T09:46:58.973 info Netsdk:63708 30132:26320 dhnetsdk.cpp:302]Enter CLIENT_SetAutoReconnect:[cbAutoConnect=00007FF7C8F1A109, dwUser=000000DDB070CDB0].
[2026-03-30T09:46:58.973 info Netsdk:63708 30132:26320 dhnetsdk.cpp:304]Leave CLIENT_SetAutoReconnect.
[2026-03-30T09:46:58.997 info Netsdk:63708 30132:26320 dhnetsdk.cpp:991]Enter CLIENT_LoginWithHighLevelSecurity. pstInParam:000000DDB070B270, pstOutParam:000000DDB070B370.
[2026-03-30T09:46:58.997 info Netsdk:63708 30132:26320 dhnetsdk.cpp:1007]IP:192.168.1.23, port:37777, SpeCap:0, CapParam:0000000000000000, TLSCap:0
[2026-03-30T09:46:59.038 info Netsdk:63708 37212:23776 dhnetsdk.cpp:991]Enter CLIENT_LoginWithHighLevelSecurity. pstInParam:0000000BB958D0B0, pstOutParam:0000000BB958D1B0.
[2026-03-30T09:46:59.038 info Netsdk:63708 37212:23776 dhnetsdk.cpp:1007]IP:192.168.1.23, port:37777, SpeCap:0, CapParam:0000000000000000, TLSCap:0
[2026-03-30T09:46:59.206 info Netsdk:63708 30132:26320 dhnetsdk.cpp:1054]Leave CLIENT_LoginWithHighLevelSecurity. error:0, login ID:-876364224.
[2026-03-30T09:46:59.209 info Netsdk:63708 30132:26320 dhnetsdk.cpp:8181]Enter CLIENT_QueryDevState. [lLoginID=-876364224, nType=82, pBuf=000000DDB070B498, nBufLen=60, pRetLen=000000DDB070B474, waittime=1000.]
[2026-03-30T09:46:59.268 info Netsdk:63708 37212:23776 dhnetsdk.cpp:1054]Leave CLIENT_LoginWithHighLevelSecurity. error:0, login ID:1696644592.
[2026-03-30T09:46:59.273 info Netsdk:63708 37212:23776 dhnetsdk.cpp:8181]Enter CLIENT_QueryDevState. [lLoginID=1696644592, nType=4, pBuf=0000000BB958B6F0, nBufLen=3076, pRetLen=0000000BB958CF44, waittime=3000.]
[2026-03-30T09:46:59.288 info Netsdk:63708 37212:23776 dhnetsdk.cpp:8205]Leave CLIENT_QueryDevState.ret:1.
[2026-03-30T09:46:59.325 info Netsdk:63708 30132:26320 dhnetsdk.cpp:8205]Leave CLIENT_QueryDevState.ret:1.
[2026-03-30T09:46:59.338 info Netsdk:63708 30132:26320 dhnetsdk.cpp:1288]Enter CLIENT_RealPlayEx. lLoginID:-876364224. nChannelID:0. rType:0
[2026-03-30T09:46:59.694 error Netsdk:63708 30132:26320 Generation2ProtocolSecureTransmit.cpp:661]Not find
[2026-03-30T09:46:59.694 info Netsdk:63708 30132:26320 DevConfigEx.cpp:11689]IN SetupSession PORT=0 and PORT: 37777
[2026-03-30T09:46:59.819 info Netsdk:63708 30132:26320 dhnetsdk.cpp:1354]Leave CLIENT_RealPlayEx. ret:-876294080
[2026-03-30T09:47:55.773 info Netsdk:63708 37212:23776 dhnetsdk.cpp:1075]Enter CLIENT_Logout. lLoginID:1696644592.
[2026-03-30T09:47:55.774 error Netsdk:63708 37212:23776 TPTCPClient.cpp:723]Device is not online, ip:192.168.1.23
[2026-03-30T09:47:55.774 info Netsdk:63708 37212:23776 dhnetsdk.cpp:1097]Leave CLIENT_Logout. ret:1
[2026-03-30T09:47:55.971 info Netsdk:63708 30132:26320 dhnetsdk.cpp:2090]Enter CLIENT_StopRealPlayEx. lRealHandle:-876294080.
[2026-03-30T09:47:55.982 info Netsdk:63708 30132:26320 dhnetsdk.cpp:2104]Leave CLIENT_StopRealPlayEx. ret:1
[2026-03-30T09:47:55.982 info Netsdk:63708 30132:26320 dhnetsdk.cpp:1075]Enter CLIENT_Logout. lLoginID:-876364224.
[2026-03-30T09:47:55.983 error Netsdk:63708 30132:26320 TPTCPClient.cpp:723]Device is not online, ip:192.168.1.23
[2026-03-30T09:47:55.983 info Netsdk:63708 30132:26320 dhnetsdk.cpp:1097]Leave CLIENT_Logout. ret:1
Begin Time:2026-03-30T09:56:04.938
[2026-03-30T09:56:04.938 info Netsdk:63708 21668:42740 AVNetSDKMgr.cpp:504]Load avnetsdk library dynamically
[2026-03-30T09:56:04.965 info Netsdk:63708 21668:42740 AVNetSDKMgr.cpp:549]avnetsdk module handle: 000001F1AD700000

[2026-03-30T09:56:04.965 info Netsdk:63708 21668:42740 AVNetSDKMgr.cpp:823]Load configsdk dynamically
[2026-03-30T09:56:04.968 info Netsdk:63708 21668:42740 dhnetsdk.cpp:352]Enter CLIENT_SetNetworkParam:[nWaittime=0, nConnectTime=0, nConnectTryNum=2, nSubConnectSpaceTime=0, nGetDevInfoTime=3000, nConnectBufSize=0, nGetConnInfoTime=0, nSearchRecordTime=0, nsubDisconnetTime=0, byNetType=0, byPlaybackBufSize=0, bDetectDisconnTime=0, bKeepLifeInterval=0, nPicBufSize=0].
[2026-03-30T09:56:04.968 info Netsdk:63708 21668:42740 dhnetsdk.cpp:367]Leave CLIENT_SetNetworkParam.
[2026-03-30T09:56:04.968 info Netsdk:63708 21668:42740 dhnetsdk.cpp:302]Enter CLIENT_SetAutoReconnect:[cbAutoConnect=00007FF68ECCA000, dwUser=000000264773E830].
[2026-03-30T09:56:04.968 info Netsdk:63708 21668:42740 dhnetsdk.cpp:304]Leave CLIENT_SetAutoReconnect.
Begin Time:2026-03-30T09:56:05.199
[2026-03-30T09:56:05.199 info Netsdk:63708 46516:44244 AVNetSDKMgr.cpp:504]Load avnetsdk library dynamically
[2026-03-30T09:56:05.201 info Netsdk:63708 46516:44244 AVNetSDKMgr.cpp:549]avnetsdk module handle: 0000023560090000

[2026-03-30T09:56:05.201 info Netsdk:63708 46516:44244 AVNetSDKMgr.cpp:823]Load configsdk dynamically
[2026-03-30T09:56:05.203 info Netsdk:63708 46516:44244 dhnetsdk.cpp:302]Enter CLIENT_SetAutoReconnect:[cbAutoConnect=00007FF7C8F1A109, dwUser=0000004D470FD2E0].
[2026-03-30T09:56:05.203 info Netsdk:63708 46516:44244 dhnetsdk.cpp:304]Leave CLIENT_SetAutoReconnect.
[2026-03-30T09:56:05.209 info Netsdk:63708 21668:42740 dhnetsdk.cpp:991]Enter CLIENT_LoginWithHighLevelSecurity. pstInParam:000000264773CDD0, pstOutParam:000000264773CED0.
[2026-03-30T09:56:05.209 info Netsdk:63708 21668:42740 dhnetsdk.cpp:1007]IP:192.168.1.23, port:37777, SpeCap:0, CapParam:0000000000000000, TLSCap:0
[2026-03-30T09:56:05.232 info Netsdk:63708 46516:44244 dhnetsdk.cpp:991]Enter CLIENT_LoginWithHighLevelSecurity. pstInParam:0000004D470FB7A0, pstOutParam:0000004D470FB8A0.
[2026-03-30T09:56:05.232 info Netsdk:63708 46516:44244 dhnetsdk.cpp:1007]IP:192.168.1.23, port:37777, SpeCap:0, CapParam:0000000000000000, TLSCap:0
[2026-03-30T09:56:05.588 info Netsdk:63708 46516:44244 dhnetsdk.cpp:1054]Leave CLIENT_LoginWithHighLevelSecurity. error:0, login ID:1440791120.
[2026-03-30T09:56:05.596 info Netsdk:63708 46516:44244 dhnetsdk.cpp:8181]Enter CLIENT_QueryDevState. [lLoginID=1440791120, nType=82, pBuf=0000004D470FB9C8, nBufLen=60, pRetLen=0000004D470FB9A4, waittime=1000.]
[2026-03-30T09:56:05.740 info Netsdk:63708 46516:44244 dhnetsdk.cpp:8205]Leave CLIENT_QueryDevState.ret:1.
[2026-03-30T09:56:05.750 info Netsdk:63708 46516:44244 dhnetsdk.cpp:1288]Enter CLIENT_RealPlayEx. lLoginID:1440791120. nChannelID:0. rType:0
[2026-03-30T09:56:05.793 info Netsdk:63708 21668:42740 dhnetsdk.cpp:1054]Leave CLIENT_LoginWithHighLevelSecurity. error:0, login ID:-1463968224.
[2026-03-30T09:56:05.798 info Netsdk:63708 21668:42740 dhnetsdk.cpp:8181]Enter CLIENT_QueryDevState. [lLoginID=-1463968224, nType=4, pBuf=000000264773B410, nBufLen=3076, pRetLen=000000264773CC64, waittime=3000.]
[2026-03-30T09:56:05.809 info Netsdk:63708 21668:42740 dhnetsdk.cpp:8205]Leave CLIENT_QueryDevState.ret:1.
[2026-03-30T09:56:06.331 error Netsdk:63708 46516:44244 Generation2ProtocolSecureTransmit.cpp:661]Not find
[2026-03-30T09:56:06.331 info Netsdk:63708 46516:44244 DevConfigEx.cpp:11689]IN SetupSession PORT=0 and PORT: 37777
[2026-03-30T09:56:06.451 info Netsdk:63708 46516:44244 dhnetsdk.cpp:1354]Leave CLIENT_RealPlayEx. ret:1440854224
[2026-03-30T09:56:58.990 info Netsdk:63708 21668:42740 dhnetsdk.cpp:1075]Enter CLIENT_Logout. lLoginID:-1463968224.
[2026-03-30T09:56:58.990 error Netsdk:63708 21668:42740 TPTCPClient.cpp:723]Device is not online, ip:192.168.1.23
[2026-03-30T09:56:58.990 info Netsdk:63708 21668:42740 dhnetsdk.cpp:1097]Leave CLIENT_Logout. ret:1
[2026-03-30T09:56:59.195 info Netsdk:63708 46516:44244 dhnetsdk.cpp:2090]Enter CLIENT_StopRealPlayEx. lRealHandle:1440854224.
[2026-03-30T09:56:59.201 info Netsdk:63708 46516:44244 dhnetsdk.cpp:2104]Leave CLIENT_StopRealPlayEx. ret:1
[2026-03-30T09:56:59.201 info Netsdk:63708 46516:44244 dhnetsdk.cpp:1075]Enter CLIENT_Logout. lLoginID:1440791120.
[2026-03-30T09:56:59.202 error Netsdk:63708 46516:44244 TPTCPClient.cpp:723]Device is not online, ip:192.168.1.23
[2026-03-30T09:56:59.202 info Netsdk:63708 46516:44244 dhnetsdk.cpp:1097]Leave CLIENT_Logout. ret:1
Begin Time:2026-03-30T09:58:31.584
[2026-03-30T09:58:31.585 info Netsdk:63708 44920:2392 AVNetSDKMgr.cpp:504]Load avnetsdk library dynamically
[2026-03-30T09:58:31.599 info Netsdk:63708 44920:2392 AVNetSDKMgr.cpp:549]avnetsdk module handle: 000001EE35230000

[2026-03-30T09:58:31.599 info Netsdk:63708 44920:2392 AVNetSDKMgr.cpp:823]Load configsdk dynamically
[2026-03-30T09:58:31.602 info Netsdk:63708 44920:2392 dhnetsdk.cpp:352]Enter CLIENT_SetNetworkParam:[nWaittime=0, nConnectTime=0, nConnectTryNum=2, nSubConnectSpaceTime=0, nGetDevInfoTime=3000, nConnectBufSize=0, nGetConnInfoTime=0, nSearchRecordTime=0, nsubDisconnetTime=0, byNetType=0, byPlaybackBufSize=0, bDetectDisconnTime=0, bKeepLifeInterval=0, nPicBufSize=0].
[2026-03-30T09:58:31.602 info Netsdk:63708 44920:2392 dhnetsdk.cpp:367]Leave CLIENT_SetNetworkParam.
[2026-03-30T09:58:31.602 info Netsdk:63708 44920:2392 dhnetsdk.cpp:302]Enter CLIENT_SetAutoReconnect:[cbAutoConnect=00007FF68ECCA000, dwUser=000000750FBEE810].
[2026-03-30T09:58:31.602 info Netsdk:63708 44920:2392 dhnetsdk.cpp:304]Leave CLIENT_SetAutoReconnect.
[2026-03-30T09:58:31.827 info Netsdk:63708 44920:2392 dhnetsdk.cpp:991]Enter CLIENT_LoginWithHighLevelSecurity. pstInParam:000000750FBECDB0, pstOutParam:000000750FBECEB0.
[2026-03-30T09:58:31.827 info Netsdk:63708 44920:2392 dhnetsdk.cpp:1007]IP:192.168.1.23, port:37777, SpeCap:0, CapParam:0000000000000000, TLSCap:0
Begin Time:2026-03-30T09:58:31.836
[2026-03-30T09:58:31.836 info Netsdk:63708 47488:13860 AVNetSDKMgr.cpp:504]Load avnetsdk library dynamically
[2026-03-30T09:58:31.839 info Netsdk:63708 47488:13860 AVNetSDKMgr.cpp:549]avnetsdk module handle: 00000196A4D40000

[2026-03-30T09:58:31.839 info Netsdk:63708 47488:13860 AVNetSDKMgr.cpp:823]Load configsdk dynamically
[2026-03-30T09:58:31.841 info Netsdk:63708 47488:13860 dhnetsdk.cpp:302]Enter CLIENT_SetAutoReconnect:[cbAutoConnect=00007FF7C8F1A109, dwUser=00000043FD8FCC10].
[2026-03-30T09:58:31.841 info Netsdk:63708 47488:13860 dhnetsdk.cpp:304]Leave CLIENT_SetAutoReconnect.
[2026-03-30T09:58:31.859 info Netsdk:63708 47488:13860 dhnetsdk.cpp:991]Enter CLIENT_LoginWithHighLevelSecurity. pstInParam:00000043FD8FB0D0, pstOutParam:00000043FD8FB1D0.
[2026-03-30T09:58:31.859 info Netsdk:63708 47488:13860 dhnetsdk.cpp:1007]IP:192.168.1.23, port:37777, SpeCap:0, CapParam:0000000000000000, TLSCap:0
[2026-03-30T09:58:32.011 info Netsdk:63708 44920:2392 dhnetsdk.cpp:1054]Leave CLIENT_LoginWithHighLevelSecurity. error:0, login ID:811252432.
[2026-03-30T09:58:32.019 info Netsdk:63708 44920:2392 dhnetsdk.cpp:8181]Enter CLIENT_QueryDevState. [lLoginID=811252432, nType=4, pBuf=000000750FBEB3F0, nBufLen=3076, pRetLen=000000750FBECC44, waittime=3000.]
[2026-03-30T09:58:32.028 info Netsdk:63708 44920:2392 dhnetsdk.cpp:8205]Leave CLIENT_QueryDevState.ret:1.
[2026-03-30T09:58:32.049 info Netsdk:63708 47488:13860 dhnetsdk.cpp:1054]Leave CLIENT_LoginWithHighLevelSecurity. error:0, login ID:-1677346192.
[2026-03-30T09:58:32.054 info Netsdk:63708 47488:13860 dhnetsdk.cpp:8181]Enter CLIENT_QueryDevState. [lLoginID=-1677346192, nType=82, pBuf=00000043FD8FB2F8, nBufLen=60, pRetLen=00000043FD8FB2D4, waittime=1000.]
[2026-03-30T09:58:32.188 info Netsdk:63708 47488:13860 dhnetsdk.cpp:8205]Leave CLIENT_QueryDevState.ret:1.
[2026-03-30T09:58:32.201 info Netsdk:63708 47488:13860 dhnetsdk.cpp:1288]Enter CLIENT_RealPlayEx. lLoginID:-1677346192. nChannelID:0. rType:0
[2026-03-30T09:58:32.537 error Netsdk:63708 47488:13860 Generation2ProtocolSecureTransmit.cpp:661]Not find
[2026-03-30T09:58:32.538 info Netsdk:63708 47488:13860 DevConfigEx.cpp:11689]IN SetupSession PORT=0 and PORT: 37777
[2026-03-30T09:58:32.700 info Netsdk:63708 47488:13860 dhnetsdk.cpp:1354]Leave CLIENT_RealPlayEx. ret:-1677269536
[2026-03-30T09:59:57.597 info Netsdk:63708 44920:2392 dhnetsdk.cpp:1075]Enter CLIENT_Logout. lLoginID:811252432.
[2026-03-30T09:59:57.597 error Netsdk:63708 44920:2392 TPTCPClient.cpp:723]Device is not online, ip:192.168.1.23
[2026-03-30T09:59:57.597 info Netsdk:63708 44920:2392 dhnetsdk.cpp:1097]Leave CLIENT_Logout. ret:1
[2026-03-30T09:59:57.830 info Netsdk:63708 47488:13860 dhnetsdk.cpp:2090]Enter CLIENT_StopRealPlayEx. lRealHandle:-1677269536.
[2026-03-30T09:59:57.838 info Netsdk:63708 47488:13860 dhnetsdk.cpp:2104]Leave CLIENT_StopRealPlayEx. ret:1
[2026-03-30T09:59:57.838 info Netsdk:63708 47488:13860 dhnetsdk.cpp:1075]Enter CLIENT_Logout. lLoginID:-1677346192.
[2026-03-30T09:59:57.839 error Netsdk:63708 47488:13860 TPTCPClient.cpp:723]Device is not online, ip:192.168.1.23
[2026-03-30T09:59:57.839 info Netsdk:63708 47488:13860 dhnetsdk.cpp:1097]Leave CLIENT_Logout. ret:1
Begin Time:2026-03-30T10:11:23.232
[2026-03-30T10:11:23.232 info Netsdk:63708 47864:21348 AVNetSDKMgr.cpp:504]Load avnetsdk library dynamically
[2026-03-30T10:11:23.255 info Netsdk:63708 47864:21348 AVNetSDKMgr.cpp:549]avnetsdk module handle: 00000245AF710000

[2026-03-30T10:11:23.255 info Netsdk:63708 47864:21348 AVNetSDKMgr.cpp:823]Load configsdk dynamically
[2026-03-30T10:11:23.258 info Netsdk:63708 47864:21348 dhnetsdk.cpp:352]Enter CLIENT_SetNetworkParam:[nWaittime=0, nConnectTime=0, nConnectTryNum=2, nSubConnectSpaceTime=0, nGetDevInfoTime=3000, nConnectBufSize=0, nGetConnInfoTime=0, nSearchRecordTime=0, nsubDisconnetTime=0, byNetType=0, byPlaybackBufSize=0, bDetectDisconnTime=0, bKeepLifeInterval=0, nPicBufSize=0].
[2026-03-30T10:11:23.258 info Netsdk:63708 47864:21348 dhnetsdk.cpp:367]Leave CLIENT_SetNetworkParam.
[2026-03-30T10:11:23.258 info Netsdk:63708 47864:21348 dhnetsdk.cpp:302]Enter CLIENT_SetAutoReconnect:[cbAutoConnect=00007FF68ECCA000, dwUser=0000004E2CAFE810].
[2026-03-30T10:11:23.258 info Netsdk:63708 47864:21348 dhnetsdk.cpp:304]Leave CLIENT_SetAutoReconnect.
[2026-03-30T10:11:23.528 info Netsdk:63708 47864:21348 dhnetsdk.cpp:991]Enter CLIENT_LoginWithHighLevelSecurity. pstInParam:0000004E2CAFCDB0, pstOutParam:0000004E2CAFCEB0.
[2026-03-30T10:11:23.528 info Netsdk:63708 47864:21348 dhnetsdk.cpp:1007]IP:192.168.1.23, port:37777, SpeCap:0, CapParam:0000000000000000, TLSCap:0
Begin Time:2026-03-30T10:11:23.664
[2026-03-30T10:11:23.664 info Netsdk:63708 46872:45668 AVNetSDKMgr.cpp:504]Load avnetsdk library dynamically
[2026-03-30T10:11:23.667 info Netsdk:63708 46872:45668 AVNetSDKMgr.cpp:549]avnetsdk module handle: 000001FD906A0000

[2026-03-30T10:11:23.667 info Netsdk:63708 46872:45668 AVNetSDKMgr.cpp:823]Load configsdk dynamically
[2026-03-30T10:11:23.669 info Netsdk:63708 46872:45668 dhnetsdk.cpp:302]Enter CLIENT_SetAutoReconnect:[cbAutoConnect=00007FF7C8F1A109, dwUser=000000E47319D010].
[2026-03-30T10:11:23.669 info Netsdk:63708 46872:45668 dhnetsdk.cpp:304]Leave CLIENT_SetAutoReconnect.
[2026-03-30T10:11:23.684 info Netsdk:63708 46872:45668 dhnetsdk.cpp:991]Enter CLIENT_LoginWithHighLevelSecurity. pstInParam:000000E47319B4D0, pstOutParam:000000E47319B5D0.
[2026-03-30T10:11:23.684 info Netsdk:63708 46872:45668 dhnetsdk.cpp:1007]IP:192.168.1.23, port:37777, SpeCap:0, CapParam:0000000000000000, TLSCap:0
[2026-03-30T10:11:23.713 info Netsdk:63708 47864:21348 dhnetsdk.cpp:1054]Leave CLIENT_LoginWithHighLevelSecurity. error:0, login ID:-1432243232.
[2026-03-30T10:11:23.722 info Netsdk:63708 47864:21348 dhnetsdk.cpp:8181]Enter CLIENT_QueryDevState. [lLoginID=-1432243232, nType=4, pBuf=0000004E2CAFB3F0, nBufLen=3076, pRetLen=0000004E2CAFCC44, waittime=3000.]
[2026-03-30T10:11:23.765 info Netsdk:63708 47864:21348 dhnetsdk.cpp:8205]Leave CLIENT_QueryDevState.ret:1.
[2026-03-30T10:11:23.949 info Netsdk:63708 46872:45668 dhnetsdk.cpp:1054]Leave CLIENT_LoginWithHighLevelSecurity. error:0, login ID:-2021868800.
[2026-03-30T10:11:23.955 info Netsdk:63708 46872:45668 dhnetsdk.cpp:8181]Enter CLIENT_QueryDevState. [lLoginID=-2021868800, nType=82, pBuf=000000E47319B6F8, nBufLen=60, pRetLen=000000E47319B6D4, waittime=1000.]
[2026-03-30T10:11:24.034 info Netsdk:63708 46872:45668 dhnetsdk.cpp:8205]Leave CLIENT_QueryDevState.ret:1.
[2026-03-30T10:11:24.044 info Netsdk:63708 46872:45668 dhnetsdk.cpp:1288]Enter CLIENT_RealPlayEx. lLoginID:-2021868800. nChannelID:0. rType:0
[2026-03-30T10:11:24.925 error Netsdk:63708 46872:45668 Generation2ProtocolSecureTransmit.cpp:661]Not find
[2026-03-30T10:11:24.925 info Netsdk:63708 46872:45668 DevConfigEx.cpp:11689]IN SetupSession PORT=0 and PORT: 37777
[2026-03-30T10:11:25.047 info Netsdk:63708 46872:45668 dhnetsdk.cpp:1354]Leave CLIENT_RealPlayEx. ret:-2021799984
[2026-03-30T10:12:07.863 info Netsdk:63708 46872:45668 dhnetsdk.cpp:2090]Enter CLIENT_StopRealPlayEx. lRealHandle:-2021799984.
[2026-03-30T10:12:07.870 info Netsdk:63708 47864:21348 dhnetsdk.cpp:1075]Enter CLIENT_Logout. lLoginID:-1432243232.
[2026-03-30T10:12:07.871 error Netsdk:63708 47864:21348 TPTCPClient.cpp:723]Device is not online, ip:192.168.1.23
[2026-03-30T10:12:07.871 info Netsdk:63708 47864:21348 dhnetsdk.cpp:1097]Leave CLIENT_Logout. ret:1
[2026-03-30T10:12:07.920 info Netsdk:63708 46872:45668 dhnetsdk.cpp:2104]Leave CLIENT_StopRealPlayEx. ret:1
[2026-03-30T10:12:07.920 info Netsdk:63708 46872:45668 dhnetsdk.cpp:1075]Enter CLIENT_Logout. lLoginID:-2021868800.
[2026-03-30T10:12:07.921 error Netsdk:63708 46872:45668 TPTCPClient.cpp:723]Device is not online, ip:192.168.1.23
[2026-03-30T10:12:07.921 info Netsdk:63708 46872:45668 dhnetsdk.cpp:1097]Leave CLIENT_Logout. ret:1
Begin Time:2026-03-31T11:01:25.250
[2026-03-31T11:01:25.250 info Netsdk:63708 51056:56680 AVNetSDKMgr.cpp:504]Load avnetsdk library dynamically
[2026-03-31T11:01:25.298 info Netsdk:63708 51056:56680 AVNetSDKMgr.cpp:549]avnetsdk module handle: 000001B819AB0000

[2026-03-31T11:01:25.300 info Netsdk:63708 51056:56680 AVNetSDKMgr.cpp:823]Load configsdk dynamically
[2026-03-31T11:01:25.307 info Netsdk:63708 51056:56680 dhnetsdk.cpp:352]Enter CLIENT_SetNetworkParam:[nWaittime=0, nConnectTime=0, nConnectTryNum=2, nSubConnectSpaceTime=0, nGetDevInfoTime=3000, nConnectBufSize=0, nGetConnInfoTime=0, nSearchRecordTime=0, nsubDisconnetTime=0, byNetType=0, byPlaybackBufSize=0, bDetectDisconnTime=0, bKeepLifeInterval=0, nPicBufSize=0].
[2026-03-31T11:01:25.307 info Netsdk:63708 51056:56680 dhnetsdk.cpp:367]Leave CLIENT_SetNetworkParam.
[2026-03-31T11:01:25.307 info Netsdk:63708 51056:56680 dhnetsdk.cpp:302]Enter CLIENT_SetAutoReconnect:[cbAutoConnect=00007FF6FDA1A000, dwUser=000000A5E7FAE450].
[2026-03-31T11:01:25.307 info Netsdk:63708 51056:56680 dhnetsdk.cpp:304]Leave CLIENT_SetAutoReconnect.
[2026-03-31T11:01:25.577 info Netsdk:63708 51056:56680 dhnetsdk.cpp:991]Enter CLIENT_LoginWithHighLevelSecurity. pstInParam:000000A5E7FAC9F0, pstOutParam:000000A5E7FACAF0.
[2026-03-31T11:01:25.577 info Netsdk:63708 51056:56680 dhnetsdk.cpp:1007]IP:192.168.1.23, port:37777, SpeCap:0, CapParam:0000000000000000, TLSCap:0
Begin Time:2026-03-31T11:01:25.768
[2026-03-31T11:01:25.768 info Netsdk:63708 49180:47284 AVNetSDKMgr.cpp:504]Load avnetsdk library dynamically
[2026-03-31T11:01:25.772 info Netsdk:63708 49180:47284 AVNetSDKMgr.cpp:549]avnetsdk module handle: 0000019F5A430000

[2026-03-31T11:01:25.772 info Netsdk:63708 49180:47284 AVNetSDKMgr.cpp:823]Load configsdk dynamically
[2026-03-31T11:01:25.774 info Netsdk:63708 49180:47284 dhnetsdk.cpp:302]Enter CLIENT_SetAutoReconnect:[cbAutoConnect=00007FF767D7A109, dwUser=00000004B716CDA0].
[2026-03-31T11:01:25.774 info Netsdk:63708 49180:47284 dhnetsdk.cpp:304]Leave CLIENT_SetAutoReconnect.
[2026-03-31T11:01:25.798 info Netsdk:63708 49180:47284 dhnetsdk.cpp:991]Enter CLIENT_LoginWithHighLevelSecurity. pstInParam:00000004B716B260, pstOutParam:00000004B716B360.
[2026-03-31T11:01:25.798 info Netsdk:63708 49180:47284 dhnetsdk.cpp:1007]IP:192.168.1.23, port:37777, SpeCap:0, CapParam:0000000000000000, TLSCap:0
[2026-03-31T11:01:25.915 info Netsdk:63708 51056:56680 dhnetsdk.cpp:1054]Leave CLIENT_LoginWithHighLevelSecurity. error:0, login ID:374380112.
[2026-03-31T11:01:25.935 info Netsdk:63708 51056:56680 dhnetsdk.cpp:8181]Enter CLIENT_QueryDevState. [lLoginID=374380112, nType=4, pBuf=000000A5E7FAB030, nBufLen=3076, pRetLen=000000A5E7FAC884, waittime=3000.]
[2026-03-31T11:01:25.959 info Netsdk:63708 51056:56680 dhnetsdk.cpp:8205]Leave CLIENT_QueryDevState.ret:1.
[2026-03-31T11:01:26.008 info Netsdk:63708 49180:47284 dhnetsdk.cpp:1054]Leave CLIENT_LoginWithHighLevelSecurity. error:0, login ID:1462282656.
[2026-03-31T11:01:26.025 info Netsdk:63708 49180:47284 dhnetsdk.cpp:8181]Enter CLIENT_QueryDevState. [lLoginID=1462282656, nType=82, pBuf=00000004B716B488, nBufLen=60, pRetLen=00000004B716B464, waittime=1000.]
[2026-03-31T11:01:26.131 info Netsdk:63708 49180:47284 dhnetsdk.cpp:8205]Leave CLIENT_QueryDevState.ret:1.
[2026-03-31T11:01:26.174 info Netsdk:63708 49180:47284 dhnetsdk.cpp:1288]Enter CLIENT_RealPlayEx. lLoginID:1462282656. nChannelID:0. rType:0
[2026-03-31T11:01:26.926 error Netsdk:63708 49180:47284 Generation2ProtocolSecureTransmit.cpp:661]Not find
[2026-03-31T11:01:26.926 info Netsdk:63708 49180:47284 DevConfigEx.cpp:11689]IN SetupSession PORT=0 and PORT: 37777
[2026-03-31T11:01:27.084 info Netsdk:63708 49180:47284 dhnetsdk.cpp:1354]Leave CLIENT_RealPlayEx. ret:1520243168
[2026-03-31T11:01:59.377 info Netsdk:63708 51056:56680 dhnetsdk.cpp:1075]Enter CLIENT_Logout. lLoginID:374380112.
[2026-03-31T11:01:59.381 error Netsdk:63708 51056:56680 TPTCPClient.cpp:723]Device is not online, ip:192.168.1.23
[2026-03-31T11:01:59.381 info Netsdk:63708 51056:56680 dhnetsdk.cpp:1097]Leave CLIENT_Logout. ret:1
[2026-03-31T11:01:59.785 info Netsdk:63708 49180:47284 dhnetsdk.cpp:2090]Enter CLIENT_StopRealPlayEx. lRealHandle:1520243168.
[2026-03-31T11:01:59.812 info Netsdk:63708 49180:47284 dhnetsdk.cpp:2104]Leave CLIENT_StopRealPlayEx. ret:1
[2026-03-31T11:01:59.812 info Netsdk:63708 49180:47284 dhnetsdk.cpp:1075]Enter CLIENT_Logout. lLoginID:1462282656.
[2026-03-31T11:01:59.813 error Netsdk:63708 49180:47284 TPTCPClient.cpp:723]Device is not online, ip:192.168.1.23
[2026-03-31T11:01:59.813 info Netsdk:63708 49180:47284 dhnetsdk.cpp:1097]Leave CLIENT_Logout. ret:1
Begin Time:2026-03-31T11:02:27.152
[2026-03-31T11:02:27.152 info Netsdk:63708 36704:55756 AVNetSDKMgr.cpp:504]Load avnetsdk library dynamically
[2026-03-31T11:02:27.174 info Netsdk:63708 36704:55756 AVNetSDKMgr.cpp:549]avnetsdk module handle: 0000015429940000

[2026-03-31T11:02:27.174 info Netsdk:63708 36704:55756 AVNetSDKMgr.cpp:823]Load configsdk dynamically
[2026-03-31T11:02:27.176 info Netsdk:63708 36704:55756 dhnetsdk.cpp:352]Enter CLIENT_SetNetworkParam:[nWaittime=0, nConnectTime=0, nConnectTryNum=2, nSubConnectSpaceTime=0, nGetDevInfoTime=3000, nConnectBufSize=0, nGetConnInfoTime=0, nSearchRecordTime=0, nsubDisconnetTime=0, byNetType=0, byPlaybackBufSize=0, bDetectDisconnTime=0, bKeepLifeInterval=0, nPicBufSize=0].
[2026-03-31T11:02:27.176 info Netsdk:63708 36704:55756 dhnetsdk.cpp:367]Leave CLIENT_SetNetworkParam.
[2026-03-31T11:02:27.176 info Netsdk:63708 36704:55756 dhnetsdk.cpp:302]Enter CLIENT_SetAutoReconnect:[cbAutoConnect=00007FF6FDA1A000, dwUser=00000053E0CFE550].
[2026-03-31T11:02:27.176 info Netsdk:63708 36704:55756 dhnetsdk.cpp:304]Leave CLIENT_SetAutoReconnect.
[2026-03-31T11:02:27.653 info Netsdk:63708 36704:55756 dhnetsdk.cpp:991]Enter CLIENT_LoginWithHighLevelSecurity. pstInParam:00000053E0CFCAF0, pstOutParam:00000053E0CFCBF0.
[2026-03-31T11:02:27.653 info Netsdk:63708 36704:55756 dhnetsdk.cpp:1007]IP:192.168.1.23, port:37777, SpeCap:0, CapParam:0000000000000000, TLSCap:0
Begin Time:2026-03-31T11:02:27.664
[2026-03-31T11:02:27.664 info Netsdk:63708 18972:44900 AVNetSDKMgr.cpp:504]Load avnetsdk library dynamically
[2026-03-31T11:02:27.666 info Netsdk:63708 18972:44900 AVNetSDKMgr.cpp:549]avnetsdk module handle: 000001C9F2D70000

[2026-03-31T11:02:27.666 info Netsdk:63708 18972:44900 AVNetSDKMgr.cpp:823]Load configsdk dynamically
[2026-03-31T11:02:27.667 info Netsdk:63708 18972:44900 dhnetsdk.cpp:302]Enter CLIENT_SetAutoReconnect:[cbAutoConnect=00007FF767D7A109, dwUser=0000003971D4CC00].
[2026-03-31T11:02:27.669 info Netsdk:63708 18972:44900 dhnetsdk.cpp:304]Leave CLIENT_SetAutoReconnect.
[2026-03-31T11:02:27.686 info Netsdk:63708 18972:44900 dhnetsdk.cpp:991]Enter CLIENT_LoginWithHighLevelSecurity. pstInParam:0000003971D4B0C0, pstOutParam:0000003971D4B1C0.
[2026-03-31T11:02:27.686 info Netsdk:63708 18972:44900 dhnetsdk.cpp:1007]IP:192.168.1.23, port:37777, SpeCap:0, CapParam:0000000000000000, TLSCap:0
[2026-03-31T11:02:28.055 info Netsdk:63708 18972:44900 dhnetsdk.cpp:1054]Leave CLIENT_LoginWithHighLevelSecurity. error:0, login ID:-453788016.
[2026-03-31T11:02:28.062 info Netsdk:63708 18972:44900 dhnetsdk.cpp:8181]Enter CLIENT_QueryDevState. [lLoginID=-453788016, nType=82, pBuf=0000003971D4B2E8, nBufLen=60, pRetLen=0000003971D4B2C4, waittime=1000.]
[2026-03-31T11:02:28.077 info Netsdk:63708 36704:55756 dhnetsdk.cpp:1054]Leave CLIENT_LoginWithHighLevelSecurity. error:0, login ID:643349200.
[2026-03-31T11:02:28.093 info Netsdk:63708 36704:55756 dhnetsdk.cpp:8181]Enter CLIENT_QueryDevState. [lLoginID=643349200, nType=4, pBuf=00000053E0CFB130, nBufLen=3076, pRetLen=00000053E0CFC984, waittime=3000.]
[2026-03-31T11:02:28.143 info Netsdk:63708 36704:55756 dhnetsdk.cpp:8205]Leave CLIENT_QueryDevState.ret:1.
[2026-03-31T11:02:28.263 info Netsdk:63708 18972:44900 dhnetsdk.cpp:8205]Leave CLIENT_QueryDevState.ret:1.
[2026-03-31T11:02:28.272 info Netsdk:63708 18972:44900 dhnetsdk.cpp:1288]Enter CLIENT_RealPlayEx. lLoginID:-453788016. nChannelID:0. rType:0
[2026-03-31T11:02:28.937 error Netsdk:63708 18972:44900 Generation2ProtocolSecureTransmit.cpp:661]Not find
[2026-03-31T11:02:28.937 info Netsdk:63708 18972:44900 DevConfigEx.cpp:11689]IN SetupSession PORT=0 and PORT: 37777
[2026-03-31T11:02:29.054 info Netsdk:63708 18972:44900 dhnetsdk.cpp:1354]Leave CLIENT_RealPlayEx. ret:-453738608
[2026-03-31T11:03:01.683 info Netsdk:63708 18972:44900 dhnetsdk.cpp:2090]Enter CLIENT_StopRealPlayEx. lRealHandle:-453738608.
[2026-03-31T11:03:01.700 info Netsdk:63708 18972:44900 dhnetsdk.cpp:2104]Leave CLIENT_StopRealPlayEx. ret:1
[2026-03-31T11:03:01.700 info Netsdk:63708 18972:44900 dhnetsdk.cpp:1075]Enter CLIENT_Logout. lLoginID:-453788016.
[2026-03-31T11:03:01.701 error Netsdk:63708 18972:44900 TPTCPClient.cpp:723]Device is not online, ip:192.168.1.23
[2026-03-31T11:03:01.701 info Netsdk:63708 18972:44900 dhnetsdk.cpp:1097]Leave CLIENT_Logout. ret:1
[2026-03-31T11:03:02.187 info Netsdk:63708 36704:55756 dhnetsdk.cpp:1075]Enter CLIENT_Logout. lLoginID:643349200.
[2026-03-31T11:03:02.187 error Netsdk:63708 36704:55756 TPTCPClient.cpp:723]Device is not online, ip:192.168.1.23
[2026-03-31T11:03:02.187 info Netsdk:63708 36704:55756 dhnetsdk.cpp:1097]Leave CLIENT_Logout. ret:1
Begin Time:2026-04-08T13:47:50.851
[2026-04-08T13:47:50.851 info Netsdk:63708 1684:105924 AVNetSDKMgr.cpp:504]Load avnetsdk library dynamically
[2026-04-08T13:47:50.870 info Netsdk:63708 1684:105924 AVNetSDKMgr.cpp:549]avnetsdk module handle: 0000023DD4E30000

[2026-04-08T13:47:50.870 info Netsdk:63708 1684:105924 AVNetSDKMgr.cpp:823]Load configsdk dynamically
[2026-04-08T13:47:50.876 info Netsdk:63708 1684:105924 dhnetsdk.cpp:352]Enter CLIENT_SetNetworkParam:[nWaittime=0, nConnectTime=0, nConnectTryNum=2, nSubConnectSpaceTime=0, nGetDevInfoTime=3000, nConnectBufSize=0, nGetConnInfoTime=0, nSearchRecordTime=0, nsubDisconnetTime=0, byNetType=0, byPlaybackBufSize=0, bDetectDisconnTime=0, bKeepLifeInterval=0, nPicBufSize=0].
[2026-04-08T13:47:50.876 info Netsdk:63708 1684:105924 dhnetsdk.cpp:367]Leave CLIENT_SetNetworkParam.
[2026-04-08T13:47:50.876 info Netsdk:63708 1684:105924 dhnetsdk.cpp:302]Enter CLIENT_SetAutoReconnect:[cbAutoConnect=00007FF74F37A000, dwUser=00000083C7B7E6A0].
[2026-04-08T13:47:50.876 info Netsdk:63708 1684:105924 dhnetsdk.cpp:304]Leave CLIENT_SetAutoReconnect.
[2026-04-08T13:47:50.945 info Netsdk:63708 1684:105924 dhnetsdk.cpp:991]Enter CLIENT_LoginWithHighLevelSecurity. pstInParam:00000083C7B7CC40, pstOutParam:00000083C7B7CD40.
[2026-04-08T13:47:50.945 info Netsdk:63708 1684:105924 dhnetsdk.cpp:1007]IP:192.168.1.23, port:37777, SpeCap:0, CapParam:0000000000000000, TLSCap:0
[2026-04-08T13:47:51.125 info Netsdk:63708 1684:105924 dhnetsdk.cpp:1054]Leave CLIENT_LoginWithHighLevelSecurity. error:0, login ID:-779372528.
[2026-04-08T13:47:51.131 info Netsdk:63708 1684:105924 dhnetsdk.cpp:8181]Enter CLIENT_QueryDevState. [lLoginID=-779372528, nType=4, pBuf=00000083C7B7B280, nBufLen=3076, pRetLen=00000083C7B7CAD4, waittime=3000.]
[2026-04-08T13:47:51.160 info Netsdk:63708 1684:105924 dhnetsdk.cpp:8205]Leave CLIENT_QueryDevState.ret:1.
Begin Time:2026-04-08T13:47:51.268
[2026-04-08T13:47:51.268 info Netsdk:63708 37216:95496 AVNetSDKMgr.cpp:504]Load avnetsdk library dynamically
[2026-04-08T13:47:51.270 info Netsdk:63708 37216:95496 AVNetSDKMgr.cpp:549]avnetsdk module handle: 000001FE1BC10000

[2026-04-08T13:47:51.270 info Netsdk:63708 37216:95496 AVNetSDKMgr.cpp:823]Load configsdk dynamically
[2026-04-08T13:47:51.271 info Netsdk:63708 37216:95496 dhnetsdk.cpp:302]Enter CLIENT_SetAutoReconnect:[cbAutoConnect=00007FF72109A109, dwUser=000000A1310FCCD0].
[2026-04-08T13:47:51.271 info Netsdk:63708 37216:95496 dhnetsdk.cpp:304]Leave CLIENT_SetAutoReconnect.
[2026-04-08T13:47:51.285 info Netsdk:63708 37216:95496 dhnetsdk.cpp:991]Enter CLIENT_LoginWithHighLevelSecurity. pstInParam:000000A1310FB190, pstOutParam:000000A1310FB290.
[2026-04-08T13:47:51.285 info Netsdk:63708 37216:95496 dhnetsdk.cpp:1007]IP:192.168.1.23, port:37777, SpeCap:0, CapParam:0000000000000000, TLSCap:0
[2026-04-08T13:47:51.467 info Netsdk:63708 37216:95496 dhnetsdk.cpp:1054]Leave CLIENT_LoginWithHighLevelSecurity. error:0, login ID:250527376.
[2026-04-08T13:47:51.472 info Netsdk:63708 37216:95496 dhnetsdk.cpp:8181]Enter CLIENT_QueryDevState. [lLoginID=250527376, nType=82, pBuf=000000A1310FB3B8, nBufLen=60, pRetLen=000000A1310FB394, waittime=1000.]
[2026-04-08T13:47:51.620 info Netsdk:63708 37216:95496 dhnetsdk.cpp:8205]Leave CLIENT_QueryDevState.ret:1.
[2026-04-08T13:47:51.630 info Netsdk:63708 37216:95496 dhnetsdk.cpp:1288]Enter CLIENT_RealPlayEx. lLoginID:250527376. nChannelID:0. rType:0
[2026-04-08T13:47:52.058 error Netsdk:63708 37216:95496 Generation2ProtocolSecureTransmit.cpp:661]Not find
[2026-04-08T13:47:52.058 info Netsdk:63708 37216:95496 DevConfigEx.cpp:11689]IN SetupSession PORT=0 and PORT: 37777
[2026-04-08T13:47:52.147 info Netsdk:63708 37216:95496 dhnetsdk.cpp:1354]Leave CLIENT_RealPlayEx. ret:250552672
[2026-04-08T13:49:07.297 info Netsdk:63708 37216:95496 dhnetsdk.cpp:2090]Enter CLIENT_StopRealPlayEx. lRealHandle:250552672.
[2026-04-08T13:49:07.307 info Netsdk:63708 37216:95496 dhnetsdk.cpp:2104]Leave CLIENT_StopRealPlayEx. ret:1
[2026-04-08T13:49:07.307 info Netsdk:63708 37216:95496 dhnetsdk.cpp:1075]Enter CLIENT_Logout. lLoginID:250527376.
[2026-04-08T13:49:07.309 error Netsdk:63708 37216:95496 TPTCPClient.cpp:723]Device is not online, ip:192.168.1.23
[2026-04-08T13:49:07.309 info Netsdk:63708 37216:95496 dhnetsdk.cpp:1097]Leave CLIENT_Logout. ret:1
[2026-04-08T13:49:07.902 info Netsdk:63708 1684:105924 dhnetsdk.cpp:1075]Enter CLIENT_Logout. lLoginID:-779372528.
[2026-04-08T13:49:07.903 error Netsdk:63708 1684:105924 TPTCPClient.cpp:723]Device is not online, ip:192.168.1.23
[2026-04-08T13:49:07.903 info Netsdk:63708 1684:105924 dhnetsdk.cpp:1097]Leave CLIENT_Logout. ret:1
Begin Time:2026-04-16T12:21:47.046
[2026-04-16T12:21:47.046 info Netsdk:63708 165460:151928 AVNetSDKMgr.cpp:504]Load avnetsdk library dynamically
[2026-04-16T12:21:47.060 info Netsdk:63708 165460:151928 AVNetSDKMgr.cpp:549]avnetsdk module handle: 000001E15F1B0000

[2026-04-16T12:21:47.060 info Netsdk:63708 165460:151928 AVNetSDKMgr.cpp:823]Load configsdk dynamically
[2026-04-16T12:21:47.063 info Netsdk:63708 165460:151928 dhnetsdk.cpp:352]Enter CLIENT_SetNetworkParam:[nWaittime=0, nConnectTime=0, nConnectTryNum=2, nSubConnectSpaceTime=0, nGetDevInfoTime=3000, nConnectBufSize=0, nGetConnInfoTime=0, nSearchRecordTime=0, nsubDisconnetTime=0, byNetType=0, byPlaybackBufSize=0, bDetectDisconnTime=0, bKeepLifeInterval=0, nPicBufSize=0].
[2026-04-16T12:21:47.063 info Netsdk:63708 165460:151928 dhnetsdk.cpp:367]Leave CLIENT_SetNetworkParam.
[2026-04-16T12:21:47.063 info Netsdk:63708 165460:151928 dhnetsdk.cpp:302]Enter CLIENT_SetAutoReconnect:[cbAutoConnect=00007FF716E0A000, dwUser=0000007658EFE970].
[2026-04-16T12:21:47.063 info Netsdk:63708 165460:151928 dhnetsdk.cpp:304]Leave CLIENT_SetAutoReconnect.
Begin Time:2026-04-16T12:21:47.113
[2026-04-16T12:21:47.113 info Netsdk:63708 178976:172988 AVNetSDKMgr.cpp:504]Load avnetsdk library dynamically
[2026-04-16T12:21:47.115 info Netsdk:63708 178976:172988 AVNetSDKMgr.cpp:549]avnetsdk module handle: 00000261162B0000

[2026-04-16T12:21:47.115 info Netsdk:63708 178976:172988 AVNetSDKMgr.cpp:823]Load configsdk dynamically
[2026-04-16T12:21:47.116 info Netsdk:63708 178976:172988 dhnetsdk.cpp:302]Enter CLIENT_SetAutoReconnect:[cbAutoConnect=00007FF6542BA109, dwUser=00000073CA9BD210].
[2026-04-16T12:21:47.116 info Netsdk:63708 178976:172988 dhnetsdk.cpp:304]Leave CLIENT_SetAutoReconnect.
[2026-04-16T12:21:47.128 info Netsdk:63708 178976:172988 dhnetsdk.cpp:991]Enter CLIENT_LoginWithHighLevelSecurity. pstInParam:00000073CA9BB6D0, pstOutParam:00000073CA9BB7D0.
[2026-04-16T12:21:47.128 info Netsdk:63708 178976:172988 dhnetsdk.cpp:1007]IP:192.168.1.23, port:37777, SpeCap:0, CapParam:0000000000000000, TLSCap:0
[2026-04-16T12:21:47.272 info Netsdk:63708 165460:151928 dhnetsdk.cpp:991]Enter CLIENT_LoginWithHighLevelSecurity. pstInParam:0000007658EFCF10, pstOutParam:0000007658EFD010.
[2026-04-16T12:21:47.272 info Netsdk:63708 165460:151928 dhnetsdk.cpp:1007]IP:192.168.1.23, port:37777, SpeCap:0, CapParam:0000000000000000, TLSCap:0
[2026-04-16T12:21:47.377 info Netsdk:63708 178976:172988 dhnetsdk.cpp:1054]Leave CLIENT_LoginWithHighLevelSecurity. error:0, login ID:303526144.
[2026-04-16T12:21:47.387 info Netsdk:63708 178976:172988 dhnetsdk.cpp:8181]Enter CLIENT_QueryDevState. [lLoginID=303526144, nType=82, pBuf=00000073CA9BB8F8, nBufLen=60, pRetLen=00000073CA9BB8D4, waittime=1000.]
[2026-04-16T12:21:47.424 info Netsdk:63708 165460:151928 dhnetsdk.cpp:1054]Leave CLIENT_LoginWithHighLevelSecurity. error:0, login ID:1586215600.
[2026-04-16T12:21:47.432 info Netsdk:63708 165460:151928 dhnetsdk.cpp:8181]Enter CLIENT_QueryDevState. [lLoginID=1586215600, nType=4, pBuf=0000007658EFB550, nBufLen=3076, pRetLen=0000007658EFCDA4, waittime=3000.]
[2026-04-16T12:21:47.439 info Netsdk:63708 165460:151928 dhnetsdk.cpp:8205]Leave CLIENT_QueryDevState.ret:1.
[2026-04-16T12:21:47.469 info Netsdk:63708 178976:172988 dhnetsdk.cpp:8205]Leave CLIENT_QueryDevState.ret:1.
[2026-04-16T12:21:47.475 info Netsdk:63708 178976:172988 dhnetsdk.cpp:1288]Enter CLIENT_RealPlayEx. lLoginID:303526144. nChannelID:0. rType:0
[2026-04-16T12:21:47.809 error Netsdk:63708 178976:172988 Generation2ProtocolSecureTransmit.cpp:661]Not find
[2026-04-16T12:21:47.809 info Netsdk:63708 178976:172988 DevConfigEx.cpp:11689]IN SetupSession PORT=0 and PORT: 37777
[2026-04-16T12:21:47.891 info Netsdk:63708 178976:172988 dhnetsdk.cpp:1354]Leave CLIENT_RealPlayEx. ret:303548832
[2026-04-16T12:21:47.999 error Netsdk:63708 178976:171556 RealPlayAndPlayBackUtil.cpp:420]nKeyIDLen or nKeyLen is 0
[2026-04-16T12:22:22.065 info Netsdk:63708 165460:151928 dhnetsdk.cpp:1075]Enter CLIENT_Logout. lLoginID:1586215600.
[2026-04-16T12:22:22.068 error Netsdk:63708 165460:151928 TPTCPClient.cpp:723]Device is not online, ip:192.168.1.23
[2026-04-16T12:22:22.068 info Netsdk:63708 165460:151928 dhnetsdk.cpp:1097]Leave CLIENT_Logout. ret:1
[2026-04-16T12:22:22.116 info Netsdk:63708 178976:172988 dhnetsdk.cpp:2090]Enter CLIENT_StopRealPlayEx. lRealHandle:303548832.
[2026-04-16T12:22:22.123 info Netsdk:63708 178976:172988 dhnetsdk.cpp:2104]Leave CLIENT_StopRealPlayEx. ret:1
[2026-04-16T12:22:22.123 info Netsdk:63708 178976:172988 dhnetsdk.cpp:1075]Enter CLIENT_Logout. lLoginID:303526144.
[2026-04-16T12:22:22.124 error Netsdk:63708 178976:172988 TPTCPClient.cpp:723]Device is not online, ip:192.168.1.23
[2026-04-16T12:22:22.124 info Netsdk:63708 178976:172988 dhnetsdk.cpp:1097]Leave CLIENT_Logout. ret:1
