C:\Program Files\Microsoft Visual Studio\2022\Community\MSBuild\Microsoft\VC\v170\Microsoft.CppBuild.targets(517,5): warning MSB8004: Output 目录未以斜杠结尾。  此生成实例将添加斜杠，因为必须有这个斜杠才能正确计算 Output 目录。
  stdafx.cpp
  qyPipeFunc_open.cpp
E:\root\openRtComm-new\srcProjs\qyOpen\include\qyDefs_open.h(1,1): warning C4819: 该文件包含不能在当前代码页(936)中表示的字符。请将该文件保存为 Unicode 格式以防止数据丢失
  (编译源文件“/qyOpen/qyCommProc_open/qyPipeFunc_open.cpp”)
  
E:\root\openRtComm-new\srcProjs\qyOpen\qyCommProc_open\include\qyCommProc_open.h(1,1): warning C4819: 该文件包含不能在当前代码页(936)中表示的字符。请将该文件保存为 Unicode 格式以防止数据丢失
  (编译源文件“/qyOpen/qyCommProc_open/qyPipeFunc_open.cpp”)
  
E:\root\openRtComm-new\srcProjs\qyOpen\qdc_open\include\qdcCommProc_open.h(1,1): warning C4819: 该文件包含不能在当前代码页(936)中表示的字符。请将该文件保存为 Unicode 格式以防止数据丢失
  (编译源文件“/qyOpen/qyCommProc_open/qyPipeFunc_open.cpp”)
  
E:\root\openRtComm-new\srcProjs\qyOpen\qdc_open\include\rtspCliHelpPublic.h(1,1): warning C4819: 该文件包含不能在当前代码页(936)中表示的字符。请将该文件保存为 Unicode 格式以防止数据丢失
  (编译源文件“/qyOpen/qyCommProc_open/qyPipeFunc_open.cpp”)
  
  rtspCliCommonFunc.cpp
E:\root\openRtComm-new\srcProjs\qyOpen\include\qyDefs_open.h(1,1): warning C4819: 该文件包含不能在当前代码页(936)中表示的字符。请将该文件保存为 Unicode 格式以防止数据丢失
  (编译源文件“/qyOpen/qyCommProc_open/rtspCliCommonFunc.cpp”)
  
E:\root\openRtComm-new\srcProjs\qyOpen\qyCommProc_open\include\qyCommProc_open.h(1,1): warning C4819: 该文件包含不能在当前代码页(936)中表示的字符。请将该文件保存为 Unicode 格式以防止数据丢失
  (编译源文件“/qyOpen/qyCommProc_open/rtspCliCommonFunc.cpp”)
  
E:\root\openRtComm-new\srcProjs\qyOpen\qdc_open\include\qdcCommProc_open.h(1,1): warning C4819: 该文件包含不能在当前代码页(936)中表示的字符。请将该文件保存为 Unicode 格式以防止数据丢失
  (编译源文件“/qyOpen/qyCommProc_open/rtspCliCommonFunc.cpp”)
  
E:\root\openRtComm-new\srcProjs\qyOpen\qdc_open\include\rtspCliHelpPublic.h(1,1): warning C4819: 该文件包含不能在当前代码页(936)中表示的字符。请将该文件保存为 Unicode 格式以防止数据丢失
  (编译源文件“/qyOpen/qyCommProc_open/rtspCliCommonFunc.cpp”)
  
  myopenRTSP.cpp
  myplayCommon.cpp
E:\root\openRtComm-new\srcProjs\qisTools_srcRoot\live555\rtspCliHelp\public\myplayCommon.cpp(1,1): warning C4819: 该文件包含不能在当前代码页(936)中表示的字符。请将该文件保存为 Unicode 格式以防止数据丢失
E:\root\openRtComm-new\srcProjs\qyOpen\include\qyDefs_open.h(1,1): warning C4819: 该文件包含不能在当前代码页(936)中表示的字符。请将该文件保存为 Unicode 格式以防止数据丢失
  (编译源文件“/public/myplayCommon.cpp”)
  
E:\root\openRtComm-new\srcProjs\qyOpen\qyCommProc_open\include\qyCommProc_open.h(1,1): warning C4819: 该文件包含不能在当前代码页(936)中表示的字符。请将该文件保存为 Unicode 格式以防止数据丢失
  (编译源文件“/public/myplayCommon.cpp”)
  
E:\root\openRtComm-new\srcProjs\qyOpen\qdc_open\include\qdcCommProc_open.h(1,1): warning C4819: 该文件包含不能在当前代码页(936)中表示的字符。请将该文件保存为 Unicode 格式以防止数据丢失
  (编译源文件“/public/myplayCommon.cpp”)
  
E:\root\openRtComm-new\srcProjs\qyOpen\qdc_open\include\rtspCliHelpPublic.h(1,1): warning C4819: 该文件包含不能在当前代码页(936)中表示的字符。请将该文件保存为 Unicode 格式以防止数据丢失
  (编译源文件“/public/myplayCommon.cpp”)
  
E:\root\openRtComm-new\srcProjs\qyOpen\include\qvcfDefs.h(1,1): warning C4819: 该文件包含不能在当前代码页(936)中表示的字符。请将该文件保存为 Unicode 格式以防止数据丢失
  (编译源文件“/public/myplayCommon.cpp”)
  
E:\root\openRtComm-new\srcProjs\qisTools_srcRoot\live555\rtspCliHelp\public\myplayCommon.cpp(340,15): warning C4018: “>”: 有符号/无符号不匹配
  (编译源文件“/public/myplayCommon.cpp”)
  
E:\root\openRtComm-new\srcProjs\qisTools_srcRoot\live555\rtspCliHelp\public\myplayCommon.cpp(537,30): warning C4244: “参数”: 从“unsigned __int64”转换到“int”，可能丢失数据
  (编译源文件“/public/myplayCommon.cpp”)
  
E:\root\openRtComm-new\srcProjs\qisTools_srcRoot\live555\rtspCliHelp\public\myplayCommon.cpp(548,29): warning C4244: “参数”: 从“unsigned __int64”转换到“int”，可能丢失数据
  (编译源文件“/public/myplayCommon.cpp”)
  
E:\root\openRtComm-new\srcProjs\qisTools_srcRoot\live555\rtspCliHelp\public\myplayCommon.cpp(824,1): warning C4819: 该文件包含不能在当前代码页(936)中表示的字符。请将该文件保存为 Unicode 格式以防止数据丢失
  (编译源文件“/public/myplayCommon.cpp”)
  
E:\root\openRtComm-new\srcProjs\qisTools_srcRoot\live555\rtspCliHelp\public\myplayCommon.cpp(905,149): warning C4244: “参数”: 从“unsigned __int64”转换到“int”，可能丢失数据
  (编译源文件“/public/myplayCommon.cpp”)
  
E:\root\openRtComm-new\srcProjs\qisTools_srcRoot\live555\rtspCliHelp\public\myplayCommon.cpp(915,147): warning C4244: “参数”: 从“unsigned __int64”转换到“int”，可能丢失数据
  (编译源文件“/public/myplayCommon.cpp”)
  
E:\root\openRtComm-new\srcProjs\qisTools_srcRoot\live555\rtspCliHelp\public\myplayCommon.cpp(965,32): warning C4244: “参数”: 从“unsigned __int64”转换到“int”，可能丢失数据
  (编译源文件“/public/myplayCommon.cpp”)
  
E:\root\openRtComm-new\srcProjs\qisTools_srcRoot\live555\rtspCliHelp\public\myplayCommon.cpp(1158,8): warning C4101: “fSuccess”: 未引用的局部变量
  (编译源文件“/public/myplayCommon.cpp”)
  
E:\root\openRtComm-new\srcProjs\qisTools_srcRoot\live555\rtspCliHelp\public\myplayCommon.cpp(2053,13): warning C4267: “初始化”: 从“size_t”转换到“int”，可能丢失数据
  (编译源文件“/public/myplayCommon.cpp”)
  
E:\root\openRtComm-new\srcProjs\qisTools_srcRoot\live555\rtspCliHelp\public\myplayCommon.cpp(2078,38): warning C4101: “e”: 未引用的局部变量
  (编译源文件“/public/myplayCommon.cpp”)
  
E:\root\openRtComm-new\srcProjs\qisTools_srcRoot\live555\rtspCliHelp\public\myplayCommon.cpp(2081,34): warning C4101: “e”: 未引用的局部变量
  (编译源文件“/public/myplayCommon.cpp”)
  
  rtspCliHelpCmdProc.cpp
E:\root\openRtComm-new\srcProjs\qyOpen\include\qyDefs_open.h(1,1): warning C4819: 该文件包含不能在当前代码页(936)中表示的字符。请将该文件保存为 Unicode 格式以防止数据丢失
  (编译源文件“/public/rtspCliHelpCmdProc.cpp”)
  
E:\root\openRtComm-new\srcProjs\qyOpen\qyCommProc_open\include\qyCommProc_open.h(1,1): warning C4819: 该文件包含不能在当前代码页(936)中表示的字符。请将该文件保存为 Unicode 格式以防止数据丢失
  (编译源文件“/public/rtspCliHelpCmdProc.cpp”)
  
E:\root\openRtComm-new\srcProjs\qyOpen\qdc_open\include\qdcCommProc_open.h(1,1): warning C4819: 该文件包含不能在当前代码页(936)中表示的字符。请将该文件保存为 Unicode 格式以防止数据丢失
  (编译源文件“/public/rtspCliHelpCmdProc.cpp”)
  
E:\root\openRtComm-new\srcProjs\qyOpen\qdc_open\include\rtspCliHelpPublic.h(1,1): warning C4819: 该文件包含不能在当前代码页(936)中表示的字符。请将该文件保存为 Unicode 格式以防止数据丢失
  (编译源文件“/public/rtspCliHelpCmdProc.cpp”)
  
  rtspCliHelp_dynFunc.cpp
E:\root\openRtComm-new\srcProjs\qyOpen\include\qyDefs_open.h(1,1): warning C4819: 该文件包含不能在当前代码页(936)中表示的字符。请将该文件保存为 Unicode 格式以防止数据丢失
  (编译源文件“/public/rtspCliHelp_dynFunc.cpp”)
  
E:\root\openRtComm-new\srcProjs\qyOpen\qyCommProc_open\include\qyCommProc_open.h(1,1): warning C4819: 该文件包含不能在当前代码页(936)中表示的字符。请将该文件保存为 Unicode 格式以防止数据丢失
  (编译源文件“/public/rtspCliHelp_dynFunc.cpp”)
  
E:\root\openRtComm-new\srcProjs\qyOpen\qdc_open\include\qdcCommProc_open.h(1,1): warning C4819: 该文件包含不能在当前代码页(936)中表示的字符。请将该文件保存为 Unicode 格式以防止数据丢失
  (编译源文件“/public/rtspCliHelp_dynFunc.cpp”)
  
E:\root\openRtComm-new\srcProjs\qyOpen\qdc_open\include\rtspCliHelpPublic.h(1,1): warning C4819: 该文件包含不能在当前代码页(936)中表示的字符。请将该文件保存为 Unicode 格式以防止数据丢失
  (编译源文件“/public/rtspCliHelp_dynFunc.cpp”)
  
  splProc.cpp
E:\root\openRtComm-new\srcProjs\qisTools_srcRoot\live555\rtspCliHelp\public\splProc.cpp(1,1): warning C4819: 该文件包含不能在当前代码页(936)中表示的字符。请将该文件保存为 Unicode 格式以防止数据丢失
E:\root\openRtComm-new\srcProjs\qyOpen\include\qyDefs_open.h(1,1): warning C4819: 该文件包含不能在当前代码页(936)中表示的字符。请将该文件保存为 Unicode 格式以防止数据丢失
  (编译源文件“/public/splProc.cpp”)
  
E:\root\openRtComm-new\srcProjs\qyOpen\qyCommProc_open\include\qyCommProc_open.h(1,1): warning C4819: 该文件包含不能在当前代码页(936)中表示的字符。请将该文件保存为 Unicode 格式以防止数据丢失
  (编译源文件“/public/splProc.cpp”)
  
E:\root\openRtComm-new\srcProjs\qyOpen\qdc_open\include\qdcCommProc_open.h(1,1): warning C4819: 该文件包含不能在当前代码页(936)中表示的字符。请将该文件保存为 Unicode 格式以防止数据丢失
  (编译源文件“/public/splProc.cpp”)
  
E:\root\openRtComm-new\srcProjs\qyOpen\qdc_open\include\rtspCliHelpPublic.h(1,1): warning C4819: 该文件包含不能在当前代码页(936)中表示的字符。请将该文件保存为 Unicode 格式以防止数据丢失
  (编译源文件“/public/splProc.cpp”)
  
E:\root\openRtComm-new\srcProjs\qisTools_srcRoot\live555\rtspCliHelp\public\splProc.cpp(244,147): warning C4244: “参数”: 从“unsigned __int64”转换到“int”，可能丢失数据
  (编译源文件“/public/splProc.cpp”)
  
  rtspCliHelp.cpp
  正在生成代码...
  dllmain.cpp
stdafx.obj : warning LNK4208: “”中的 PDB 格式不兼容；删除并重新生成；正在链接对象，如同没有调试信息一样
stdafx.obj : warning LNK4208: “”中的 PDB 格式不兼容；删除并重新生成；正在链接对象，如同没有调试信息一样
stdafx.obj : warning LNK4208: “”中的 PDB 格式不兼容；删除并重新生成；正在链接对象，如同没有调试信息一样
stdafx.obj : warning LNK4208: “”中的 PDB 格式不兼容；删除并重新生成；正在链接对象，如同没有调试信息一样
stdafx.obj : warning LNK4208: “”中的 PDB 格式不兼容；删除并重新生成；正在链接对象，如同没有调试信息一样
stdafx.obj : warning LNK4208: “”中的 PDB 格式不兼容；删除并重新生成；正在链接对象，如同没有调试信息一样
stdafx.obj : warning LNK4208: “”中的 PDB 格式不兼容；删除并重新生成；正在链接对象，如同没有调试信息一样
stdafx.obj : warning LNK4208: “”中的 PDB 格式不兼容；删除并重新生成；正在链接对象，如同没有调试信息一样
stdafx.obj : warning LNK4208: “”中的 PDB 格式不兼容；删除并重新生成；正在链接对象，如同没有调试信息一样
stdafx.obj : warning LNK4208: “”中的 PDB 格式不兼容；删除并重新生成；正在链接对象，如同没有调试信息一样
stdafx.obj : warning LNK4208: “”中的 PDB 格式不兼容；删除并重新生成；正在链接对象，如同没有调试信息一样
stdafx.obj : warning LNK4208: “”中的 PDB 格式不兼容；删除并重新生成；正在链接对象，如同没有调试信息一样
stdafx.obj : warning LNK4208: “”中的 PDB 格式不兼容；删除并重新生成；正在链接对象，如同没有调试信息一样
stdafx.obj : warning LNK4208: “”中的 PDB 格式不兼容；删除并重新生成；正在链接对象，如同没有调试信息一样
stdafx.obj : warning LNK4208: “”中的 PDB 格式不兼容；删除并重新生成；正在链接对象，如同没有调试信息一样
stdafx.obj : warning LNK4208: “”中的 PDB 格式不兼容；删除并重新生成；正在链接对象，如同没有调试信息一样
stdafx.obj : warning LNK4208: “”中的 PDB 格式不兼容；删除并重新生成；正在链接对象，如同没有调试信息一样
stdafx.obj : warning LNK4208: “”中的 PDB 格式不兼容；删除并重新生成；正在链接对象，如同没有调试信息一样
stdafx.obj : warning LNK4208: “”中的 PDB 格式不兼容；删除并重新生成；正在链接对象，如同没有调试信息一样
stdafx.obj : warning LNK4208: “”中的 PDB 格式不兼容；删除并重新生成；正在链接对象，如同没有调试信息一样
stdafx.obj : warning LNK4208: “”中的 PDB 格式不兼容；删除并重新生成；正在链接对象，如同没有调试信息一样
stdafx.obj : warning LNK4208: “”中的 PDB 格式不兼容；删除并重新生成；正在链接对象，如同没有调试信息一样
stdafx.obj : warning LNK4208: “”中的 PDB 格式不兼容；删除并重新生成；正在链接对象，如同没有调试信息一样
liveMedia.lib(H264VideoRTPSource.obj) : warning LNK4208: “”中的 PDB 格式不兼容；删除并重新生成；正在链接对象，如同没有调试信息一样
liveMedia.lib(H264VideoRTPSource.obj) : warning LNK4208: “”中的 PDB 格式不兼容；删除并重新生成；正在链接对象，如同没有调试信息一样
liveMedia.lib(H264VideoRTPSource.obj) : warning LNK4208: “”中的 PDB 格式不兼容；删除并重新生成；正在链接对象，如同没有调试信息一样
liveMedia.lib(H264VideoRTPSource.obj) : warning LNK4208: “”中的 PDB 格式不兼容；删除并重新生成；正在链接对象，如同没有调试信息一样
liveMedia.lib(H264VideoRTPSource.obj) : warning LNK4208: “”中的 PDB 格式不兼容；删除并重新生成；正在链接对象，如同没有调试信息一样
liveMedia.lib(H264VideoRTPSource.obj) : warning LNK4208: “”中的 PDB 格式不兼容；删除并重新生成；正在链接对象，如同没有调试信息一样
liveMedia.lib(H264VideoRTPSource.obj) : warning LNK4208: “”中的 PDB 格式不兼容；删除并重新生成；正在链接对象，如同没有调试信息一样
liveMedia.lib(H264VideoRTPSource.obj) : warning LNK4208: “”中的 PDB 格式不兼容；删除并重新生成；正在链接对象，如同没有调试信息一样
liveMedia.lib(H264VideoRTPSource.obj) : warning LNK4208: “”中的 PDB 格式不兼容；删除并重新生成；正在链接对象，如同没有调试信息一样
liveMedia.lib(H264VideoRTPSource.obj) : warning LNK4208: “”中的 PDB 格式不兼容；删除并重新生成；正在链接对象，如同没有调试信息一样
liveMedia.lib(H264VideoRTPSource.obj) : warning LNK4208: “”中的 PDB 格式不兼容；删除并重新生成；正在链接对象，如同没有调试信息一样
liveMedia.lib(H264VideoRTPSource.obj) : warning LNK4208: “”中的 PDB 格式不兼容；删除并重新生成；正在链接对象，如同没有调试信息一样
liveMedia.lib(H264VideoRTPSource.obj) : warning LNK4208: “”中的 PDB 格式不兼容；删除并重新生成；正在链接对象，如同没有调试信息一样
liveMedia.lib(H264VideoRTPSource.obj) : warning LNK4208: “”中的 PDB 格式不兼容；删除并重新生成；正在链接对象，如同没有调试信息一样
liveMedia.lib(H264VideoRTPSource.obj) : warning LNK4208: “”中的 PDB 格式不兼容；删除并重新生成；正在链接对象，如同没有调试信息一样
liveMedia.lib(H264VideoRTPSource.obj) : warning LNK4208: “”中的 PDB 格式不兼容；删除并重新生成；正在链接对象，如同没有调试信息一样
liveMedia.lib(MediaSession.obj) : warning LNK4208: “”中的 PDB 格式不兼容；删除并重新生成；正在链接对象，如同没有调试信息一样
liveMedia.lib(MediaSession.obj) : warning LNK4208: “”中的 PDB 格式不兼容；删除并重新生成；正在链接对象，如同没有调试信息一样
liveMedia.lib(MediaSession.obj) : warning LNK4208: “”中的 PDB 格式不兼容；删除并重新生成；正在链接对象，如同没有调试信息一样
liveMedia.lib(MediaSession.obj) : warning LNK4208: “”中的 PDB 格式不兼容；删除并重新生成；正在链接对象，如同没有调试信息一样
liveMedia.lib(MediaSession.obj) : warning LNK4208: “”中的 PDB 格式不兼容；删除并重新生成；正在链接对象，如同没有调试信息一样
liveMedia.lib(MediaSession.obj) : warning LNK4208: “”中的 PDB 格式不兼容；删除并重新生成；正在链接对象，如同没有调试信息一样
liveMedia.lib(MediaSession.obj) : warning LNK4208: “”中的 PDB 格式不兼容；删除并重新生成；正在链接对象，如同没有调试信息一样
liveMedia.lib(MediaSession.obj) : warning LNK4208: “”中的 PDB 格式不兼容；删除并重新生成；正在链接对象，如同没有调试信息一样
liveMedia.lib(MediaSession.obj) : warning LNK4208: “”中的 PDB 格式不兼容；删除并重新生成；正在链接对象，如同没有调试信息一样
liveMedia.lib(MediaSession.obj) : warning LNK4208: “”中的 PDB 格式不兼容；删除并重新生成；正在链接对象，如同没有调试信息一样
liveMedia.lib(MediaSession.obj) : warning LNK4208: “”中的 PDB 格式不兼容；删除并重新生成；正在链接对象，如同没有调试信息一样
liveMedia.lib(MediaSession.obj) : warning LNK4208: “”中的 PDB 格式不兼容；删除并重新生成；正在链接对象，如同没有调试信息一样
liveMedia.lib(MediaSession.obj) : warning LNK4208: “”中的 PDB 格式不兼容；删除并重新生成；正在链接对象，如同没有调试信息一样
liveMedia.lib(MediaSession.obj) : warning LNK4208: “”中的 PDB 格式不兼容；删除并重新生成；正在链接对象，如同没有调试信息一样
liveMedia.lib(MediaSession.obj) : warning LNK4208: “”中的 PDB 格式不兼容；删除并重新生成；正在链接对象，如同没有调试信息一样
liveMedia.lib(MediaSession.obj) : warning LNK4208: “”中的 PDB 格式不兼容；删除并重新生成；正在链接对象，如同没有调试信息一样
liveMedia.lib(MediaSession.obj) : warning LNK4208: “”中的 PDB 格式不兼容；删除并重新生成；正在链接对象，如同没有调试信息一样
liveMedia.lib(MediaSession.obj) : warning LNK4208: “”中的 PDB 格式不兼容；删除并重新生成；正在链接对象，如同没有调试信息一样
liveMedia.lib(MediaSession.obj) : warning LNK4208: “”中的 PDB 格式不兼容；删除并重新生成；正在链接对象，如同没有调试信息一样
liveMedia.lib(MediaSession.obj) : warning LNK4208: “”中的 PDB 格式不兼容；删除并重新生成；正在链接对象，如同没有调试信息一样
liveMedia.lib(MediaSession.obj) : warning LNK4208: “”中的 PDB 格式不兼容；删除并重新生成；正在链接对象，如同没有调试信息一样
liveMedia.lib(DigestAuthentication.obj) : warning LNK4208: “”中的 PDB 格式不兼容；删除并重新生成；正在链接对象，如同没有调试信息一样
liveMedia.lib(DigestAuthentication.obj) : warning LNK4208: “”中的 PDB 格式不兼容；删除并重新生成；正在链接对象，如同没有调试信息一样
liveMedia.lib(DigestAuthentication.obj) : warning LNK4208: “”中的 PDB 格式不兼容；删除并重新生成；正在链接对象，如同没有调试信息一样
liveMedia.lib(DigestAuthentication.obj) : warning LNK4208: “”中的 PDB 格式不兼容；删除并重新生成；正在链接对象，如同没有调试信息一样
liveMedia.lib(DigestAuthentication.obj) : warning LNK4208: “”中的 PDB 格式不兼容；删除并重新生成；正在链接对象，如同没有调试信息一样
liveMedia.lib(DigestAuthentication.obj) : warning LNK4208: “”中的 PDB 格式不兼容；删除并重新生成；正在链接对象，如同没有调试信息一样
liveMedia.lib(DigestAuthentication.obj) : warning LNK4208: “”中的 PDB 格式不兼容；删除并重新生成；正在链接对象，如同没有调试信息一样
liveMedia.lib(DigestAuthentication.obj) : warning LNK4208: “”中的 PDB 格式不兼容；删除并重新生成；正在链接对象，如同没有调试信息一样
liveMedia.lib(DigestAuthentication.obj) : warning LNK4208: “”中的 PDB 格式不兼容；删除并重新生成；正在链接对象，如同没有调试信息一样
liveMedia.lib(DigestAuthentication.obj) : warning LNK4208: “”中的 PDB 格式不兼容；删除并重新生成；正在链接对象，如同没有调试信息一样
liveMedia.lib(DigestAuthentication.obj) : warning LNK4208: “”中的 PDB 格式不兼容；删除并重新生成；正在链接对象，如同没有调试信息一样
liveMedia.lib(DigestAuthentication.obj) : warning LNK4208: “”中的 PDB 格式不兼容；删除并重新生成；正在链接对象，如同没有调试信息一样
liveMedia.lib(DigestAuthentication.obj) : warning LNK4208: “”中的 PDB 格式不兼容；删除并重新生成；正在链接对象，如同没有调试信息一样
liveMedia.lib(DigestAuthentication.obj) : warning LNK4208: “”中的 PDB 格式不兼容；删除并重新生成；正在链接对象，如同没有调试信息一样
liveMedia.lib(DigestAuthentication.obj) : warning LNK4208: “”中的 PDB 格式不兼容；删除并重新生成；正在链接对象，如同没有调试信息一样
liveMedia.lib(DigestAuthentication.obj) : warning LNK4208: “”中的 PDB 格式不兼容；删除并重新生成；正在链接对象，如同没有调试信息一样
liveMedia.lib(DigestAuthentication.obj) : warning LNK4208: “”中的 PDB 格式不兼容；删除并重新生成；正在链接对象，如同没有调试信息一样
liveMedia.lib(DigestAuthentication.obj) : warning LNK4208: “”中的 PDB 格式不兼容；删除并重新生成；正在链接对象，如同没有调试信息一样
liveMedia.lib(DigestAuthentication.obj) : warning LNK4208: “”中的 PDB 格式不兼容；删除并重新生成；正在链接对象，如同没有调试信息一样
liveMedia.lib(DigestAuthentication.obj) : warning LNK4208: “”中的 PDB 格式不兼容；删除并重新生成；正在链接对象，如同没有调试信息一样
liveMedia.lib(DigestAuthentication.obj) : warning LNK4208: “”中的 PDB 格式不兼容；删除并重新生成；正在链接对象，如同没有调试信息一样
liveMedia.lib(DigestAuthentication.obj) : warning LNK4208: “”中的 PDB 格式不兼容；删除并重新生成；正在链接对象，如同没有调试信息一样
liveMedia.lib(DigestAuthentication.obj) : warning LNK4208: “”中的 PDB 格式不兼容；删除并重新生成；正在链接对象，如同没有调试信息一样
liveMedia.lib(DigestAuthentication.obj) : warning LNK4208: “”中的 PDB 格式不兼容；删除并重新生成；正在链接对象，如同没有调试信息一样
liveMedia.lib(DigestAuthentication.obj) : warning LNK4208: “”中的 PDB 格式不兼容；删除并重新生成；正在链接对象，如同没有调试信息一样
liveMedia.lib(DigestAuthentication.obj) : warning LNK4208: “”中的 PDB 格式不兼容；删除并重新生成；正在链接对象，如同没有调试信息一样
liveMedia.lib(DigestAuthentication.obj) : warning LNK4208: “”中的 PDB 格式不兼容；删除并重新生成；正在链接对象，如同没有调试信息一样
liveMedia.lib(DigestAuthentication.obj) : warning LNK4208: “”中的 PDB 格式不兼容；删除并重新生成；正在链接对象，如同没有调试信息一样
liveMedia.lib(DigestAuthentication.obj) : warning LNK4208: “”中的 PDB 格式不兼容；删除并重新生成；正在链接对象，如同没有调试信息一样
liveMedia.lib(DigestAuthentication.obj) : warning LNK4208: “”中的 PDB 格式不兼容；删除并重新生成；正在链接对象，如同没有调试信息一样
liveMedia.lib(DigestAuthentication.obj) : warning LNK4208: “”中的 PDB 格式不兼容；删除并重新生成；正在链接对象，如同没有调试信息一样
liveMedia.lib(DigestAuthentication.obj) : warning LNK4208: “”中的 PDB 格式不兼容；删除并重新生成；正在链接对象，如同没有调试信息一样
liveMedia.lib(DigestAuthentication.obj) : warning LNK4208: “”中的 PDB 格式不兼容；删除并重新生成；正在链接对象，如同没有调试信息一样
liveMedia.lib(DigestAuthentication.obj) : warning LNK4208: “”中的 PDB 格式不兼容；删除并重新生成；正在链接对象，如同没有调试信息一样
liveMedia.lib(DigestAuthentication.obj) : warning LNK4208: “”中的 PDB 格式不兼容；删除并重新生成；正在链接对象，如同没有调试信息一样
liveMedia.lib(DigestAuthentication.obj) : warning LNK4208: “”中的 PDB 格式不兼容；删除并重新生成；正在链接对象，如同没有调试信息一样
liveMedia.lib(DigestAuthentication.obj) : warning LNK4208: “”中的 PDB 格式不兼容；删除并重新生成；正在链接对象，如同没有调试信息一样
liveMedia.lib(DigestAuthentication.obj) : warning LNK4208: “”中的 PDB 格式不兼容；删除并重新生成；正在链接对象，如同没有调试信息一样
liveMedia.lib(DigestAuthentication.obj) : warning LNK4208: “”中的 PDB 格式不兼容；删除并重新生成；正在链接对象，如同没有调试信息一样
liveMedia.lib(DigestAuthentication.obj) : warning LNK4208: “”中的 PDB 格式不兼容；删除并重新生成；正在链接对象，如同没有调试信息一样
liveMedia.lib(DigestAuthentication.obj) : warning LNK4208: “”中的 PDB 格式不兼容；删除并重新生成；正在链接对象，如同没有调试信息一样
liveMedia.lib(DigestAuthentication.obj) : warning LNK4208: “”中的 PDB 格式不兼容；删除并重新生成；正在链接对象，如同没有调试信息一样
liveMedia.lib(DigestAuthentication.obj) : warning LNK4208: “”中的 PDB 格式不兼容；删除并重新生成；正在链接对象，如同没有调试信息一样
liveMedia.lib(DigestAuthentication.obj) : warning LNK4208: “”中的 PDB 格式不兼容；删除并重新生成；正在链接对象，如同没有调试信息一样
liveMedia.lib(DigestAuthentication.obj) : warning LNK4208: “”中的 PDB 格式不兼容；删除并重新生成；正在链接对象，如同没有调试信息一样
liveMedia.lib(DigestAuthentication.obj) : warning LNK4208: “”中的 PDB 格式不兼容；删除并重新生成；正在链接对象，如同没有调试信息一样
liveMedia.lib(DigestAuthentication.obj) : warning LNK4208: “”中的 PDB 格式不兼容；删除并重新生成；正在链接对象，如同没有调试信息一样
liveMedia.lib(DigestAuthentication.obj) : warning LNK4208: “”中的 PDB 格式不兼容；删除并重新生成；正在链接对象，如同没有调试信息一样
liveMedia.lib(DigestAuthentication.obj) : warning LNK4208: “”中的 PDB 格式不兼容；删除并重新生成；正在链接对象，如同没有调试信息一样
liveMedia.lib(DigestAuthentication.obj) : warning LNK4208: “”中的 PDB 格式不兼容；删除并重新生成；正在链接对象，如同没有调试信息一样
liveMedia.lib(DigestAuthentication.obj) : warning LNK4208: “”中的 PDB 格式不兼容；删除并重新生成；正在链接对象，如同没有调试信息一样
liveMedia.lib(DigestAuthentication.obj) : warning LNK4208: “”中的 PDB 格式不兼容；删除并重新生成；正在链接对象，如同没有调试信息一样
liveMedia.lib(DigestAuthentication.obj) : warning LNK4208: “”中的 PDB 格式不兼容；删除并重新生成；正在链接对象，如同没有调试信息一样
liveMedia.lib(DigestAuthentication.obj) : warning LNK4208: “”中的 PDB 格式不兼容；删除并重新生成；正在链接对象，如同没有调试信息一样
liveMedia.lib(DigestAuthentication.obj) : warning LNK4208: “”中的 PDB 格式不兼容；删除并重新生成；正在链接对象，如同没有调试信息一样
liveMedia.lib(DigestAuthentication.obj) : warning LNK4208: “”中的 PDB 格式不兼容；删除并重新生成；正在链接对象，如同没有调试信息一样
liveMedia.lib(DigestAuthentication.obj) : warning LNK4208: “”中的 PDB 格式不兼容；删除并重新生成；正在链接对象，如同没有调试信息一样
liveMedia.lib(DigestAuthentication.obj) : warning LNK4208: “”中的 PDB 格式不兼容；删除并重新生成；正在链接对象，如同没有调试信息一样
liveMedia.lib(DigestAuthentication.obj) : warning LNK4208: “”中的 PDB 格式不兼容；删除并重新生成；正在链接对象，如同没有调试信息一样
liveMedia.lib(DigestAuthentication.obj) : warning LNK4208: “”中的 PDB 格式不兼容；删除并重新生成；正在链接对象，如同没有调试信息一样
liveMedia.lib(DigestAuthentication.obj) : warning LNK4208: “”中的 PDB 格式不兼容；删除并重新生成；正在链接对象，如同没有调试信息一样
liveMedia.lib(DigestAuthentication.obj) : warning LNK4208: “”中的 PDB 格式不兼容；删除并重新生成；正在链接对象，如同没有调试信息一样
liveMedia.lib(DigestAuthentication.obj) : warning LNK4208: “”中的 PDB 格式不兼容；删除并重新生成；正在链接对象，如同没有调试信息一样
liveMedia.lib(DigestAuthentication.obj) : warning LNK4208: “”中的 PDB 格式不兼容；删除并重新生成；正在链接对象，如同没有调试信息一样
liveMedia.lib(RTSPServer.obj) : warning LNK4208: “”中的 PDB 格式不兼容；删除并重新生成；正在链接对象，如同没有调试信息一样
liveMedia.lib(RTSPServer.obj) : warning LNK4208: “”中的 PDB 格式不兼容；删除并重新生成；正在链接对象，如同没有调试信息一样
liveMedia.lib(RTSPServer.obj) : warning LNK4208: “”中的 PDB 格式不兼容；删除并重新生成；正在链接对象，如同没有调试信息一样
liveMedia.lib(RTSPServer.obj) : warning LNK4208: “”中的 PDB 格式不兼容；删除并重新生成；正在链接对象，如同没有调试信息一样
liveMedia.lib(RTSPServer.obj) : warning LNK4208: “”中的 PDB 格式不兼容；删除并重新生成；正在链接对象，如同没有调试信息一样
liveMedia.lib(RTSPServer.obj) : warning LNK4208: “”中的 PDB 格式不兼容；删除并重新生成；正在链接对象，如同没有调试信息一样
liveMedia.lib(RTSPServer.obj) : warning LNK4208: “”中的 PDB 格式不兼容；删除并重新生成；正在链接对象，如同没有调试信息一样
liveMedia.lib(RTSPServer.obj) : warning LNK4208: “”中的 PDB 格式不兼容；删除并重新生成；正在链接对象，如同没有调试信息一样
liveMedia.lib(RTSPServer.obj) : warning LNK4208: “”中的 PDB 格式不兼容；删除并重新生成；正在链接对象，如同没有调试信息一样
liveMedia.lib(RTSPServer.obj) : warning LNK4208: “”中的 PDB 格式不兼容；删除并重新生成；正在链接对象，如同没有调试信息一样
liveMedia.lib(RTSPServer.obj) : warning LNK4208: “”中的 PDB 格式不兼容；删除并重新生成；正在链接对象，如同没有调试信息一样
liveMedia.lib(RTSPServer.obj) : warning LNK4208: “”中的 PDB 格式不兼容；删除并重新生成；正在链接对象，如同没有调试信息一样
liveMedia.lib(RTSPServer.obj) : warning LNK4208: “”中的 PDB 格式不兼容；删除并重新生成；正在链接对象，如同没有调试信息一样
liveMedia.lib(RTSPServer.obj) : warning LNK4208: “”中的 PDB 格式不兼容；删除并重新生成；正在链接对象，如同没有调试信息一样
liveMedia.lib(RTSPServer.obj) : warning LNK4208: “”中的 PDB 格式不兼容；删除并重新生成；正在链接对象，如同没有调试信息一样
liveMedia.lib(RTSPServer.obj) : warning LNK4208: “”中的 PDB 格式不兼容；删除并重新生成；正在链接对象，如同没有调试信息一样
liveMedia.lib(RTSPServer.obj) : warning LNK4208: “”中的 PDB 格式不兼容；删除并重新生成；正在链接对象，如同没有调试信息一样
liveMedia.lib(RTSPServer.obj) : warning LNK4208: “”中的 PDB 格式不兼容；删除并重新生成；正在链接对象，如同没有调试信息一样
liveMedia.lib(RTSPServer.obj) : warning LNK4208: “”中的 PDB 格式不兼容；删除并重新生成；正在链接对象，如同没有调试信息一样
liveMedia.lib(RTSPServer.obj) : warning LNK4208: “”中的 PDB 格式不兼容；删除并重新生成；正在链接对象，如同没有调试信息一样
liveMedia.lib(RTSPServer.obj) : warning LNK4208: “”中的 PDB 格式不兼容；删除并重新生成；正在链接对象，如同没有调试信息一样
liveMedia.lib(RTSPServer.obj) : warning LNK4208: “”中的 PDB 格式不兼容；删除并重新生成；正在链接对象，如同没有调试信息一样
liveMedia.lib(RTSPServer.obj) : warning LNK4208: “”中的 PDB 格式不兼容；删除并重新生成；正在链接对象，如同没有调试信息一样
liveMedia.lib(RTSPServer.obj) : warning LNK4208: “”中的 PDB 格式不兼容；删除并重新生成；正在链接对象，如同没有调试信息一样
liveMedia.lib(RTSPServer.obj) : warning LNK4208: “”中的 PDB 格式不兼容；删除并重新生成；正在链接对象，如同没有调试信息一样
liveMedia.lib(RTSPServer.obj) : warning LNK4208: “”中的 PDB 格式不兼容；删除并重新生成；正在链接对象，如同没有调试信息一样
liveMedia.lib(RTSPServer.obj) : warning LNK4208: “”中的 PDB 格式不兼容；删除并重新生成；正在链接对象，如同没有调试信息一样
liveMedia.lib(RTSPServer.obj) : warning LNK4208: “”中的 PDB 格式不兼容；删除并重新生成；正在链接对象，如同没有调试信息一样
liveMedia.lib(RTSPServer.obj) : warning LNK4208: “”中的 PDB 格式不兼容；删除并重新生成；正在链接对象，如同没有调试信息一样
liveMedia.lib(RTSPServer.obj) : warning LNK4208: “”中的 PDB 格式不兼容；删除并重新生成；正在链接对象，如同没有调试信息一样
liveMedia.lib(RTSPServer.obj) : warning LNK4208: “”中的 PDB 格式不兼容；删除并重新生成；正在链接对象，如同没有调试信息一样
liveMedia.lib(RTSPServer.obj) : warning LNK4208: “”中的 PDB 格式不兼容；删除并重新生成；正在链接对象，如同没有调试信息一样
liveMedia.lib(RTSPServer.obj) : warning LNK4208: “”中的 PDB 格式不兼容；删除并重新生成；正在链接对象，如同没有调试信息一样
liveMedia.lib(RTSPServer.obj) : warning LNK4208: “”中的 PDB 格式不兼容；删除并重新生成；正在链接对象，如同没有调试信息一样
liveMedia.lib(RTSPServer.obj) : warning LNK4208: “”中的 PDB 格式不兼容；删除并重新生成；正在链接对象，如同没有调试信息一样
liveMedia.lib(RTSPServer.obj) : warning LNK4208: “”中的 PDB 格式不兼容；删除并重新生成；正在链接对象，如同没有调试信息一样
liveMedia.lib(RTSPServer.obj) : warning LNK4208: “”中的 PDB 格式不兼容；删除并重新生成；正在链接对象，如同没有调试信息一样
liveMedia.lib(RTSPServer.obj) : warning LNK4208: “”中的 PDB 格式不兼容；删除并重新生成；正在链接对象，如同没有调试信息一样
liveMedia.lib(RTSPServer.obj) : warning LNK4208: “”中的 PDB 格式不兼容；删除并重新生成；正在链接对象，如同没有调试信息一样
liveMedia.lib(RTSPServer.obj) : warning LNK4208: “”中的 PDB 格式不兼容；删除并重新生成；正在链接对象，如同没有调试信息一样
liveMedia.lib(RTSPServer.obj) : warning LNK4208: “”中的 PDB 格式不兼容；删除并重新生成；正在链接对象，如同没有调试信息一样
liveMedia.lib(RTSPServer.obj) : warning LNK4208: “”中的 PDB 格式不兼容；删除并重新生成；正在链接对象，如同没有调试信息一样
liveMedia.lib(RTSPServer.obj) : warning LNK4208: “”中的 PDB 格式不兼容；删除并重新生成；正在链接对象，如同没有调试信息一样
liveMedia.lib(RTSPServer.obj) : warning LNK4208: “”中的 PDB 格式不兼容；删除并重新生成；正在链接对象，如同没有调试信息一样
liveMedia.lib(RTSPServer.obj) : warning LNK4208: “”中的 PDB 格式不兼容；删除并重新生成；正在链接对象，如同没有调试信息一样
liveMedia.lib(RTSPServer.obj) : warning LNK4208: “”中的 PDB 格式不兼容；删除并重新生成；正在链接对象，如同没有调试信息一样
liveMedia.lib(RTSPServer.obj) : warning LNK4208: “”中的 PDB 格式不兼容；删除并重新生成；正在链接对象，如同没有调试信息一样
liveMedia.lib(RTSPServer.obj) : warning LNK4208: “”中的 PDB 格式不兼容；删除并重新生成；正在链接对象，如同没有调试信息一样
liveMedia.lib(RTSPServer.obj) : warning LNK4208: “”中的 PDB 格式不兼容；删除并重新生成；正在链接对象，如同没有调试信息一样
liveMedia.lib(RTSPServer.obj) : warning LNK4208: “”中的 PDB 格式不兼容；删除并重新生成；正在链接对象，如同没有调试信息一样
liveMedia.lib(RTSPServer.obj) : warning LNK4208: “”中的 PDB 格式不兼容；删除并重新生成；正在链接对象，如同没有调试信息一样
liveMedia.lib(QuickTimeFileSink.obj) : warning LNK4208: “”中的 PDB 格式不兼容；删除并重新生成；正在链接对象，如同没有调试信息一样
liveMedia.lib(QuickTimeFileSink.obj) : warning LNK4208: “”中的 PDB 格式不兼容；删除并重新生成；正在链接对象，如同没有调试信息一样
liveMedia.lib(QuickTimeFileSink.obj) : warning LNK4208: “”中的 PDB 格式不兼容；删除并重新生成；正在链接对象，如同没有调试信息一样
liveMedia.lib(QuickTimeFileSink.obj) : warning LNK4208: “”中的 PDB 格式不兼容；删除并重新生成；正在链接对象，如同没有调试信息一样
liveMedia.lib(QuickTimeFileSink.obj) : warning LNK4208: “”中的 PDB 格式不兼容；删除并重新生成；正在链接对象，如同没有调试信息一样
liveMedia.lib(QuickTimeFileSink.obj) : warning LNK4208: “”中的 PDB 格式不兼容；删除并重新生成；正在链接对象，如同没有调试信息一样
liveMedia.lib(QuickTimeFileSink.obj) : warning LNK4208: “”中的 PDB 格式不兼容；删除并重新生成；正在链接对象，如同没有调试信息一样
liveMedia.lib(QuickTimeFileSink.obj) : warning LNK4208: “”中的 PDB 格式不兼容；删除并重新生成；正在链接对象，如同没有调试信息一样
liveMedia.lib(QuickTimeFileSink.obj) : warning LNK4208: “”中的 PDB 格式不兼容；删除并重新生成；正在链接对象，如同没有调试信息一样
liveMedia.lib(QuickTimeFileSink.obj) : warning LNK4208: “”中的 PDB 格式不兼容；删除并重新生成；正在链接对象，如同没有调试信息一样
liveMedia.lib(QuickTimeFileSink.obj) : warning LNK4208: “”中的 PDB 格式不兼容；删除并重新生成；正在链接对象，如同没有调试信息一样
liveMedia.lib(QuickTimeFileSink.obj) : warning LNK4208: “”中的 PDB 格式不兼容；删除并重新生成；正在链接对象，如同没有调试信息一样
liveMedia.lib(QuickTimeFileSink.obj) : warning LNK4208: “”中的 PDB 格式不兼容；删除并重新生成；正在链接对象，如同没有调试信息一样
liveMedia.lib(QuickTimeFileSink.obj) : warning LNK4208: “”中的 PDB 格式不兼容；删除并重新生成；正在链接对象，如同没有调试信息一样
liveMedia.lib(QuickTimeFileSink.obj) : warning LNK4208: “”中的 PDB 格式不兼容；删除并重新生成；正在链接对象，如同没有调试信息一样
liveMedia.lib(QuickTimeFileSink.obj) : warning LNK4208: “”中的 PDB 格式不兼容；删除并重新生成；正在链接对象，如同没有调试信息一样
liveMedia.lib(QuickTimeFileSink.obj) : warning LNK4208: “”中的 PDB 格式不兼容；删除并重新生成；正在链接对象，如同没有调试信息一样
liveMedia.lib(QuickTimeFileSink.obj) : warning LNK4208: “”中的 PDB 格式不兼容；删除并重新生成；正在链接对象，如同没有调试信息一样
liveMedia.lib(QuickTimeFileSink.obj) : warning LNK4208: “”中的 PDB 格式不兼容；删除并重新生成；正在链接对象，如同没有调试信息一样
liveMedia.lib(QuickTimeFileSink.obj) : warning LNK4208: “”中的 PDB 格式不兼容；删除并重新生成；正在链接对象，如同没有调试信息一样
liveMedia.lib(QuickTimeFileSink.obj) : warning LNK4208: “”中的 PDB 格式不兼容；删除并重新生成；正在链接对象，如同没有调试信息一样
liveMedia.lib(QuickTimeFileSink.obj) : warning LNK4208: “”中的 PDB 格式不兼容；删除并重新生成；正在链接对象，如同没有调试信息一样
liveMedia.lib(QuickTimeFileSink.obj) : warning LNK4208: “”中的 PDB 格式不兼容；删除并重新生成；正在链接对象，如同没有调试信息一样
liveMedia.lib(QuickTimeFileSink.obj) : warning LNK4208: “”中的 PDB 格式不兼容；删除并重新生成；正在链接对象，如同没有调试信息一样
liveMedia.lib(QuickTimeFileSink.obj) : warning LNK4208: “”中的 PDB 格式不兼容；删除并重新生成；正在链接对象，如同没有调试信息一样
liveMedia.lib(QuickTimeFileSink.obj) : warning LNK4208: “”中的 PDB 格式不兼容；删除并重新生成；正在链接对象，如同没有调试信息一样
liveMedia.lib(QuickTimeFileSink.obj) : warning LNK4208: “”中的 PDB 格式不兼容；删除并重新生成；正在链接对象，如同没有调试信息一样
liveMedia.lib(QuickTimeFileSink.obj) : warning LNK4208: “”中的 PDB 格式不兼容；删除并重新生成；正在链接对象，如同没有调试信息一样
liveMedia.lib(QuickTimeFileSink.obj) : warning LNK4208: “”中的 PDB 格式不兼容；删除并重新生成；正在链接对象，如同没有调试信息一样
liveMedia.lib(QuickTimeFileSink.obj) : warning LNK4208: “”中的 PDB 格式不兼容；删除并重新生成；正在链接对象，如同没有调试信息一样
liveMedia.lib(QuickTimeFileSink.obj) : warning LNK4208: “”中的 PDB 格式不兼容；删除并重新生成；正在链接对象，如同没有调试信息一样
liveMedia.lib(QuickTimeFileSink.obj) : warning LNK4208: “”中的 PDB 格式不兼容；删除并重新生成；正在链接对象，如同没有调试信息一样
liveMedia.lib(QuickTimeFileSink.obj) : warning LNK4208: “”中的 PDB 格式不兼容；删除并重新生成；正在链接对象，如同没有调试信息一样
liveMedia.lib(QuickTimeFileSink.obj) : warning LNK4208: “”中的 PDB 格式不兼容；删除并重新生成；正在链接对象，如同没有调试信息一样
liveMedia.lib(QuickTimeFileSink.obj) : warning LNK4208: “”中的 PDB 格式不兼容；删除并重新生成；正在链接对象，如同没有调试信息一样
liveMedia.lib(QuickTimeFileSink.obj) : warning LNK4208: “”中的 PDB 格式不兼容；删除并重新生成；正在链接对象，如同没有调试信息一样
liveMedia.lib(QuickTimeFileSink.obj) : warning LNK4208: “”中的 PDB 格式不兼容；删除并重新生成；正在链接对象，如同没有调试信息一样
liveMedia.lib(QuickTimeFileSink.obj) : warning LNK4208: “”中的 PDB 格式不兼容；删除并重新生成；正在链接对象，如同没有调试信息一样
liveMedia.lib(QuickTimeFileSink.obj) : warning LNK4208: “”中的 PDB 格式不兼容；删除并重新生成；正在链接对象，如同没有调试信息一样
liveMedia.lib(QuickTimeFileSink.obj) : warning LNK4208: “”中的 PDB 格式不兼容；删除并重新生成；正在链接对象，如同没有调试信息一样
liveMedia.lib(QuickTimeFileSink.obj) : warning LNK4208: “”中的 PDB 格式不兼容；删除并重新生成；正在链接对象，如同没有调试信息一样
liveMedia.lib(QuickTimeFileSink.obj) : warning LNK4208: “”中的 PDB 格式不兼容；删除并重新生成；正在链接对象，如同没有调试信息一样
liveMedia.lib(QuickTimeFileSink.obj) : warning LNK4208: “”中的 PDB 格式不兼容；删除并重新生成；正在链接对象，如同没有调试信息一样
liveMedia.lib(AVIFileSink.obj) : warning LNK4208: “”中的 PDB 格式不兼容；删除并重新生成；正在链接对象，如同没有调试信息一样
liveMedia.lib(AVIFileSink.obj) : warning LNK4208: “”中的 PDB 格式不兼容；删除并重新生成；正在链接对象，如同没有调试信息一样
liveMedia.lib(AVIFileSink.obj) : warning LNK4208: “”中的 PDB 格式不兼容；删除并重新生成；正在链接对象，如同没有调试信息一样
liveMedia.lib(AVIFileSink.obj) : warning LNK4208: “”中的 PDB 格式不兼容；删除并重新生成；正在链接对象，如同没有调试信息一样
liveMedia.lib(AVIFileSink.obj) : warning LNK4208: “”中的 PDB 格式不兼容；删除并重新生成；正在链接对象，如同没有调试信息一样
liveMedia.lib(AVIFileSink.obj) : warning LNK4208: “”中的 PDB 格式不兼容；删除并重新生成；正在链接对象，如同没有调试信息一样
liveMedia.lib(AVIFileSink.obj) : warning LNK4208: “”中的 PDB 格式不兼容；删除并重新生成；正在链接对象，如同没有调试信息一样
liveMedia.lib(AVIFileSink.obj) : warning LNK4208: “”中的 PDB 格式不兼容；删除并重新生成；正在链接对象，如同没有调试信息一样
liveMedia.lib(AVIFileSink.obj) : warning LNK4208: “”中的 PDB 格式不兼容；删除并重新生成；正在链接对象，如同没有调试信息一样
liveMedia.lib(AVIFileSink.obj) : warning LNK4208: “”中的 PDB 格式不兼容；删除并重新生成；正在链接对象，如同没有调试信息一样
liveMedia.lib(AVIFileSink.obj) : warning LNK4208: “”中的 PDB 格式不兼容；删除并重新生成；正在链接对象，如同没有调试信息一样
liveMedia.lib(AVIFileSink.obj) : warning LNK4208: “”中的 PDB 格式不兼容；删除并重新生成；正在链接对象，如同没有调试信息一样
liveMedia.lib(AVIFileSink.obj) : warning LNK4208: “”中的 PDB 格式不兼容；删除并重新生成；正在链接对象，如同没有调试信息一样
liveMedia.lib(AVIFileSink.obj) : warning LNK4208: “”中的 PDB 格式不兼容；删除并重新生成；正在链接对象，如同没有调试信息一样
liveMedia.lib(AVIFileSink.obj) : warning LNK4208: “”中的 PDB 格式不兼容；删除并重新生成；正在链接对象，如同没有调试信息一样
liveMedia.lib(AVIFileSink.obj) : warning LNK4208: “”中的 PDB 格式不兼容；删除并重新生成；正在链接对象，如同没有调试信息一样
liveMedia.lib(AVIFileSink.obj) : warning LNK4208: “”中的 PDB 格式不兼容；删除并重新生成；正在链接对象，如同没有调试信息一样
liveMedia.lib(AVIFileSink.obj) : warning LNK4208: “”中的 PDB 格式不兼容；删除并重新生成；正在链接对象，如同没有调试信息一样
liveMedia.lib(AVIFileSink.obj) : warning LNK4208: “”中的 PDB 格式不兼容；删除并重新生成；正在链接对象，如同没有调试信息一样
liveMedia.lib(AVIFileSink.obj) : warning LNK4208: “”中的 PDB 格式不兼容；删除并重新生成；正在链接对象，如同没有调试信息一样
liveMedia.lib(AVIFileSink.obj) : warning LNK4208: “”中的 PDB 格式不兼容；删除并重新生成；正在链接对象，如同没有调试信息一样
liveMedia.lib(AVIFileSink.obj) : warning LNK4208: “”中的 PDB 格式不兼容；删除并重新生成；正在链接对象，如同没有调试信息一样
liveMedia.lib(AVIFileSink.obj) : warning LNK4208: “”中的 PDB 格式不兼容；删除并重新生成；正在链接对象，如同没有调试信息一样
liveMedia.lib(RTSPServer.obj) : warning LNK4208: “”中的 PDB 格式不兼容；删除并重新生成；正在链接对象，如同没有调试信息一样
liveMedia.lib(RTPInterface.obj) : warning LNK4208: “”中的 PDB 格式不兼容；删除并重新生成；正在链接对象，如同没有调试信息一样
liveMedia.lib(RTPInterface.obj) : warning LNK4208: “”中的 PDB 格式不兼容；删除并重新生成；正在链接对象，如同没有调试信息一样
liveMedia.lib(RTPInterface.obj) : warning LNK4208: “”中的 PDB 格式不兼容；删除并重新生成；正在链接对象，如同没有调试信息一样
liveMedia.lib(RTPInterface.obj) : warning LNK4208: “”中的 PDB 格式不兼容；删除并重新生成；正在链接对象，如同没有调试信息一样
liveMedia.lib(RTPInterface.obj) : warning LNK4208: “”中的 PDB 格式不兼容；删除并重新生成；正在链接对象，如同没有调试信息一样
liveMedia.lib(RTPInterface.obj) : warning LNK4208: “”中的 PDB 格式不兼容；删除并重新生成；正在链接对象，如同没有调试信息一样
liveMedia.lib(RTPInterface.obj) : warning LNK4208: “”中的 PDB 格式不兼容；删除并重新生成；正在链接对象，如同没有调试信息一样
liveMedia.lib(RTPInterface.obj) : warning LNK4208: “”中的 PDB 格式不兼容；删除并重新生成；正在链接对象，如同没有调试信息一样
liveMedia.lib(RTPInterface.obj) : warning LNK4208: “”中的 PDB 格式不兼容；删除并重新生成；正在链接对象，如同没有调试信息一样
liveMedia.lib(RTPInterface.obj) : warning LNK4208: “”中的 PDB 格式不兼容；删除并重新生成；正在链接对象，如同没有调试信息一样
liveMedia.lib(RTPInterface.obj) : warning LNK4208: “”中的 PDB 格式不兼容；删除并重新生成；正在链接对象，如同没有调试信息一样
liveMedia.lib(RTPInterface.obj) : warning LNK4208: “”中的 PDB 格式不兼容；删除并重新生成；正在链接对象，如同没有调试信息一样
liveMedia.lib(RTPInterface.obj) : warning LNK4208: “”中的 PDB 格式不兼容；删除并重新生成；正在链接对象，如同没有调试信息一样
liveMedia.lib(RTPInterface.obj) : warning LNK4208: “”中的 PDB 格式不兼容；删除并重新生成；正在链接对象，如同没有调试信息一样
liveMedia.lib(RTPInterface.obj) : warning LNK4208: “”中的 PDB 格式不兼容；删除并重新生成；正在链接对象，如同没有调试信息一样
liveMedia.lib(RTPInterface.obj) : warning LNK4208: “”中的 PDB 格式不兼容；删除并重新生成；正在链接对象，如同没有调试信息一样
liveMedia.lib(RTPInterface.obj) : warning LNK4208: “”中的 PDB 格式不兼容；删除并重新生成；正在链接对象，如同没有调试信息一样
liveMedia.lib(RTPInterface.obj) : warning LNK4208: “”中的 PDB 格式不兼容；删除并重新生成；正在链接对象，如同没有调试信息一样
liveMedia.lib(RTPInterface.obj) : warning LNK4208: “”中的 PDB 格式不兼容；删除并重新生成；正在链接对象，如同没有调试信息一样
liveMedia.lib(RTPInterface.obj) : warning LNK4208: “”中的 PDB 格式不兼容；删除并重新生成；正在链接对象，如同没有调试信息一样
liveMedia.lib(RTPInterface.obj) : warning LNK4208: “”中的 PDB 格式不兼容；删除并重新生成；正在链接对象，如同没有调试信息一样
liveMedia.lib(RTSPCommon.obj) : warning LNK4208: “”中的 PDB 格式不兼容；删除并重新生成；正在链接对象，如同没有调试信息一样
liveMedia.lib(RTSPCommon.obj) : warning LNK4208: “”中的 PDB 格式不兼容；删除并重新生成；正在链接对象，如同没有调试信息一样
liveMedia.lib(RTSPCommon.obj) : warning LNK4208: “”中的 PDB 格式不兼容；删除并重新生成；正在链接对象，如同没有调试信息一样
liveMedia.lib(RTSPCommon.obj) : warning LNK4208: “”中的 PDB 格式不兼容；删除并重新生成；正在链接对象，如同没有调试信息一样
liveMedia.lib(RTSPCommon.obj) : warning LNK4208: “”中的 PDB 格式不兼容；删除并重新生成；正在链接对象，如同没有调试信息一样
liveMedia.lib(RTSPCommon.obj) : warning LNK4208: “”中的 PDB 格式不兼容；删除并重新生成；正在链接对象，如同没有调试信息一样
liveMedia.lib(RTSPCommon.obj) : warning LNK4208: “”中的 PDB 格式不兼容；删除并重新生成；正在链接对象，如同没有调试信息一样
liveMedia.lib(RTSPCommon.obj) : warning LNK4208: “”中的 PDB 格式不兼容；删除并重新生成；正在链接对象，如同没有调试信息一样
liveMedia.lib(RTSPCommon.obj) : warning LNK4208: “”中的 PDB 格式不兼容；删除并重新生成；正在链接对象，如同没有调试信息一样
liveMedia.lib(RTSPCommon.obj) : warning LNK4208: “”中的 PDB 格式不兼容；删除并重新生成；正在链接对象，如同没有调试信息一样
liveMedia.lib(RTSPCommon.obj) : warning LNK4208: “”中的 PDB 格式不兼容；删除并重新生成；正在链接对象，如同没有调试信息一样
liveMedia.lib(RTSPCommon.obj) : warning LNK4208: “”中的 PDB 格式不兼容；删除并重新生成；正在链接对象，如同没有调试信息一样
liveMedia.lib(Base64.obj) : warning LNK4208: “”中的 PDB 格式不兼容；删除并重新生成；正在链接对象，如同没有调试信息一样
liveMedia.lib(RTSPCommon.obj) : warning LNK4208: “”中的 PDB 格式不兼容；删除并重新生成；正在链接对象，如同没有调试信息一样
liveMedia.lib(Base64.obj) : warning LNK4208: “”中的 PDB 格式不兼容；删除并重新生成；正在链接对象，如同没有调试信息一样
liveMedia.lib(Base64.obj) : warning LNK4208: “”中的 PDB 格式不兼容；删除并重新生成；正在链接对象，如同没有调试信息一样
liveMedia.lib(Base64.obj) : warning LNK4208: “”中的 PDB 格式不兼容；删除并重新生成；正在链接对象，如同没有调试信息一样
liveMedia.lib(Base64.obj) : warning LNK4208: “”中的 PDB 格式不兼容；删除并重新生成；正在链接对象，如同没有调试信息一样
liveMedia.lib(Locale.obj) : warning LNK4208: “”中的 PDB 格式不兼容；删除并重新生成；正在链接对象，如同没有调试信息一样
liveMedia.lib(Locale.obj) : warning LNK4208: “”中的 PDB 格式不兼容；删除并重新生成；正在链接对象，如同没有调试信息一样
liveMedia.lib(Locale.obj) : warning LNK4208: “”中的 PDB 格式不兼容；删除并重新生成；正在链接对象，如同没有调试信息一样
liveMedia.lib(Locale.obj) : warning LNK4208: “”中的 PDB 格式不兼容；删除并重新生成；正在链接对象，如同没有调试信息一样
liveMedia.lib(Base64.obj) : warning LNK4208: “”中的 PDB 格式不兼容；删除并重新生成；正在链接对象，如同没有调试信息一样
liveMedia.lib(Locale.obj) : warning LNK4208: “”中的 PDB 格式不兼容；删除并重新生成；正在链接对象，如同没有调试信息一样
liveMedia.lib(Locale.obj) : warning LNK4208: “”中的 PDB 格式不兼容；删除并重新生成；正在链接对象，如同没有调试信息一样
liveMedia.lib(Locale.obj) : warning LNK4208: “”中的 PDB 格式不兼容；删除并重新生成；正在链接对象，如同没有调试信息一样
liveMedia.lib(Locale.obj) : warning LNK4208: “”中的 PDB 格式不兼容；删除并重新生成；正在链接对象，如同没有调试信息一样
liveMedia.lib(Locale.obj) : warning LNK4208: “”中的 PDB 格式不兼容；删除并重新生成；正在链接对象，如同没有调试信息一样
liveMedia.lib(Locale.obj) : warning LNK4208: “”中的 PDB 格式不兼容；删除并重新生成；正在链接对象，如同没有调试信息一样
liveMedia.lib(Locale.obj) : warning LNK4208: “”中的 PDB 格式不兼容；删除并重新生成；正在链接对象，如同没有调试信息一样
liveMedia.lib(Locale.obj) : warning LNK4208: “”中的 PDB 格式不兼容；删除并重新生成；正在链接对象，如同没有调试信息一样
liveMedia.lib(Locale.obj) : warning LNK4208: “”中的 PDB 格式不兼容；删除并重新生成；正在链接对象，如同没有调试信息一样
liveMedia.lib(Locale.obj) : warning LNK4208: “”中的 PDB 格式不兼容；删除并重新生成；正在链接对象，如同没有调试信息一样
liveMedia.lib(Locale.obj) : warning LNK4208: “”中的 PDB 格式不兼容；删除并重新生成；正在链接对象，如同没有调试信息一样
liveMedia.lib(Locale.obj) : warning LNK4208: “”中的 PDB 格式不兼容；删除并重新生成；正在链接对象，如同没有调试信息一样
liveMedia.lib(Locale.obj) : warning LNK4208: “”中的 PDB 格式不兼容；删除并重新生成；正在链接对象，如同没有调试信息一样
liveMedia.lib(Locale.obj) : warning LNK4208: “”中的 PDB 格式不兼容；删除并重新生成；正在链接对象，如同没有调试信息一样
liveMedia.lib(Locale.obj) : warning LNK4208: “”中的 PDB 格式不兼容；删除并重新生成；正在链接对象，如同没有调试信息一样
liveMedia.lib(Locale.obj) : warning LNK4208: “”中的 PDB 格式不兼容；删除并重新生成；正在链接对象，如同没有调试信息一样
liveMedia.lib(Locale.obj) : warning LNK4208: “”中的 PDB 格式不兼容；删除并重新生成；正在链接对象，如同没有调试信息一样
liveMedia.lib(ourMD5.obj) : warning LNK4208: “”中的 PDB 格式不兼容；删除并重新生成；正在链接对象，如同没有调试信息一样
liveMedia.lib(ourMD5.obj) : warning LNK4208: “”中的 PDB 格式不兼容；删除并重新生成；正在链接对象，如同没有调试信息一样
liveMedia.lib(ourMD5.obj) : warning LNK4208: “”中的 PDB 格式不兼容；删除并重新生成；正在链接对象，如同没有调试信息一样
liveMedia.lib(ourMD5.obj) : warning LNK4208: “”中的 PDB 格式不兼容；删除并重新生成；正在链接对象，如同没有调试信息一样
liveMedia.lib(ourMD5.obj) : warning LNK4208: “”中的 PDB 格式不兼容；删除并重新生成；正在链接对象，如同没有调试信息一样
liveMedia.lib(ourMD5.obj) : warning LNK4208: “”中的 PDB 格式不兼容；删除并重新生成；正在链接对象，如同没有调试信息一样
liveMedia.lib(ourMD5.obj) : warning LNK4208: “”中的 PDB 格式不兼容；删除并重新生成；正在链接对象，如同没有调试信息一样
liveMedia.lib(ourMD5.obj) : warning LNK4208: “”中的 PDB 格式不兼容；删除并重新生成；正在链接对象，如同没有调试信息一样
liveMedia.lib(ourMD5.obj) : warning LNK4208: “”中的 PDB 格式不兼容；删除并重新生成；正在链接对象，如同没有调试信息一样
liveMedia.lib(ourMD5.obj) : warning LNK4208: “”中的 PDB 格式不兼容；删除并重新生成；正在链接对象，如同没有调试信息一样
liveMedia.lib(ourMD5.obj) : warning LNK4208: “”中的 PDB 格式不兼容；删除并重新生成；正在链接对象，如同没有调试信息一样
liveMedia.lib(ourMD5.obj) : warning LNK4208: “”中的 PDB 格式不兼容；删除并重新生成；正在链接对象，如同没有调试信息一样
liveMedia.lib(ourMD5.obj) : warning LNK4208: “”中的 PDB 格式不兼容；删除并重新生成；正在链接对象，如同没有调试信息一样
liveMedia.lib(ourMD5.obj) : warning LNK4208: “”中的 PDB 格式不兼容；删除并重新生成；正在链接对象，如同没有调试信息一样
liveMedia.lib(ourMD5.obj) : warning LNK4208: “”中的 PDB 格式不兼容；删除并重新生成；正在链接对象，如同没有调试信息一样
liveMedia.lib(ourMD5.obj) : warning LNK4208: “”中的 PDB 格式不兼容；删除并重新生成；正在链接对象，如同没有调试信息一样
liveMedia.lib(ourMD5.obj) : warning LNK4208: “”中的 PDB 格式不兼容；删除并重新生成；正在链接对象，如同没有调试信息一样
liveMedia.lib(ourMD5.obj) : warning LNK4208: “”中的 PDB 格式不兼容；删除并重新生成；正在链接对象，如同没有调试信息一样
liveMedia.lib(MediaSource.obj) : warning LNK4208: “”中的 PDB 格式不兼容；删除并重新生成；正在链接对象，如同没有调试信息一样
liveMedia.lib(MediaSource.obj) : warning LNK4208: “”中的 PDB 格式不兼容；删除并重新生成；正在链接对象，如同没有调试信息一样
liveMedia.lib(MediaSource.obj) : warning LNK4208: “”中的 PDB 格式不兼容；删除并重新生成；正在链接对象，如同没有调试信息一样
liveMedia.lib(MediaSource.obj) : warning LNK4208: “”中的 PDB 格式不兼容；删除并重新生成；正在链接对象，如同没有调试信息一样
liveMedia.lib(MediaSource.obj) : warning LNK4208: “”中的 PDB 格式不兼容；删除并重新生成；正在链接对象，如同没有调试信息一样
liveMedia.lib(MediaSource.obj) : warning LNK4208: “”中的 PDB 格式不兼容；删除并重新生成；正在链接对象，如同没有调试信息一样
liveMedia.lib(MediaSource.obj) : warning LNK4208: “”中的 PDB 格式不兼容；删除并重新生成；正在链接对象，如同没有调试信息一样
liveMedia.lib(MediaSource.obj) : warning LNK4208: “”中的 PDB 格式不兼容；删除并重新生成；正在链接对象，如同没有调试信息一样
liveMedia.lib(MediaSource.obj) : warning LNK4208: “”中的 PDB 格式不兼容；删除并重新生成；正在链接对象，如同没有调试信息一样
liveMedia.lib(MediaSource.obj) : warning LNK4208: “”中的 PDB 格式不兼容；删除并重新生成；正在链接对象，如同没有调试信息一样
liveMedia.lib(MediaSource.obj) : warning LNK4208: “”中的 PDB 格式不兼容；删除并重新生成；正在链接对象，如同没有调试信息一样
liveMedia.lib(MediaSource.obj) : warning LNK4208: “”中的 PDB 格式不兼容；删除并重新生成；正在链接对象，如同没有调试信息一样
liveMedia.lib(MediaSource.obj) : warning LNK4208: “”中的 PDB 格式不兼容；删除并重新生成；正在链接对象，如同没有调试信息一样
liveMedia.lib(MediaSource.obj) : warning LNK4208: “”中的 PDB 格式不兼容；删除并重新生成；正在链接对象，如同没有调试信息一样
liveMedia.lib(MediaSource.obj) : warning LNK4208: “”中的 PDB 格式不兼容；删除并重新生成；正在链接对象，如同没有调试信息一样
liveMedia.lib(MediaSource.obj) : warning LNK4208: “”中的 PDB 格式不兼容；删除并重新生成；正在链接对象，如同没有调试信息一样
liveMedia.lib(MediaSource.obj) : warning LNK4208: “”中的 PDB 格式不兼容；删除并重新生成；正在链接对象，如同没有调试信息一样
liveMedia.lib(MediaSource.obj) : warning LNK4208: “”中的 PDB 格式不兼容；删除并重新生成；正在链接对象，如同没有调试信息一样
liveMedia.lib(MediaSource.obj) : warning LNK4208: “”中的 PDB 格式不兼容；删除并重新生成；正在链接对象，如同没有调试信息一样
liveMedia.lib(MediaSource.obj) : warning LNK4208: “”中的 PDB 格式不兼容；删除并重新生成；正在链接对象，如同没有调试信息一样
liveMedia.lib(MediaSource.obj) : warning LNK4208: “”中的 PDB 格式不兼容；删除并重新生成；正在链接对象，如同没有调试信息一样
liveMedia.lib(MediaSource.obj) : warning LNK4208: “”中的 PDB 格式不兼容；删除并重新生成；正在链接对象，如同没有调试信息一样
liveMedia.lib(MediaSource.obj) : warning LNK4208: “”中的 PDB 格式不兼容；删除并重新生成；正在链接对象，如同没有调试信息一样
liveMedia.lib(OutputFile.obj) : warning LNK4208: “”中的 PDB 格式不兼容；删除并重新生成；正在链接对象，如同没有调试信息一样
liveMedia.lib(OutputFile.obj) : warning LNK4208: “”中的 PDB 格式不兼容；删除并重新生成；正在链接对象，如同没有调试信息一样
liveMedia.lib(OutputFile.obj) : warning LNK4208: “”中的 PDB 格式不兼容；删除并重新生成；正在链接对象，如同没有调试信息一样
liveMedia.lib(OutputFile.obj) : warning LNK4208: “”中的 PDB 格式不兼容；删除并重新生成；正在链接对象，如同没有调试信息一样
liveMedia.lib(OutputFile.obj) : warning LNK4208: “”中的 PDB 格式不兼容；删除并重新生成；正在链接对象，如同没有调试信息一样
liveMedia.lib(OutputFile.obj) : warning LNK4208: “”中的 PDB 格式不兼容；删除并重新生成；正在链接对象，如同没有调试信息一样
liveMedia.lib(OutputFile.obj) : warning LNK4208: “”中的 PDB 格式不兼容；删除并重新生成；正在链接对象，如同没有调试信息一样
liveMedia.lib(VorbisAudioRTPSource.obj) : warning LNK4208: “”中的 PDB 格式不兼容；删除并重新生成；正在链接对象，如同没有调试信息一样
liveMedia.lib(VorbisAudioRTPSource.obj) : warning LNK4208: “”中的 PDB 格式不兼容；删除并重新生成；正在链接对象，如同没有调试信息一样
liveMedia.lib(VorbisAudioRTPSource.obj) : warning LNK4208: “”中的 PDB 格式不兼容；删除并重新生成；正在链接对象，如同没有调试信息一样
liveMedia.lib(VorbisAudioRTPSource.obj) : warning LNK4208: “”中的 PDB 格式不兼容；删除并重新生成；正在链接对象，如同没有调试信息一样
liveMedia.lib(VorbisAudioRTPSource.obj) : warning LNK4208: “”中的 PDB 格式不兼容；删除并重新生成；正在链接对象，如同没有调试信息一样
liveMedia.lib(VorbisAudioRTPSource.obj) : warning LNK4208: “”中的 PDB 格式不兼容；删除并重新生成；正在链接对象，如同没有调试信息一样
liveMedia.lib(VorbisAudioRTPSource.obj) : warning LNK4208: “”中的 PDB 格式不兼容；删除并重新生成；正在链接对象，如同没有调试信息一样
liveMedia.lib(VorbisAudioRTPSource.obj) : warning LNK4208: “”中的 PDB 格式不兼容；删除并重新生成；正在链接对象，如同没有调试信息一样
liveMedia.lib(VorbisAudioRTPSource.obj) : warning LNK4208: “”中的 PDB 格式不兼容；删除并重新生成；正在链接对象，如同没有调试信息一样
liveMedia.lib(VorbisAudioRTPSource.obj) : warning LNK4208: “”中的 PDB 格式不兼容；删除并重新生成；正在链接对象，如同没有调试信息一样
liveMedia.lib(VorbisAudioRTPSource.obj) : warning LNK4208: “”中的 PDB 格式不兼容；删除并重新生成；正在链接对象，如同没有调试信息一样
liveMedia.lib(VorbisAudioRTPSource.obj) : warning LNK4208: “”中的 PDB 格式不兼容；删除并重新生成；正在链接对象，如同没有调试信息一样
liveMedia.lib(VorbisAudioRTPSource.obj) : warning LNK4208: “”中的 PDB 格式不兼容；删除并重新生成；正在链接对象，如同没有调试信息一样
liveMedia.lib(VorbisAudioRTPSource.obj) : warning LNK4208: “”中的 PDB 格式不兼容；删除并重新生成；正在链接对象，如同没有调试信息一样
liveMedia.lib(MPEG2TransportStreamMultiplexor.obj) : warning LNK4208: “”中的 PDB 格式不兼容；删除并重新生成；正在链接对象，如同没有调试信息一样
liveMedia.lib(MPEG2TransportStreamMultiplexor.obj) : warning LNK4208: “”中的 PDB 格式不兼容；删除并重新生成；正在链接对象，如同没有调试信息一样
liveMedia.lib(MPEG2TransportStreamMultiplexor.obj) : warning LNK4208: “”中的 PDB 格式不兼容；删除并重新生成；正在链接对象，如同没有调试信息一样
liveMedia.lib(MPEG2TransportStreamMultiplexor.obj) : warning LNK4208: “”中的 PDB 格式不兼容；删除并重新生成；正在链接对象，如同没有调试信息一样
liveMedia.lib(MPEG2TransportStreamMultiplexor.obj) : warning LNK4208: “”中的 PDB 格式不兼容；删除并重新生成；正在链接对象，如同没有调试信息一样
liveMedia.lib(MPEG2TransportStreamMultiplexor.obj) : warning LNK4208: “”中的 PDB 格式不兼容；删除并重新生成；正在链接对象，如同没有调试信息一样
liveMedia.lib(MPEG2TransportStreamMultiplexor.obj) : warning LNK4208: “”中的 PDB 格式不兼容；删除并重新生成；正在链接对象，如同没有调试信息一样
liveMedia.lib(MPEG2TransportStreamMultiplexor.obj) : warning LNK4208: “”中的 PDB 格式不兼容；删除并重新生成；正在链接对象，如同没有调试信息一样
liveMedia.lib(MPEG2TransportStreamMultiplexor.obj) : warning LNK4208: “”中的 PDB 格式不兼容；删除并重新生成；正在链接对象，如同没有调试信息一样
liveMedia.lib(MPEG2TransportStreamMultiplexor.obj) : warning LNK4208: “”中的 PDB 格式不兼容；删除并重新生成；正在链接对象，如同没有调试信息一样
liveMedia.lib(MPEG2TransportStreamMultiplexor.obj) : warning LNK4208: “”中的 PDB 格式不兼容；删除并重新生成；正在链接对象，如同没有调试信息一样
liveMedia.lib(MPEG2TransportStreamMultiplexor.obj) : warning LNK4208: “”中的 PDB 格式不兼容；删除并重新生成；正在链接对象，如同没有调试信息一样
liveMedia.lib(MPEG2TransportStreamMultiplexor.obj) : warning LNK4208: “”中的 PDB 格式不兼容；删除并重新生成；正在链接对象，如同没有调试信息一样
liveMedia.lib(MPEG2TransportStreamMultiplexor.obj) : warning LNK4208: “”中的 PDB 格式不兼容；删除并重新生成；正在链接对象，如同没有调试信息一样
liveMedia.lib(MPEG2TransportStreamMultiplexor.obj) : warning LNK4208: “”中的 PDB 格式不兼容；删除并重新生成；正在链接对象，如同没有调试信息一样
liveMedia.lib(MPEG2TransportStreamMultiplexor.obj) : warning LNK4208: “”中的 PDB 格式不兼容；删除并重新生成；正在链接对象，如同没有调试信息一样
liveMedia.lib(MPEG2TransportStreamMultiplexor.obj) : warning LNK4208: “”中的 PDB 格式不兼容；删除并重新生成；正在链接对象，如同没有调试信息一样
liveMedia.lib(MPEG2TransportStreamMultiplexor.obj) : warning LNK4208: “”中的 PDB 格式不兼容；删除并重新生成；正在链接对象，如同没有调试信息一样
liveMedia.lib(MPEG2TransportStreamMultiplexor.obj) : warning LNK4208: “”中的 PDB 格式不兼容；删除并重新生成；正在链接对象，如同没有调试信息一样
liveMedia.lib(MPEG2TransportStreamMultiplexor.obj) : warning LNK4208: “”中的 PDB 格式不兼容；删除并重新生成；正在链接对象，如同没有调试信息一样
liveMedia.lib(MPEG2TransportStreamMultiplexor.obj) : warning LNK4208: “”中的 PDB 格式不兼容；删除并重新生成；正在链接对象，如同没有调试信息一样
liveMedia.lib(MPEG2TransportStreamMultiplexor.obj) : warning LNK4208: “”中的 PDB 格式不兼容；删除并重新生成；正在链接对象，如同没有调试信息一样
liveMedia.lib(MPEG2TransportStreamMultiplexor.obj) : warning LNK4208: “”中的 PDB 格式不兼容；删除并重新生成；正在链接对象，如同没有调试信息一样
liveMedia.lib(MultiFramedRTPSource.obj) : warning LNK4208: “”中的 PDB 格式不兼容；删除并重新生成；正在链接对象，如同没有调试信息一样
liveMedia.lib(MultiFramedRTPSource.obj) : warning LNK4208: “”中的 PDB 格式不兼容；删除并重新生成；正在链接对象，如同没有调试信息一样
liveMedia.lib(MultiFramedRTPSource.obj) : warning LNK4208: “”中的 PDB 格式不兼容；删除并重新生成；正在链接对象，如同没有调试信息一样
liveMedia.lib(MultiFramedRTPSource.obj) : warning LNK4208: “”中的 PDB 格式不兼容；删除并重新生成；正在链接对象，如同没有调试信息一样
liveMedia.lib(MultiFramedRTPSource.obj) : warning LNK4208: “”中的 PDB 格式不兼容；删除并重新生成；正在链接对象，如同没有调试信息一样
liveMedia.lib(MultiFramedRTPSource.obj) : warning LNK4208: “”中的 PDB 格式不兼容；删除并重新生成；正在链接对象，如同没有调试信息一样
liveMedia.lib(MultiFramedRTPSource.obj) : warning LNK4208: “”中的 PDB 格式不兼容；删除并重新生成；正在链接对象，如同没有调试信息一样
liveMedia.lib(MultiFramedRTPSource.obj) : warning LNK4208: “”中的 PDB 格式不兼容；删除并重新生成；正在链接对象，如同没有调试信息一样
liveMedia.lib(MultiFramedRTPSource.obj) : warning LNK4208: “”中的 PDB 格式不兼容；删除并重新生成；正在链接对象，如同没有调试信息一样
liveMedia.lib(MultiFramedRTPSource.obj) : warning LNK4208: “”中的 PDB 格式不兼容；删除并重新生成；正在链接对象，如同没有调试信息一样
liveMedia.lib(MultiFramedRTPSource.obj) : warning LNK4208: “”中的 PDB 格式不兼容；删除并重新生成；正在链接对象，如同没有调试信息一样
liveMedia.lib(MultiFramedRTPSource.obj) : warning LNK4208: “”中的 PDB 格式不兼容；删除并重新生成；正在链接对象，如同没有调试信息一样
liveMedia.lib(MultiFramedRTPSource.obj) : warning LNK4208: “”中的 PDB 格式不兼容；删除并重新生成；正在链接对象，如同没有调试信息一样
liveMedia.lib(MultiFramedRTPSource.obj) : warning LNK4208: “”中的 PDB 格式不兼容；删除并重新生成；正在链接对象，如同没有调试信息一样
liveMedia.lib(MultiFramedRTPSource.obj) : warning LNK4208: “”中的 PDB 格式不兼容；删除并重新生成；正在链接对象，如同没有调试信息一样
liveMedia.lib(MultiFramedRTPSource.obj) : warning LNK4208: “”中的 PDB 格式不兼容；删除并重新生成；正在链接对象，如同没有调试信息一样
liveMedia.lib(MultiFramedRTPSource.obj) : warning LNK4208: “”中的 PDB 格式不兼容；删除并重新生成；正在链接对象，如同没有调试信息一样
liveMedia.lib(MultiFramedRTPSource.obj) : warning LNK4208: “”中的 PDB 格式不兼容；删除并重新生成；正在链接对象，如同没有调试信息一样
liveMedia.lib(MultiFramedRTPSource.obj) : warning LNK4208: “”中的 PDB 格式不兼容；删除并重新生成；正在链接对象，如同没有调试信息一样
liveMedia.lib(MultiFramedRTPSource.obj) : warning LNK4208: “”中的 PDB 格式不兼容；删除并重新生成；正在链接对象，如同没有调试信息一样
liveMedia.lib(MultiFramedRTPSource.obj) : warning LNK4208: “”中的 PDB 格式不兼容；删除并重新生成；正在链接对象，如同没有调试信息一样
liveMedia.lib(MultiFramedRTPSource.obj) : warning LNK4208: “”中的 PDB 格式不兼容；删除并重新生成；正在链接对象，如同没有调试信息一样
liveMedia.lib(MultiFramedRTPSource.obj) : warning LNK4208: “”中的 PDB 格式不兼容；删除并重新生成；正在链接对象，如同没有调试信息一样
liveMedia.lib(MultiFramedRTPSource.obj) : warning LNK4208: “”中的 PDB 格式不兼容；删除并重新生成；正在链接对象，如同没有调试信息一样
liveMedia.lib(MultiFramedRTPSource.obj) : warning LNK4208: “”中的 PDB 格式不兼容；删除并重新生成；正在链接对象，如同没有调试信息一样
liveMedia.lib(MultiFramedRTPSource.obj) : warning LNK4208: “”中的 PDB 格式不兼容；删除并重新生成；正在链接对象，如同没有调试信息一样
liveMedia.lib(MultiFramedRTPSource.obj) : warning LNK4208: “”中的 PDB 格式不兼容；删除并重新生成；正在链接对象，如同没有调试信息一样
liveMedia.lib(MultiFramedRTPSource.obj) : warning LNK4208: “”中的 PDB 格式不兼容；删除并重新生成；正在链接对象，如同没有调试信息一样
liveMedia.lib(MultiFramedRTPSource.obj) : warning LNK4208: “”中的 PDB 格式不兼容；删除并重新生成；正在链接对象，如同没有调试信息一样
liveMedia.lib(MultiFramedRTPSource.obj) : warning LNK4208: “”中的 PDB 格式不兼容；删除并重新生成；正在链接对象，如同没有调试信息一样
liveMedia.lib(Locale.obj) : warning LNK4208: “”中的 PDB 格式不兼容；删除并重新生成；正在链接对象，如同没有调试信息一样
liveMedia.lib(MultiFramedRTPSource.obj) : warning LNK4208: “”中的 PDB 格式不兼容；删除并重新生成；正在链接对象，如同没有调试信息一样
liveMedia.lib(MultiFramedRTPSource.obj) : warning LNK4208: “”中的 PDB 格式不兼容；删除并重新生成；正在链接对象，如同没有调试信息一样
liveMedia.lib(MultiFramedRTPSource.obj) : warning LNK4208: “”中的 PDB 格式不兼容；删除并重新生成；正在链接对象，如同没有调试信息一样
liveMedia.lib(MultiFramedRTPSource.obj) : warning LNK4208: “”中的 PDB 格式不兼容；删除并重新生成；正在链接对象，如同没有调试信息一样
liveMedia.lib(MultiFramedRTPSource.obj) : warning LNK4208: “”中的 PDB 格式不兼容；删除并重新生成；正在链接对象，如同没有调试信息一样
liveMedia.lib(MultiFramedRTPSource.obj) : warning LNK4208: “”中的 PDB 格式不兼容；删除并重新生成；正在链接对象，如同没有调试信息一样
liveMedia.lib(MultiFramedRTPSource.obj) : warning LNK4208: “”中的 PDB 格式不兼容；删除并重新生成；正在链接对象，如同没有调试信息一样
liveMedia.lib(MultiFramedRTPSource.obj) : warning LNK4208: “”中的 PDB 格式不兼容；删除并重新生成；正在链接对象，如同没有调试信息一样
liveMedia.lib(MultiFramedRTPSource.obj) : warning LNK4208: “”中的 PDB 格式不兼容；删除并重新生成；正在链接对象，如同没有调试信息一样
liveMedia.lib(MultiFramedRTPSource.obj) : warning LNK4208: “”中的 PDB 格式不兼容；删除并重新生成；正在链接对象，如同没有调试信息一样
liveMedia.lib(MultiFramedRTPSource.obj) : warning LNK4208: “”中的 PDB 格式不兼容；删除并重新生成；正在链接对象，如同没有调试信息一样
liveMedia.lib(MultiFramedRTPSource.obj) : warning LNK4208: “”中的 PDB 格式不兼容；删除并重新生成；正在链接对象，如同没有调试信息一样
liveMedia.lib(MultiFramedRTPSource.obj) : warning LNK4208: “”中的 PDB 格式不兼容；删除并重新生成；正在链接对象，如同没有调试信息一样
liveMedia.lib(MultiFramedRTPSource.obj) : warning LNK4208: “”中的 PDB 格式不兼容；删除并重新生成；正在链接对象，如同没有调试信息一样
liveMedia.lib(MultiFramedRTPSource.obj) : warning LNK4208: “”中的 PDB 格式不兼容；删除并重新生成；正在链接对象，如同没有调试信息一样
liveMedia.lib(MultiFramedRTPSource.obj) : warning LNK4208: “”中的 PDB 格式不兼容；删除并重新生成；正在链接对象，如同没有调试信息一样
liveMedia.lib(MultiFramedRTPSource.obj) : warning LNK4208: “”中的 PDB 格式不兼容；删除并重新生成；正在链接对象，如同没有调试信息一样
liveMedia.lib(MultiFramedRTPSource.obj) : warning LNK4208: “”中的 PDB 格式不兼容；删除并重新生成；正在链接对象，如同没有调试信息一样
liveMedia.lib(MultiFramedRTPSource.obj) : warning LNK4208: “”中的 PDB 格式不兼容；删除并重新生成；正在链接对象，如同没有调试信息一样
liveMedia.lib(MultiFramedRTPSource.obj) : warning LNK4208: “”中的 PDB 格式不兼容；删除并重新生成；正在链接对象，如同没有调试信息一样
liveMedia.lib(MultiFramedRTPSource.obj) : warning LNK4208: “”中的 PDB 格式不兼容；删除并重新生成；正在链接对象，如同没有调试信息一样
liveMedia.lib(MultiFramedRTPSource.obj) : warning LNK4208: “”中的 PDB 格式不兼容；删除并重新生成；正在链接对象，如同没有调试信息一样
liveMedia.lib(MultiFramedRTPSource.obj) : warning LNK4208: “”中的 PDB 格式不兼容；删除并重新生成；正在链接对象，如同没有调试信息一样
liveMedia.lib(MultiFramedRTPSource.obj) : warning LNK4208: “”中的 PDB 格式不兼容；删除并重新生成；正在链接对象，如同没有调试信息一样
liveMedia.lib(MultiFramedRTPSource.obj) : warning LNK4208: “”中的 PDB 格式不兼容；删除并重新生成；正在链接对象，如同没有调试信息一样
liveMedia.lib(MultiFramedRTPSource.obj) : warning LNK4208: “”中的 PDB 格式不兼容；删除并重新生成；正在链接对象，如同没有调试信息一样
liveMedia.lib(MultiFramedRTPSource.obj) : warning LNK4208: “”中的 PDB 格式不兼容；删除并重新生成；正在链接对象，如同没有调试信息一样
liveMedia.lib(MultiFramedRTPSource.obj) : warning LNK4208: “”中的 PDB 格式不兼容；删除并重新生成；正在链接对象，如同没有调试信息一样
liveMedia.lib(MultiFramedRTPSource.obj) : warning LNK4208: “”中的 PDB 格式不兼容；删除并重新生成；正在链接对象，如同没有调试信息一样
liveMedia.lib(MultiFramedRTPSource.obj) : warning LNK4208: “”中的 PDB 格式不兼容；删除并重新生成；正在链接对象，如同没有调试信息一样
liveMedia.lib(MultiFramedRTPSource.obj) : warning LNK4208: “”中的 PDB 格式不兼容；删除并重新生成；正在链接对象，如同没有调试信息一样
liveMedia.lib(MultiFramedRTPSource.obj) : warning LNK4208: “”中的 PDB 格式不兼容；删除并重新生成；正在链接对象，如同没有调试信息一样
liveMedia.lib(TheoraVideoRTPSource.obj) : warning LNK4208: “”中的 PDB 格式不兼容；删除并重新生成；正在链接对象，如同没有调试信息一样
liveMedia.lib(TheoraVideoRTPSource.obj) : warning LNK4208: “”中的 PDB 格式不兼容；删除并重新生成；正在链接对象，如同没有调试信息一样
liveMedia.lib(TheoraVideoRTPSource.obj) : warning LNK4208: “”中的 PDB 格式不兼容；删除并重新生成；正在链接对象，如同没有调试信息一样
liveMedia.lib(SimpleRTPSource.obj) : warning LNK4208: “”中的 PDB 格式不兼容；删除并重新生成；正在链接对象，如同没有调试信息一样
liveMedia.lib(TheoraVideoRTPSource.obj) : warning LNK4208: “”中的 PDB 格式不兼容；删除并重新生成；正在链接对象，如同没有调试信息一样
liveMedia.lib(TheoraVideoRTPSource.obj) : warning LNK4208: “”中的 PDB 格式不兼容；删除并重新生成；正在链接对象，如同没有调试信息一样
liveMedia.lib(TheoraVideoRTPSource.obj) : warning LNK4208: “”中的 PDB 格式不兼容；删除并重新生成；正在链接对象，如同没有调试信息一样
liveMedia.lib(TheoraVideoRTPSource.obj) : warning LNK4208: “”中的 PDB 格式不兼容；删除并重新生成；正在链接对象，如同没有调试信息一样
liveMedia.lib(TheoraVideoRTPSource.obj) : warning LNK4208: “”中的 PDB 格式不兼容；删除并重新生成；正在链接对象，如同没有调试信息一样
liveMedia.lib(TheoraVideoRTPSource.obj) : warning LNK4208: “”中的 PDB 格式不兼容；删除并重新生成；正在链接对象，如同没有调试信息一样
liveMedia.lib(TheoraVideoRTPSource.obj) : warning LNK4208: “”中的 PDB 格式不兼容；删除并重新生成；正在链接对象，如同没有调试信息一样
liveMedia.lib(TheoraVideoRTPSource.obj) : warning LNK4208: “”中的 PDB 格式不兼容；删除并重新生成；正在链接对象，如同没有调试信息一样
liveMedia.lib(TheoraVideoRTPSource.obj) : warning LNK4208: “”中的 PDB 格式不兼容；删除并重新生成；正在链接对象，如同没有调试信息一样
liveMedia.lib(TheoraVideoRTPSource.obj) : warning LNK4208: “”中的 PDB 格式不兼容；删除并重新生成；正在链接对象，如同没有调试信息一样
liveMedia.lib(TheoraVideoRTPSource.obj) : warning LNK4208: “”中的 PDB 格式不兼容；删除并重新生成；正在链接对象，如同没有调试信息一样
liveMedia.lib(TheoraVideoRTPSource.obj) : warning LNK4208: “”中的 PDB 格式不兼容；删除并重新生成；正在链接对象，如同没有调试信息一样
liveMedia.lib(TheoraVideoRTPSource.obj) : warning LNK4208: “”中的 PDB 格式不兼容；删除并重新生成；正在链接对象，如同没有调试信息一样
liveMedia.lib(TheoraVideoRTPSource.obj) : warning LNK4208: “”中的 PDB 格式不兼容；删除并重新生成；正在链接对象，如同没有调试信息一样
liveMedia.lib(TheoraVideoRTPSource.obj) : warning LNK4208: “”中的 PDB 格式不兼容；删除并重新生成；正在链接对象，如同没有调试信息一样
liveMedia.lib(TheoraVideoRTPSource.obj) : warning LNK4208: “”中的 PDB 格式不兼容；删除并重新生成；正在链接对象，如同没有调试信息一样
liveMedia.lib(TheoraVideoRTPSource.obj) : warning LNK4208: “”中的 PDB 格式不兼容；删除并重新生成；正在链接对象，如同没有调试信息一样
liveMedia.lib(TheoraVideoRTPSource.obj) : warning LNK4208: “”中的 PDB 格式不兼容；删除并重新生成；正在链接对象，如同没有调试信息一样
liveMedia.lib(TheoraVideoRTPSource.obj) : warning LNK4208: “”中的 PDB 格式不兼容；删除并重新生成；正在链接对象，如同没有调试信息一样
liveMedia.lib(TheoraVideoRTPSource.obj) : warning LNK4208: “”中的 PDB 格式不兼容；删除并重新生成；正在链接对象，如同没有调试信息一样
liveMedia.lib(TheoraVideoRTPSource.obj) : warning LNK4208: “”中的 PDB 格式不兼容；删除并重新生成；正在链接对象，如同没有调试信息一样
liveMedia.lib(TheoraVideoRTPSource.obj) : warning LNK4208: “”中的 PDB 格式不兼容；删除并重新生成；正在链接对象，如同没有调试信息一样
liveMedia.lib(TheoraVideoRTPSource.obj) : warning LNK4208: “”中的 PDB 格式不兼容；删除并重新生成；正在链接对象，如同没有调试信息一样
liveMedia.lib(TheoraVideoRTPSource.obj) : warning LNK4208: “”中的 PDB 格式不兼容；删除并重新生成；正在链接对象，如同没有调试信息一样
liveMedia.lib(TheoraVideoRTPSource.obj) : warning LNK4208: “”中的 PDB 格式不兼容；删除并重新生成；正在链接对象，如同没有调试信息一样
liveMedia.lib(VP8VideoRTPSource.obj) : warning LNK4208: “”中的 PDB 格式不兼容；删除并重新生成；正在链接对象，如同没有调试信息一样
liveMedia.lib(VP8VideoRTPSource.obj) : warning LNK4208: “”中的 PDB 格式不兼容；删除并重新生成；正在链接对象，如同没有调试信息一样
liveMedia.lib(VP8VideoRTPSource.obj) : warning LNK4208: “”中的 PDB 格式不兼容；删除并重新生成；正在链接对象，如同没有调试信息一样
liveMedia.lib(VP8VideoRTPSource.obj) : warning LNK4208: “”中的 PDB 格式不兼容；删除并重新生成；正在链接对象，如同没有调试信息一样
liveMedia.lib(VP8VideoRTPSource.obj) : warning LNK4208: “”中的 PDB 格式不兼容；删除并重新生成；正在链接对象，如同没有调试信息一样
liveMedia.lib(VP8VideoRTPSource.obj) : warning LNK4208: “”中的 PDB 格式不兼容；删除并重新生成；正在链接对象，如同没有调试信息一样
liveMedia.lib(VP8VideoRTPSource.obj) : warning LNK4208: “”中的 PDB 格式不兼容；删除并重新生成；正在链接对象，如同没有调试信息一样
liveMedia.lib(VP8VideoRTPSource.obj) : warning LNK4208: “”中的 PDB 格式不兼容；删除并重新生成；正在链接对象，如同没有调试信息一样
liveMedia.lib(VP8VideoRTPSource.obj) : warning LNK4208: “”中的 PDB 格式不兼容；删除并重新生成；正在链接对象，如同没有调试信息一样
liveMedia.lib(VP8VideoRTPSource.obj) : warning LNK4208: “”中的 PDB 格式不兼容；删除并重新生成；正在链接对象，如同没有调试信息一样
liveMedia.lib(VP8VideoRTPSource.obj) : warning LNK4208: “”中的 PDB 格式不兼容；删除并重新生成；正在链接对象，如同没有调试信息一样
liveMedia.lib(VP8VideoRTPSource.obj) : warning LNK4208: “”中的 PDB 格式不兼容；删除并重新生成；正在链接对象，如同没有调试信息一样
liveMedia.lib(VP8VideoRTPSource.obj) : warning LNK4208: “”中的 PDB 格式不兼容；删除并重新生成；正在链接对象，如同没有调试信息一样
liveMedia.lib(VP8VideoRTPSource.obj) : warning LNK4208: “”中的 PDB 格式不兼容；删除并重新生成；正在链接对象，如同没有调试信息一样
liveMedia.lib(TheoraVideoRTPSource.obj) : warning LNK4208: “”中的 PDB 格式不兼容；删除并重新生成；正在链接对象，如同没有调试信息一样
liveMedia.lib(VP8VideoRTPSource.obj) : warning LNK4208: “”中的 PDB 格式不兼容；删除并重新生成；正在链接对象，如同没有调试信息一样
liveMedia.lib(VP8VideoRTPSource.obj) : warning LNK4208: “”中的 PDB 格式不兼容；删除并重新生成；正在链接对象，如同没有调试信息一样
liveMedia.lib(VP8VideoRTPSource.obj) : warning LNK4208: “”中的 PDB 格式不兼容；删除并重新生成；正在链接对象，如同没有调试信息一样
liveMedia.lib(VP8VideoRTPSource.obj) : warning LNK4208: “”中的 PDB 格式不兼容；删除并重新生成；正在链接对象，如同没有调试信息一样
liveMedia.lib(VP8VideoRTPSource.obj) : warning LNK4208: “”中的 PDB 格式不兼容；删除并重新生成；正在链接对象，如同没有调试信息一样
liveMedia.lib(VP8VideoRTPSource.obj) : warning LNK4208: “”中的 PDB 格式不兼容；删除并重新生成；正在链接对象，如同没有调试信息一样
liveMedia.lib(VP8VideoRTPSource.obj) : warning LNK4208: “”中的 PDB 格式不兼容；删除并重新生成；正在链接对象，如同没有调试信息一样
liveMedia.lib(VP8VideoRTPSource.obj) : warning LNK4208: “”中的 PDB 格式不兼容；删除并重新生成；正在链接对象，如同没有调试信息一样
liveMedia.lib(VP8VideoRTPSource.obj) : warning LNK4208: “”中的 PDB 格式不兼容；删除并重新生成；正在链接对象，如同没有调试信息一样
liveMedia.lib(VP8VideoRTPSource.obj) : warning LNK4208: “”中的 PDB 格式不兼容；删除并重新生成；正在链接对象，如同没有调试信息一样
liveMedia.lib(VP8VideoRTPSource.obj) : warning LNK4208: “”中的 PDB 格式不兼容；删除并重新生成；正在链接对象，如同没有调试信息一样
liveMedia.lib(VP8VideoRTPSource.obj) : warning LNK4208: “”中的 PDB 格式不兼容；删除并重新生成；正在链接对象，如同没有调试信息一样
liveMedia.lib(VP8VideoRTPSource.obj) : warning LNK4208: “”中的 PDB 格式不兼容；删除并重新生成；正在链接对象，如同没有调试信息一样
liveMedia.lib(VP8VideoRTPSource.obj) : warning LNK4208: “”中的 PDB 格式不兼容；删除并重新生成；正在链接对象，如同没有调试信息一样
liveMedia.lib(VP8VideoRTPSource.obj) : warning LNK4208: “”中的 PDB 格式不兼容；删除并重新生成；正在链接对象，如同没有调试信息一样
liveMedia.lib(VP8VideoRTPSource.obj) : warning LNK4208: “”中的 PDB 格式不兼容；删除并重新生成；正在链接对象，如同没有调试信息一样
liveMedia.lib(VP8VideoRTPSource.obj) : warning LNK4208: “”中的 PDB 格式不兼容；删除并重新生成；正在链接对象，如同没有调试信息一样
liveMedia.lib(VP8VideoRTPSource.obj) : warning LNK4208: “”中的 PDB 格式不兼容；删除并重新生成；正在链接对象，如同没有调试信息一样
liveMedia.lib(VP8VideoRTPSource.obj) : warning LNK4208: “”中的 PDB 格式不兼容；删除并重新生成；正在链接对象，如同没有调试信息一样
liveMedia.lib(VP8VideoRTPSource.obj) : warning LNK4208: “”中的 PDB 格式不兼容；删除并重新生成；正在链接对象，如同没有调试信息一样
liveMedia.lib(VP8VideoRTPSource.obj) : warning LNK4208: “”中的 PDB 格式不兼容；删除并重新生成；正在链接对象，如同没有调试信息一样
liveMedia.lib(VP8VideoRTPSource.obj) : warning LNK4208: “”中的 PDB 格式不兼容；删除并重新生成；正在链接对象，如同没有调试信息一样
liveMedia.lib(VP8VideoRTPSource.obj) : warning LNK4208: “”中的 PDB 格式不兼容；删除并重新生成；正在链接对象，如同没有调试信息一样
liveMedia.lib(VP8VideoRTPSource.obj) : warning LNK4208: “”中的 PDB 格式不兼容；删除并重新生成；正在链接对象，如同没有调试信息一样
liveMedia.lib(VP8VideoRTPSource.obj) : warning LNK4208: “”中的 PDB 格式不兼容；删除并重新生成；正在链接对象，如同没有调试信息一样
liveMedia.lib(VP8VideoRTPSource.obj) : warning LNK4208: “”中的 PDB 格式不兼容；删除并重新生成；正在链接对象，如同没有调试信息一样
liveMedia.lib(VP8VideoRTPSource.obj) : warning LNK4208: “”中的 PDB 格式不兼容；删除并重新生成；正在链接对象，如同没有调试信息一样
liveMedia.lib(VP8VideoRTPSource.obj) : warning LNK4208: “”中的 PDB 格式不兼容；删除并重新生成；正在链接对象，如同没有调试信息一样
liveMedia.lib(VP8VideoRTPSource.obj) : warning LNK4208: “”中的 PDB 格式不兼容；删除并重新生成；正在链接对象，如同没有调试信息一样
liveMedia.lib(VP8VideoRTPSource.obj) : warning LNK4208: “”中的 PDB 格式不兼容；删除并重新生成；正在链接对象，如同没有调试信息一样
liveMedia.lib(VP8VideoRTPSource.obj) : warning LNK4208: “”中的 PDB 格式不兼容；删除并重新生成；正在链接对象，如同没有调试信息一样
liveMedia.lib(VP8VideoRTPSource.obj) : warning LNK4208: “”中的 PDB 格式不兼容；删除并重新生成；正在链接对象，如同没有调试信息一样
liveMedia.lib(VP8VideoRTPSource.obj) : warning LNK4208: “”中的 PDB 格式不兼容；删除并重新生成；正在链接对象，如同没有调试信息一样
liveMedia.lib(VP8VideoRTPSource.obj) : warning LNK4208: “”中的 PDB 格式不兼容；删除并重新生成；正在链接对象，如同没有调试信息一样
liveMedia.lib(VP8VideoRTPSource.obj) : warning LNK4208: “”中的 PDB 格式不兼容；删除并重新生成；正在链接对象，如同没有调试信息一样
liveMedia.lib(VP8VideoRTPSource.obj) : warning LNK4208: “”中的 PDB 格式不兼容；删除并重新生成；正在链接对象，如同没有调试信息一样
liveMedia.lib(MPEG2TransportStreamFramer.obj) : warning LNK4208: “”中的 PDB 格式不兼容；删除并重新生成；正在链接对象，如同没有调试信息一样
liveMedia.lib(MPEG2TransportStreamFramer.obj) : warning LNK4208: “”中的 PDB 格式不兼容；删除并重新生成；正在链接对象，如同没有调试信息一样
liveMedia.lib(MPEG2TransportStreamFramer.obj) : warning LNK4208: “”中的 PDB 格式不兼容；删除并重新生成；正在链接对象，如同没有调试信息一样
liveMedia.lib(MPEG2TransportStreamFramer.obj) : warning LNK4208: “”中的 PDB 格式不兼容；删除并重新生成；正在链接对象，如同没有调试信息一样
liveMedia.lib(MPEG2TransportStreamFramer.obj) : warning LNK4208: “”中的 PDB 格式不兼容；删除并重新生成；正在链接对象，如同没有调试信息一样
liveMedia.lib(MPEG2TransportStreamFramer.obj) : warning LNK4208: “”中的 PDB 格式不兼容；删除并重新生成；正在链接对象，如同没有调试信息一样
liveMedia.lib(MPEG2TransportStreamFramer.obj) : warning LNK4208: “”中的 PDB 格式不兼容；删除并重新生成；正在链接对象，如同没有调试信息一样
liveMedia.lib(MPEG2TransportStreamFramer.obj) : warning LNK4208: “”中的 PDB 格式不兼容；删除并重新生成；正在链接对象，如同没有调试信息一样
liveMedia.lib(MPEG2TransportStreamFramer.obj) : warning LNK4208: “”中的 PDB 格式不兼容；删除并重新生成；正在链接对象，如同没有调试信息一样
liveMedia.lib(MPEG2TransportStreamFramer.obj) : warning LNK4208: “”中的 PDB 格式不兼容；删除并重新生成；正在链接对象，如同没有调试信息一样
liveMedia.lib(MPEG2TransportStreamFramer.obj) : warning LNK4208: “”中的 PDB 格式不兼容；删除并重新生成；正在链接对象，如同没有调试信息一样
liveMedia.lib(MPEG2TransportStreamFramer.obj) : warning LNK4208: “”中的 PDB 格式不兼容；删除并重新生成；正在链接对象，如同没有调试信息一样
liveMedia.lib(MPEG2TransportStreamFramer.obj) : warning LNK4208: “”中的 PDB 格式不兼容；删除并重新生成；正在链接对象，如同没有调试信息一样
liveMedia.lib(MPEG2TransportStreamFramer.obj) : warning LNK4208: “”中的 PDB 格式不兼容；删除并重新生成；正在链接对象，如同没有调试信息一样
liveMedia.lib(MPEG2TransportStreamFramer.obj) : warning LNK4208: “”中的 PDB 格式不兼容；删除并重新生成；正在链接对象，如同没有调试信息一样
liveMedia.lib(MPEG2TransportStreamFramer.obj) : warning LNK4208: “”中的 PDB 格式不兼容；删除并重新生成；正在链接对象，如同没有调试信息一样
liveMedia.lib(MPEG2TransportStreamFramer.obj) : warning LNK4208: “”中的 PDB 格式不兼容；删除并重新生成；正在链接对象，如同没有调试信息一样
liveMedia.lib(MPEG2TransportStreamFramer.obj) : warning LNK4208: “”中的 PDB 格式不兼容；删除并重新生成；正在链接对象，如同没有调试信息一样
liveMedia.lib(MPEG2TransportStreamFramer.obj) : warning LNK4208: “”中的 PDB 格式不兼容；删除并重新生成；正在链接对象，如同没有调试信息一样
liveMedia.lib(MPEG2TransportStreamFramer.obj) : warning LNK4208: “”中的 PDB 格式不兼容；删除并重新生成；正在链接对象，如同没有调试信息一样
liveMedia.lib(MPEG2TransportStreamFramer.obj) : warning LNK4208: “”中的 PDB 格式不兼容；删除并重新生成；正在链接对象，如同没有调试信息一样
liveMedia.lib(MPEG2TransportStreamFramer.obj) : warning LNK4208: “”中的 PDB 格式不兼容；删除并重新生成；正在链接对象，如同没有调试信息一样
liveMedia.lib(MPEG2TransportStreamFramer.obj) : warning LNK4208: “”中的 PDB 格式不兼容；删除并重新生成；正在链接对象，如同没有调试信息一样
liveMedia.lib(MPEG2TransportStreamFramer.obj) : warning LNK4208: “”中的 PDB 格式不兼容；删除并重新生成；正在链接对象，如同没有调试信息一样
liveMedia.lib(MPEG2TransportStreamFramer.obj) : warning LNK4208: “”中的 PDB 格式不兼容；删除并重新生成；正在链接对象，如同没有调试信息一样
liveMedia.lib(MPEG2TransportStreamFramer.obj) : warning LNK4208: “”中的 PDB 格式不兼容；删除并重新生成；正在链接对象，如同没有调试信息一样
liveMedia.lib(MPEG2TransportStreamFramer.obj) : warning LNK4208: “”中的 PDB 格式不兼容；删除并重新生成；正在链接对象，如同没有调试信息一样
liveMedia.lib(MPEG2TransportStreamFramer.obj) : warning LNK4208: “”中的 PDB 格式不兼容；删除并重新生成；正在链接对象，如同没有调试信息一样
liveMedia.lib(MPEG2TransportStreamFramer.obj) : warning LNK4208: “”中的 PDB 格式不兼容；删除并重新生成；正在链接对象，如同没有调试信息一样
liveMedia.lib(MPEG2TransportStreamFramer.obj) : warning LNK4208: “”中的 PDB 格式不兼容；删除并重新生成；正在链接对象，如同没有调试信息一样
liveMedia.lib(MPEG2TransportStreamFramer.obj) : warning LNK4208: “”中的 PDB 格式不兼容；删除并重新生成；正在链接对象，如同没有调试信息一样
liveMedia.lib(MPEG2TransportStreamFramer.obj) : warning LNK4208: “”中的 PDB 格式不兼容；删除并重新生成；正在链接对象，如同没有调试信息一样
liveMedia.lib(MPEG2TransportStreamFramer.obj) : warning LNK4208: “”中的 PDB 格式不兼容；删除并重新生成；正在链接对象，如同没有调试信息一样
liveMedia.lib(MPEG2TransportStreamFramer.obj) : warning LNK4208: “”中的 PDB 格式不兼容；删除并重新生成；正在链接对象，如同没有调试信息一样
liveMedia.lib(MPEG2TransportStreamFramer.obj) : warning LNK4208: “”中的 PDB 格式不兼容；删除并重新生成；正在链接对象，如同没有调试信息一样
liveMedia.lib(MPEG2TransportStreamFramer.obj) : warning LNK4208: “”中的 PDB 格式不兼容；删除并重新生成；正在链接对象，如同没有调试信息一样
liveMedia.lib(MPEG2TransportStreamFramer.obj) : warning LNK4208: “”中的 PDB 格式不兼容；删除并重新生成；正在链接对象，如同没有调试信息一样
liveMedia.lib(MPEG2TransportStreamFramer.obj) : warning LNK4208: “”中的 PDB 格式不兼容；删除并重新生成；正在链接对象，如同没有调试信息一样
liveMedia.lib(MPEG2TransportStreamFramer.obj) : warning LNK4208: “”中的 PDB 格式不兼容；删除并重新生成；正在链接对象，如同没有调试信息一样
liveMedia.lib(MPEG2TransportStreamFramer.obj) : warning LNK4208: “”中的 PDB 格式不兼容；删除并重新生成；正在链接对象，如同没有调试信息一样
liveMedia.lib(MPEG2TransportStreamFramer.obj) : warning LNK4208: “”中的 PDB 格式不兼容；删除并重新生成；正在链接对象，如同没有调试信息一样
liveMedia.lib(MPEG2TransportStreamFramer.obj) : warning LNK4208: “”中的 PDB 格式不兼容；删除并重新生成；正在链接对象，如同没有调试信息一样
liveMedia.lib(MPEG2TransportStreamFramer.obj) : warning LNK4208: “”中的 PDB 格式不兼容；删除并重新生成；正在链接对象，如同没有调试信息一样
liveMedia.lib(MPEG2TransportStreamFramer.obj) : warning LNK4208: “”中的 PDB 格式不兼容；删除并重新生成；正在链接对象，如同没有调试信息一样
liveMedia.lib(MPEG2TransportStreamFramer.obj) : warning LNK4208: “”中的 PDB 格式不兼容；删除并重新生成；正在链接对象，如同没有调试信息一样
liveMedia.lib(MPEG2TransportStreamFramer.obj) : warning LNK4208: “”中的 PDB 格式不兼容；删除并重新生成；正在链接对象，如同没有调试信息一样
liveMedia.lib(MPEG2TransportStreamFramer.obj) : warning LNK4208: “”中的 PDB 格式不兼容；删除并重新生成；正在链接对象，如同没有调试信息一样
liveMedia.lib(MPEG2TransportStreamFramer.obj) : warning LNK4208: “”中的 PDB 格式不兼容；删除并重新生成；正在链接对象，如同没有调试信息一样
liveMedia.lib(H261VideoRTPSource.obj) : warning LNK4208: “”中的 PDB 格式不兼容；删除并重新生成；正在链接对象，如同没有调试信息一样
liveMedia.lib(H261VideoRTPSource.obj) : warning LNK4208: “”中的 PDB 格式不兼容；删除并重新生成；正在链接对象，如同没有调试信息一样
liveMedia.lib(H261VideoRTPSource.obj) : warning LNK4208: “”中的 PDB 格式不兼容；删除并重新生成；正在链接对象，如同没有调试信息一样
liveMedia.lib(H261VideoRTPSource.obj) : warning LNK4208: “”中的 PDB 格式不兼容；删除并重新生成；正在链接对象，如同没有调试信息一样
liveMedia.lib(H261VideoRTPSource.obj) : warning LNK4208: “”中的 PDB 格式不兼容；删除并重新生成；正在链接对象，如同没有调试信息一样
liveMedia.lib(H261VideoRTPSource.obj) : warning LNK4208: “”中的 PDB 格式不兼容；删除并重新生成；正在链接对象，如同没有调试信息一样
liveMedia.lib(H261VideoRTPSource.obj) : warning LNK4208: “”中的 PDB 格式不兼容；删除并重新生成；正在链接对象，如同没有调试信息一样
liveMedia.lib(H261VideoRTPSource.obj) : warning LNK4208: “”中的 PDB 格式不兼容；删除并重新生成；正在链接对象，如同没有调试信息一样
liveMedia.lib(H261VideoRTPSource.obj) : warning LNK4208: “”中的 PDB 格式不兼容；删除并重新生成；正在链接对象，如同没有调试信息一样
liveMedia.lib(H261VideoRTPSource.obj) : warning LNK4208: “”中的 PDB 格式不兼容；删除并重新生成；正在链接对象，如同没有调试信息一样
liveMedia.lib(H261VideoRTPSource.obj) : warning LNK4208: “”中的 PDB 格式不兼容；删除并重新生成；正在链接对象，如同没有调试信息一样
liveMedia.lib(H261VideoRTPSource.obj) : warning LNK4208: “”中的 PDB 格式不兼容；删除并重新生成；正在链接对象，如同没有调试信息一样
liveMedia.lib(H261VideoRTPSource.obj) : warning LNK4208: “”中的 PDB 格式不兼容；删除并重新生成；正在链接对象，如同没有调试信息一样
liveMedia.lib(H261VideoRTPSource.obj) : warning LNK4208: “”中的 PDB 格式不兼容；删除并重新生成；正在链接对象，如同没有调试信息一样
liveMedia.lib(H261VideoRTPSource.obj) : warning LNK4208: “”中的 PDB 格式不兼容；删除并重新生成；正在链接对象，如同没有调试信息一样
liveMedia.lib(H261VideoRTPSource.obj) : warning LNK4208: “”中的 PDB 格式不兼容；删除并重新生成；正在链接对象，如同没有调试信息一样
liveMedia.lib(H261VideoRTPSource.obj) : warning LNK4208: “”中的 PDB 格式不兼容；删除并重新生成；正在链接对象，如同没有调试信息一样
liveMedia.lib(H261VideoRTPSource.obj) : warning LNK4208: “”中的 PDB 格式不兼容；删除并重新生成；正在链接对象，如同没有调试信息一样
liveMedia.lib(H261VideoRTPSource.obj) : warning LNK4208: “”中的 PDB 格式不兼容；删除并重新生成；正在链接对象，如同没有调试信息一样
liveMedia.lib(H261VideoRTPSource.obj) : warning LNK4208: “”中的 PDB 格式不兼容；删除并重新生成；正在链接对象，如同没有调试信息一样
liveMedia.lib(H261VideoRTPSource.obj) : warning LNK4208: “”中的 PDB 格式不兼容；删除并重新生成；正在链接对象，如同没有调试信息一样
liveMedia.lib(H261VideoRTPSource.obj) : warning LNK4208: “”中的 PDB 格式不兼容；删除并重新生成；正在链接对象，如同没有调试信息一样
liveMedia.lib(H261VideoRTPSource.obj) : warning LNK4208: “”中的 PDB 格式不兼容；删除并重新生成；正在链接对象，如同没有调试信息一样
liveMedia.lib(H261VideoRTPSource.obj) : warning LNK4208: “”中的 PDB 格式不兼容；删除并重新生成；正在链接对象，如同没有调试信息一样
liveMedia.lib(H261VideoRTPSource.obj) : warning LNK4208: “”中的 PDB 格式不兼容；删除并重新生成；正在链接对象，如同没有调试信息一样
liveMedia.lib(H261VideoRTPSource.obj) : warning LNK4208: “”中的 PDB 格式不兼容；删除并重新生成；正在链接对象，如同没有调试信息一样
liveMedia.lib(H261VideoRTPSource.obj) : warning LNK4208: “”中的 PDB 格式不兼容；删除并重新生成；正在链接对象，如同没有调试信息一样
liveMedia.lib(H261VideoRTPSource.obj) : warning LNK4208: “”中的 PDB 格式不兼容；删除并重新生成；正在链接对象，如同没有调试信息一样
liveMedia.lib(H261VideoRTPSource.obj) : warning LNK4208: “”中的 PDB 格式不兼容；删除并重新生成；正在链接对象，如同没有调试信息一样
liveMedia.lib(H261VideoRTPSource.obj) : warning LNK4208: “”中的 PDB 格式不兼容；删除并重新生成；正在链接对象，如同没有调试信息一样
liveMedia.lib(H261VideoRTPSource.obj) : warning LNK4208: “”中的 PDB 格式不兼容；删除并重新生成；正在链接对象，如同没有调试信息一样
liveMedia.lib(H261VideoRTPSource.obj) : warning LNK4208: “”中的 PDB 格式不兼容；删除并重新生成；正在链接对象，如同没有调试信息一样
liveMedia.lib(H261VideoRTPSource.obj) : warning LNK4208: “”中的 PDB 格式不兼容；删除并重新生成；正在链接对象，如同没有调试信息一样
liveMedia.lib(H261VideoRTPSource.obj) : warning LNK4208: “”中的 PDB 格式不兼容；删除并重新生成；正在链接对象，如同没有调试信息一样
liveMedia.lib(H261VideoRTPSource.obj) : warning LNK4208: “”中的 PDB 格式不兼容；删除并重新生成；正在链接对象，如同没有调试信息一样
liveMedia.lib(H261VideoRTPSource.obj) : warning LNK4208: “”中的 PDB 格式不兼容；删除并重新生成；正在链接对象，如同没有调试信息一样
liveMedia.lib(H263plusVideoRTPSource.obj) : warning LNK4208: “”中的 PDB 格式不兼容；删除并重新生成；正在链接对象，如同没有调试信息一样
liveMedia.lib(H263plusVideoRTPSource.obj) : warning LNK4208: “”中的 PDB 格式不兼容；删除并重新生成；正在链接对象，如同没有调试信息一样
liveMedia.lib(H263plusVideoRTPSource.obj) : warning LNK4208: “”中的 PDB 格式不兼容；删除并重新生成；正在链接对象，如同没有调试信息一样
liveMedia.lib(H263plusVideoRTPSource.obj) : warning LNK4208: “”中的 PDB 格式不兼容；删除并重新生成；正在链接对象，如同没有调试信息一样
liveMedia.lib(H263plusVideoRTPSource.obj) : warning LNK4208: “”中的 PDB 格式不兼容；删除并重新生成；正在链接对象，如同没有调试信息一样
liveMedia.lib(H263plusVideoRTPSource.obj) : warning LNK4208: “”中的 PDB 格式不兼容；删除并重新生成；正在链接对象，如同没有调试信息一样
liveMedia.lib(H263plusVideoRTPSource.obj) : warning LNK4208: “”中的 PDB 格式不兼容；删除并重新生成；正在链接对象，如同没有调试信息一样
liveMedia.lib(H263plusVideoRTPSource.obj) : warning LNK4208: “”中的 PDB 格式不兼容；删除并重新生成；正在链接对象，如同没有调试信息一样
liveMedia.lib(H263plusVideoRTPSource.obj) : warning LNK4208: “”中的 PDB 格式不兼容；删除并重新生成；正在链接对象，如同没有调试信息一样
liveMedia.lib(H263plusVideoRTPSource.obj) : warning LNK4208: “”中的 PDB 格式不兼容；删除并重新生成；正在链接对象，如同没有调试信息一样
liveMedia.lib(H263plusVideoRTPSource.obj) : warning LNK4208: “”中的 PDB 格式不兼容；删除并重新生成；正在链接对象，如同没有调试信息一样
liveMedia.lib(H263plusVideoRTPSource.obj) : warning LNK4208: “”中的 PDB 格式不兼容；删除并重新生成；正在链接对象，如同没有调试信息一样
liveMedia.lib(H263plusVideoRTPSource.obj) : warning LNK4208: “”中的 PDB 格式不兼容；删除并重新生成；正在链接对象，如同没有调试信息一样
liveMedia.lib(H263plusVideoRTPSource.obj) : warning LNK4208: “”中的 PDB 格式不兼容；删除并重新生成；正在链接对象，如同没有调试信息一样
liveMedia.lib(H263plusVideoRTPSource.obj) : warning LNK4208: “”中的 PDB 格式不兼容；删除并重新生成；正在链接对象，如同没有调试信息一样
liveMedia.lib(H263plusVideoRTPSource.obj) : warning LNK4208: “”中的 PDB 格式不兼容；删除并重新生成；正在链接对象，如同没有调试信息一样
liveMedia.lib(H263plusVideoRTPSource.obj) : warning LNK4208: “”中的 PDB 格式不兼容；删除并重新生成；正在链接对象，如同没有调试信息一样
liveMedia.lib(H263plusVideoRTPSource.obj) : warning LNK4208: “”中的 PDB 格式不兼容；删除并重新生成；正在链接对象，如同没有调试信息一样
liveMedia.lib(H263plusVideoRTPSource.obj) : warning LNK4208: “”中的 PDB 格式不兼容；删除并重新生成；正在链接对象，如同没有调试信息一样
liveMedia.lib(H263plusVideoRTPSource.obj) : warning LNK4208: “”中的 PDB 格式不兼容；删除并重新生成；正在链接对象，如同没有调试信息一样
liveMedia.lib(H263plusVideoRTPSource.obj) : warning LNK4208: “”中的 PDB 格式不兼容；删除并重新生成；正在链接对象，如同没有调试信息一样
liveMedia.lib(H263plusVideoRTPSource.obj) : warning LNK4208: “”中的 PDB 格式不兼容；删除并重新生成；正在链接对象，如同没有调试信息一样
liveMedia.lib(H263plusVideoRTPSource.obj) : warning LNK4208: “”中的 PDB 格式不兼容；删除并重新生成；正在链接对象，如同没有调试信息一样
liveMedia.lib(H263plusVideoRTPSource.obj) : warning LNK4208: “”中的 PDB 格式不兼容；删除并重新生成；正在链接对象，如同没有调试信息一样
liveMedia.lib(H263plusVideoRTPSource.obj) : warning LNK4208: “”中的 PDB 格式不兼容；删除并重新生成；正在链接对象，如同没有调试信息一样
liveMedia.lib(H263plusVideoRTPSource.obj) : warning LNK4208: “”中的 PDB 格式不兼容；删除并重新生成；正在链接对象，如同没有调试信息一样
liveMedia.lib(H263plusVideoRTPSource.obj) : warning LNK4208: “”中的 PDB 格式不兼容；删除并重新生成；正在链接对象，如同没有调试信息一样
liveMedia.lib(H263plusVideoRTPSource.obj) : warning LNK4208: “”中的 PDB 格式不兼容；删除并重新生成；正在链接对象，如同没有调试信息一样
liveMedia.lib(H263plusVideoRTPSource.obj) : warning LNK4208: “”中的 PDB 格式不兼容；删除并重新生成；正在链接对象，如同没有调试信息一样
liveMedia.lib(H263plusVideoRTPSource.obj) : warning LNK4208: “”中的 PDB 格式不兼容；删除并重新生成；正在链接对象，如同没有调试信息一样
liveMedia.lib(H263plusVideoRTPSource.obj) : warning LNK4208: “”中的 PDB 格式不兼容；删除并重新生成；正在链接对象，如同没有调试信息一样
liveMedia.lib(H263plusVideoRTPSource.obj) : warning LNK4208: “”中的 PDB 格式不兼容；删除并重新生成；正在链接对象，如同没有调试信息一样
liveMedia.lib(H263plusVideoRTPSource.obj) : warning LNK4208: “”中的 PDB 格式不兼容；删除并重新生成；正在链接对象，如同没有调试信息一样
liveMedia.lib(H263plusVideoRTPSource.obj) : warning LNK4208: “”中的 PDB 格式不兼容；删除并重新生成；正在链接对象，如同没有调试信息一样
liveMedia.lib(H263plusVideoRTPSource.obj) : warning LNK4208: “”中的 PDB 格式不兼容；删除并重新生成；正在链接对象，如同没有调试信息一样
liveMedia.lib(H263plusVideoRTPSource.obj) : warning LNK4208: “”中的 PDB 格式不兼容；删除并重新生成；正在链接对象，如同没有调试信息一样
liveMedia.lib(H263plusVideoRTPSource.obj) : warning LNK4208: “”中的 PDB 格式不兼容；删除并重新生成；正在链接对象，如同没有调试信息一样
liveMedia.lib(H263plusVideoRTPSource.obj) : warning LNK4208: “”中的 PDB 格式不兼容；删除并重新生成；正在链接对象，如同没有调试信息一样
liveMedia.lib(H263plusVideoRTPSource.obj) : warning LNK4208: “”中的 PDB 格式不兼容；删除并重新生成；正在链接对象，如同没有调试信息一样
liveMedia.lib(H263plusVideoRTPSource.obj) : warning LNK4208: “”中的 PDB 格式不兼容；删除并重新生成；正在链接对象，如同没有调试信息一样
liveMedia.lib(H263plusVideoRTPSource.obj) : warning LNK4208: “”中的 PDB 格式不兼容；删除并重新生成；正在链接对象，如同没有调试信息一样
liveMedia.lib(H263plusVideoRTPSource.obj) : warning LNK4208: “”中的 PDB 格式不兼容；删除并重新生成；正在链接对象，如同没有调试信息一样
liveMedia.lib(H263plusVideoRTPSource.obj) : warning LNK4208: “”中的 PDB 格式不兼容；删除并重新生成；正在链接对象，如同没有调试信息一样
liveMedia.lib(H263plusVideoRTPSource.obj) : warning LNK4208: “”中的 PDB 格式不兼容；删除并重新生成；正在链接对象，如同没有调试信息一样
liveMedia.lib(H265VideoRTPSource.obj) : warning LNK4208: “”中的 PDB 格式不兼容；删除并重新生成；正在链接对象，如同没有调试信息一样
liveMedia.lib(H265VideoRTPSource.obj) : warning LNK4208: “”中的 PDB 格式不兼容；删除并重新生成；正在链接对象，如同没有调试信息一样
liveMedia.lib(H265VideoRTPSource.obj) : warning LNK4208: “”中的 PDB 格式不兼容；删除并重新生成；正在链接对象，如同没有调试信息一样
liveMedia.lib(H265VideoRTPSource.obj) : warning LNK4208: “”中的 PDB 格式不兼容；删除并重新生成；正在链接对象，如同没有调试信息一样
liveMedia.lib(H265VideoRTPSource.obj) : warning LNK4208: “”中的 PDB 格式不兼容；删除并重新生成；正在链接对象，如同没有调试信息一样
liveMedia.lib(H265VideoRTPSource.obj) : warning LNK4208: “”中的 PDB 格式不兼容；删除并重新生成；正在链接对象，如同没有调试信息一样
liveMedia.lib(H265VideoRTPSource.obj) : warning LNK4208: “”中的 PDB 格式不兼容；删除并重新生成；正在链接对象，如同没有调试信息一样
liveMedia.lib(H265VideoRTPSource.obj) : warning LNK4208: “”中的 PDB 格式不兼容；删除并重新生成；正在链接对象，如同没有调试信息一样
liveMedia.lib(H265VideoRTPSource.obj) : warning LNK4208: “”中的 PDB 格式不兼容；删除并重新生成；正在链接对象，如同没有调试信息一样
liveMedia.lib(H265VideoRTPSource.obj) : warning LNK4208: “”中的 PDB 格式不兼容；删除并重新生成；正在链接对象，如同没有调试信息一样
liveMedia.lib(H265VideoRTPSource.obj) : warning LNK4208: “”中的 PDB 格式不兼容；删除并重新生成；正在链接对象，如同没有调试信息一样
liveMedia.lib(H265VideoRTPSource.obj) : warning LNK4208: “”中的 PDB 格式不兼容；删除并重新生成；正在链接对象，如同没有调试信息一样
liveMedia.lib(H265VideoRTPSource.obj) : warning LNK4208: “”中的 PDB 格式不兼容；删除并重新生成；正在链接对象，如同没有调试信息一样
liveMedia.lib(H265VideoRTPSource.obj) : warning LNK4208: “”中的 PDB 格式不兼容；删除并重新生成；正在链接对象，如同没有调试信息一样
liveMedia.lib(H265VideoRTPSource.obj) : warning LNK4208: “”中的 PDB 格式不兼容；删除并重新生成；正在链接对象，如同没有调试信息一样
liveMedia.lib(H265VideoRTPSource.obj) : warning LNK4208: “”中的 PDB 格式不兼容；删除并重新生成；正在链接对象，如同没有调试信息一样
liveMedia.lib(H265VideoRTPSource.obj) : warning LNK4208: “”中的 PDB 格式不兼容；删除并重新生成；正在链接对象，如同没有调试信息一样
liveMedia.lib(H265VideoRTPSource.obj) : warning LNK4208: “”中的 PDB 格式不兼容；删除并重新生成；正在链接对象，如同没有调试信息一样
liveMedia.lib(H265VideoRTPSource.obj) : warning LNK4208: “”中的 PDB 格式不兼容；删除并重新生成；正在链接对象，如同没有调试信息一样
liveMedia.lib(H265VideoRTPSource.obj) : warning LNK4208: “”中的 PDB 格式不兼容；删除并重新生成；正在链接对象，如同没有调试信息一样
liveMedia.lib(H265VideoRTPSource.obj) : warning LNK4208: “”中的 PDB 格式不兼容；删除并重新生成；正在链接对象，如同没有调试信息一样
liveMedia.lib(H265VideoRTPSource.obj) : warning LNK4208: “”中的 PDB 格式不兼容；删除并重新生成；正在链接对象，如同没有调试信息一样
liveMedia.lib(H265VideoRTPSource.obj) : warning LNK4208: “”中的 PDB 格式不兼容；删除并重新生成；正在链接对象，如同没有调试信息一样
liveMedia.lib(H265VideoRTPSource.obj) : warning LNK4208: “”中的 PDB 格式不兼容；删除并重新生成；正在链接对象，如同没有调试信息一样
liveMedia.lib(H265VideoRTPSource.obj) : warning LNK4208: “”中的 PDB 格式不兼容；删除并重新生成；正在链接对象，如同没有调试信息一样
liveMedia.lib(H265VideoRTPSource.obj) : warning LNK4208: “”中的 PDB 格式不兼容；删除并重新生成；正在链接对象，如同没有调试信息一样
liveMedia.lib(H265VideoRTPSource.obj) : warning LNK4208: “”中的 PDB 格式不兼容；删除并重新生成；正在链接对象，如同没有调试信息一样
liveMedia.lib(H265VideoRTPSource.obj) : warning LNK4208: “”中的 PDB 格式不兼容；删除并重新生成；正在链接对象，如同没有调试信息一样
liveMedia.lib(H265VideoRTPSource.obj) : warning LNK4208: “”中的 PDB 格式不兼容；删除并重新生成；正在链接对象，如同没有调试信息一样
liveMedia.lib(H265VideoRTPSource.obj) : warning LNK4208: “”中的 PDB 格式不兼容；删除并重新生成；正在链接对象，如同没有调试信息一样
liveMedia.lib(H265VideoRTPSource.obj) : warning LNK4208: “”中的 PDB 格式不兼容；删除并重新生成；正在链接对象，如同没有调试信息一样
liveMedia.lib(H263plusVideoRTPSource.obj) : warning LNK4208: “”中的 PDB 格式不兼容；删除并重新生成；正在链接对象，如同没有调试信息一样
liveMedia.lib(H265VideoRTPSource.obj) : warning LNK4208: “”中的 PDB 格式不兼容；删除并重新生成；正在链接对象，如同没有调试信息一样
liveMedia.lib(H265VideoRTPSource.obj) : warning LNK4208: “”中的 PDB 格式不兼容；删除并重新生成；正在链接对象，如同没有调试信息一样
liveMedia.lib(H265VideoRTPSource.obj) : warning LNK4208: “”中的 PDB 格式不兼容；删除并重新生成；正在链接对象，如同没有调试信息一样
liveMedia.lib(H265VideoRTPSource.obj) : warning LNK4208: “”中的 PDB 格式不兼容；删除并重新生成；正在链接对象，如同没有调试信息一样
liveMedia.lib(H265VideoRTPSource.obj) : warning LNK4208: “”中的 PDB 格式不兼容；删除并重新生成；正在链接对象，如同没有调试信息一样
liveMedia.lib(H265VideoRTPSource.obj) : warning LNK4208: “”中的 PDB 格式不兼容；删除并重新生成；正在链接对象，如同没有调试信息一样
liveMedia.lib(H265VideoRTPSource.obj) : warning LNK4208: “”中的 PDB 格式不兼容；删除并重新生成；正在链接对象，如同没有调试信息一样
liveMedia.lib(H265VideoRTPSource.obj) : warning LNK4208: “”中的 PDB 格式不兼容；删除并重新生成；正在链接对象，如同没有调试信息一样
liveMedia.lib(H265VideoRTPSource.obj) : warning LNK4208: “”中的 PDB 格式不兼容；删除并重新生成；正在链接对象，如同没有调试信息一样
liveMedia.lib(H265VideoRTPSource.obj) : warning LNK4208: “”中的 PDB 格式不兼容；删除并重新生成；正在链接对象，如同没有调试信息一样
liveMedia.lib(H265VideoRTPSource.obj) : warning LNK4208: “”中的 PDB 格式不兼容；删除并重新生成；正在链接对象，如同没有调试信息一样
liveMedia.lib(H265VideoRTPSource.obj) : warning LNK4208: “”中的 PDB 格式不兼容；删除并重新生成；正在链接对象，如同没有调试信息一样
liveMedia.lib(H265VideoRTPSource.obj) : warning LNK4208: “”中的 PDB 格式不兼容；删除并重新生成；正在链接对象，如同没有调试信息一样
liveMedia.lib(H265VideoRTPSource.obj) : warning LNK4208: “”中的 PDB 格式不兼容；删除并重新生成；正在链接对象，如同没有调试信息一样
liveMedia.lib(H265VideoRTPSource.obj) : warning LNK4208: “”中的 PDB 格式不兼容；删除并重新生成；正在链接对象，如同没有调试信息一样
liveMedia.lib(H265VideoRTPSource.obj) : warning LNK4208: “”中的 PDB 格式不兼容；删除并重新生成；正在链接对象，如同没有调试信息一样
liveMedia.lib(H265VideoRTPSource.obj) : warning LNK4208: “”中的 PDB 格式不兼容；删除并重新生成；正在链接对象，如同没有调试信息一样
liveMedia.lib(H265VideoRTPSource.obj) : warning LNK4208: “”中的 PDB 格式不兼容；删除并重新生成；正在链接对象，如同没有调试信息一样
liveMedia.lib(H265VideoRTPSource.obj) : warning LNK4208: “”中的 PDB 格式不兼容；删除并重新生成；正在链接对象，如同没有调试信息一样
liveMedia.lib(H265VideoRTPSource.obj) : warning LNK4208: “”中的 PDB 格式不兼容；删除并重新生成；正在链接对象，如同没有调试信息一样
liveMedia.lib(H265VideoRTPSource.obj) : warning LNK4208: “”中的 PDB 格式不兼容；删除并重新生成；正在链接对象，如同没有调试信息一样
liveMedia.lib(H265VideoRTPSource.obj) : warning LNK4208: “”中的 PDB 格式不兼容；删除并重新生成；正在链接对象，如同没有调试信息一样
liveMedia.lib(H265VideoRTPSource.obj) : warning LNK4208: “”中的 PDB 格式不兼容；删除并重新生成；正在链接对象，如同没有调试信息一样
liveMedia.lib(H265VideoRTPSource.obj) : warning LNK4208: “”中的 PDB 格式不兼容；删除并重新生成；正在链接对象，如同没有调试信息一样
liveMedia.lib(H265VideoRTPSource.obj) : warning LNK4208: “”中的 PDB 格式不兼容；删除并重新生成；正在链接对象，如同没有调试信息一样
liveMedia.lib(H265VideoRTPSource.obj) : warning LNK4208: “”中的 PDB 格式不兼容；删除并重新生成；正在链接对象，如同没有调试信息一样
liveMedia.lib(H265VideoRTPSource.obj) : warning LNK4208: “”中的 PDB 格式不兼容；删除并重新生成；正在链接对象，如同没有调试信息一样
liveMedia.lib(H265VideoRTPSource.obj) : warning LNK4208: “”中的 PDB 格式不兼容；删除并重新生成；正在链接对象，如同没有调试信息一样
liveMedia.lib(H265VideoRTPSource.obj) : warning LNK4208: “”中的 PDB 格式不兼容；删除并重新生成；正在链接对象，如同没有调试信息一样
liveMedia.lib(H265VideoRTPSource.obj) : warning LNK4208: “”中的 PDB 格式不兼容；删除并重新生成；正在链接对象，如同没有调试信息一样
liveMedia.lib(H265VideoRTPSource.obj) : warning LNK4208: “”中的 PDB 格式不兼容；删除并重新生成；正在链接对象，如同没有调试信息一样
liveMedia.lib(H265VideoRTPSource.obj) : warning LNK4208: “”中的 PDB 格式不兼容；删除并重新生成；正在链接对象，如同没有调试信息一样
liveMedia.lib(H265VideoRTPSource.obj) : warning LNK4208: “”中的 PDB 格式不兼容；删除并重新生成；正在链接对象，如同没有调试信息一样
liveMedia.lib(H265VideoRTPSource.obj) : warning LNK4208: “”中的 PDB 格式不兼容；删除并重新生成；正在链接对象，如同没有调试信息一样
liveMedia.lib(H265VideoRTPSource.obj) : warning LNK4208: “”中的 PDB 格式不兼容；删除并重新生成；正在链接对象，如同没有调试信息一样
liveMedia.lib(H265VideoRTPSource.obj) : warning LNK4208: “”中的 PDB 格式不兼容；删除并重新生成；正在链接对象，如同没有调试信息一样
liveMedia.lib(H265VideoRTPSource.obj) : warning LNK4208: “”中的 PDB 格式不兼容；删除并重新生成；正在链接对象，如同没有调试信息一样
liveMedia.lib(H265VideoRTPSource.obj) : warning LNK4208: “”中的 PDB 格式不兼容；删除并重新生成；正在链接对象，如同没有调试信息一样
liveMedia.lib(H265VideoRTPSource.obj) : warning LNK4208: “”中的 PDB 格式不兼容；删除并重新生成；正在链接对象，如同没有调试信息一样
liveMedia.lib(H265VideoRTPSource.obj) : warning LNK4208: “”中的 PDB 格式不兼容；删除并重新生成；正在链接对象，如同没有调试信息一样
liveMedia.lib(MP3ADU.obj) : warning LNK4208: “”中的 PDB 格式不兼容；删除并重新生成；正在链接对象，如同没有调试信息一样
liveMedia.lib(MP3ADU.obj) : warning LNK4208: “”中的 PDB 格式不兼容；删除并重新生成；正在链接对象，如同没有调试信息一样
liveMedia.lib(MP3ADU.obj) : warning LNK4208: “”中的 PDB 格式不兼容；删除并重新生成；正在链接对象，如同没有调试信息一样
liveMedia.lib(MP3ADU.obj) : warning LNK4208: “”中的 PDB 格式不兼容；删除并重新生成；正在链接对象，如同没有调试信息一样
liveMedia.lib(H265VideoRTPSource.obj) : warning LNK4208: “”中的 PDB 格式不兼容；删除并重新生成；正在链接对象，如同没有调试信息一样
liveMedia.lib(H265VideoRTPSource.obj) : warning LNK4208: “”中的 PDB 格式不兼容；删除并重新生成；正在链接对象，如同没有调试信息一样
liveMedia.lib(MP3ADU.obj) : warning LNK4208: “”中的 PDB 格式不兼容；删除并重新生成；正在链接对象，如同没有调试信息一样
liveMedia.lib(MP3ADU.obj) : warning LNK4208: “”中的 PDB 格式不兼容；删除并重新生成；正在链接对象，如同没有调试信息一样
liveMedia.lib(MP3ADU.obj) : warning LNK4208: “”中的 PDB 格式不兼容；删除并重新生成；正在链接对象，如同没有调试信息一样
liveMedia.lib(MP3ADU.obj) : warning LNK4208: “”中的 PDB 格式不兼容；删除并重新生成；正在链接对象，如同没有调试信息一样
liveMedia.lib(MP3ADU.obj) : warning LNK4208: “”中的 PDB 格式不兼容；删除并重新生成；正在链接对象，如同没有调试信息一样
liveMedia.lib(MP3ADU.obj) : warning LNK4208: “”中的 PDB 格式不兼容；删除并重新生成；正在链接对象，如同没有调试信息一样
liveMedia.lib(MP3ADU.obj) : warning LNK4208: “”中的 PDB 格式不兼容；删除并重新生成；正在链接对象，如同没有调试信息一样
liveMedia.lib(MP3ADU.obj) : warning LNK4208: “”中的 PDB 格式不兼容；删除并重新生成；正在链接对象，如同没有调试信息一样
liveMedia.lib(MP3ADU.obj) : warning LNK4208: “”中的 PDB 格式不兼容；删除并重新生成；正在链接对象，如同没有调试信息一样
liveMedia.lib(MP3ADU.obj) : warning LNK4208: “”中的 PDB 格式不兼容；删除并重新生成；正在链接对象，如同没有调试信息一样
liveMedia.lib(MP3ADU.obj) : warning LNK4208: “”中的 PDB 格式不兼容；删除并重新生成；正在链接对象，如同没有调试信息一样
liveMedia.lib(MP3ADU.obj) : warning LNK4208: “”中的 PDB 格式不兼容；删除并重新生成；正在链接对象，如同没有调试信息一样
liveMedia.lib(MP3ADU.obj) : warning LNK4208: “”中的 PDB 格式不兼容；删除并重新生成；正在链接对象，如同没有调试信息一样
liveMedia.lib(MP3ADU.obj) : warning LNK4208: “”中的 PDB 格式不兼容；删除并重新生成；正在链接对象，如同没有调试信息一样
liveMedia.lib(MP3ADU.obj) : warning LNK4208: “”中的 PDB 格式不兼容；删除并重新生成；正在链接对象，如同没有调试信息一样
liveMedia.lib(MP3ADU.obj) : warning LNK4208: “”中的 PDB 格式不兼容；删除并重新生成；正在链接对象，如同没有调试信息一样
liveMedia.lib(MP3ADU.obj) : warning LNK4208: “”中的 PDB 格式不兼容；删除并重新生成；正在链接对象，如同没有调试信息一样
liveMedia.lib(MP3ADU.obj) : warning LNK4208: “”中的 PDB 格式不兼容；删除并重新生成；正在链接对象，如同没有调试信息一样
liveMedia.lib(MP3ADU.obj) : warning LNK4208: “”中的 PDB 格式不兼容；删除并重新生成；正在链接对象，如同没有调试信息一样
liveMedia.lib(MP3ADU.obj) : warning LNK4208: “”中的 PDB 格式不兼容；删除并重新生成；正在链接对象，如同没有调试信息一样
liveMedia.lib(MP3ADU.obj) : warning LNK4208: “”中的 PDB 格式不兼容；删除并重新生成；正在链接对象，如同没有调试信息一样
liveMedia.lib(MP3ADU.obj) : warning LNK4208: “”中的 PDB 格式不兼容；删除并重新生成；正在链接对象，如同没有调试信息一样
liveMedia.lib(MP3ADU.obj) : warning LNK4208: “”中的 PDB 格式不兼容；删除并重新生成；正在链接对象，如同没有调试信息一样
liveMedia.lib(MP3ADU.obj) : warning LNK4208: “”中的 PDB 格式不兼容；删除并重新生成；正在链接对象，如同没有调试信息一样
liveMedia.lib(MP3ADU.obj) : warning LNK4208: “”中的 PDB 格式不兼容；删除并重新生成；正在链接对象，如同没有调试信息一样
liveMedia.lib(MP3ADU.obj) : warning LNK4208: “”中的 PDB 格式不兼容；删除并重新生成；正在链接对象，如同没有调试信息一样
liveMedia.lib(MP3ADU.obj) : warning LNK4208: “”中的 PDB 格式不兼容；删除并重新生成；正在链接对象，如同没有调试信息一样
liveMedia.lib(MP3ADU.obj) : warning LNK4208: “”中的 PDB 格式不兼容；删除并重新生成；正在链接对象，如同没有调试信息一样
liveMedia.lib(MP3ADU.obj) : warning LNK4208: “”中的 PDB 格式不兼容；删除并重新生成；正在链接对象，如同没有调试信息一样
liveMedia.lib(MP3ADU.obj) : warning LNK4208: “”中的 PDB 格式不兼容；删除并重新生成；正在链接对象，如同没有调试信息一样
liveMedia.lib(MP3ADU.obj) : warning LNK4208: “”中的 PDB 格式不兼容；删除并重新生成；正在链接对象，如同没有调试信息一样
liveMedia.lib(MP3ADU.obj) : warning LNK4208: “”中的 PDB 格式不兼容；删除并重新生成；正在链接对象，如同没有调试信息一样
liveMedia.lib(MP3ADU.obj) : warning LNK4208: “”中的 PDB 格式不兼容；删除并重新生成；正在链接对象，如同没有调试信息一样
liveMedia.lib(MP3ADU.obj) : warning LNK4208: “”中的 PDB 格式不兼容；删除并重新生成；正在链接对象，如同没有调试信息一样
liveMedia.lib(MP3ADU.obj) : warning LNK4208: “”中的 PDB 格式不兼容；删除并重新生成；正在链接对象，如同没有调试信息一样
liveMedia.lib(MP3ADU.obj) : warning LNK4208: “”中的 PDB 格式不兼容；删除并重新生成；正在链接对象，如同没有调试信息一样
liveMedia.lib(MP3ADU.obj) : warning LNK4208: “”中的 PDB 格式不兼容；删除并重新生成；正在链接对象，如同没有调试信息一样
liveMedia.lib(MP3ADU.obj) : warning LNK4208: “”中的 PDB 格式不兼容；删除并重新生成；正在链接对象，如同没有调试信息一样
liveMedia.lib(MP3ADU.obj) : warning LNK4208: “”中的 PDB 格式不兼容；删除并重新生成；正在链接对象，如同没有调试信息一样
liveMedia.lib(MP3ADU.obj) : warning LNK4208: “”中的 PDB 格式不兼容；删除并重新生成；正在链接对象，如同没有调试信息一样
liveMedia.lib(MP3ADU.obj) : warning LNK4208: “”中的 PDB 格式不兼容；删除并重新生成；正在链接对象，如同没有调试信息一样
liveMedia.lib(MP3ADU.obj) : warning LNK4208: “”中的 PDB 格式不兼容；删除并重新生成；正在链接对象，如同没有调试信息一样
liveMedia.lib(MP3ADU.obj) : warning LNK4208: “”中的 PDB 格式不兼容；删除并重新生成；正在链接对象，如同没有调试信息一样
liveMedia.lib(MP3ADU.obj) : warning LNK4208: “”中的 PDB 格式不兼容；删除并重新生成；正在链接对象，如同没有调试信息一样
liveMedia.lib(MP3ADU.obj) : warning LNK4208: “”中的 PDB 格式不兼容；删除并重新生成；正在链接对象，如同没有调试信息一样
liveMedia.lib(MP3ADU.obj) : warning LNK4208: “”中的 PDB 格式不兼容；删除并重新生成；正在链接对象，如同没有调试信息一样
liveMedia.lib(H261VideoRTPSource.obj) : warning LNK4208: “”中的 PDB 格式不兼容；删除并重新生成；正在链接对象，如同没有调试信息一样
liveMedia.lib(MP3ADU.obj) : warning LNK4208: “”中的 PDB 格式不兼容；删除并重新生成；正在链接对象，如同没有调试信息一样
liveMedia.lib(MP3ADU.obj) : warning LNK4208: “”中的 PDB 格式不兼容；删除并重新生成；正在链接对象，如同没有调试信息一样
liveMedia.lib(MP3ADU.obj) : warning LNK4208: “”中的 PDB 格式不兼容；删除并重新生成；正在链接对象，如同没有调试信息一样
liveMedia.lib(MP3ADU.obj) : warning LNK4208: “”中的 PDB 格式不兼容；删除并重新生成；正在链接对象，如同没有调试信息一样
liveMedia.lib(MP3ADU.obj) : warning LNK4208: “”中的 PDB 格式不兼容；删除并重新生成；正在链接对象，如同没有调试信息一样
liveMedia.lib(MP3ADU.obj) : warning LNK4208: “”中的 PDB 格式不兼容；删除并重新生成；正在链接对象，如同没有调试信息一样
liveMedia.lib(MP3ADU.obj) : warning LNK4208: “”中的 PDB 格式不兼容；删除并重新生成；正在链接对象，如同没有调试信息一样
liveMedia.lib(MP3ADU.obj) : warning LNK4208: “”中的 PDB 格式不兼容；删除并重新生成；正在链接对象，如同没有调试信息一样
liveMedia.lib(MP3ADU.obj) : warning LNK4208: “”中的 PDB 格式不兼容；删除并重新生成；正在链接对象，如同没有调试信息一样
liveMedia.lib(MP3ADU.obj) : warning LNK4208: “”中的 PDB 格式不兼容；删除并重新生成；正在链接对象，如同没有调试信息一样
liveMedia.lib(MP3ADU.obj) : warning LNK4208: “”中的 PDB 格式不兼容；删除并重新生成；正在链接对象，如同没有调试信息一样
liveMedia.lib(MP3ADU.obj) : warning LNK4208: “”中的 PDB 格式不兼容；删除并重新生成；正在链接对象，如同没有调试信息一样
liveMedia.lib(MP3ADU.obj) : warning LNK4208: “”中的 PDB 格式不兼容；删除并重新生成；正在链接对象，如同没有调试信息一样
liveMedia.lib(MP3ADU.obj) : warning LNK4208: “”中的 PDB 格式不兼容；删除并重新生成；正在链接对象，如同没有调试信息一样
liveMedia.lib(MP3ADU.obj) : warning LNK4208: “”中的 PDB 格式不兼容；删除并重新生成；正在链接对象，如同没有调试信息一样
liveMedia.lib(MP3ADU.obj) : warning LNK4208: “”中的 PDB 格式不兼容；删除并重新生成；正在链接对象，如同没有调试信息一样
liveMedia.lib(MP3ADU.obj) : warning LNK4208: “”中的 PDB 格式不兼容；删除并重新生成；正在链接对象，如同没有调试信息一样
liveMedia.lib(MP3ADU.obj) : warning LNK4208: “”中的 PDB 格式不兼容；删除并重新生成；正在链接对象，如同没有调试信息一样
liveMedia.lib(MP3ADU.obj) : warning LNK4208: “”中的 PDB 格式不兼容；删除并重新生成；正在链接对象，如同没有调试信息一样
liveMedia.lib(MP3ADU.obj) : warning LNK4208: “”中的 PDB 格式不兼容；删除并重新生成；正在链接对象，如同没有调试信息一样
liveMedia.lib(MP3ADU.obj) : warning LNK4208: “”中的 PDB 格式不兼容；删除并重新生成；正在链接对象，如同没有调试信息一样
liveMedia.lib(MP3ADU.obj) : warning LNK4208: “”中的 PDB 格式不兼容；删除并重新生成；正在链接对象，如同没有调试信息一样
liveMedia.lib(MP3ADU.obj) : warning LNK4208: “”中的 PDB 格式不兼容；删除并重新生成；正在链接对象，如同没有调试信息一样
liveMedia.lib(MP3ADU.obj) : warning LNK4208: “”中的 PDB 格式不兼容；删除并重新生成；正在链接对象，如同没有调试信息一样
liveMedia.lib(MP3ADU.obj) : warning LNK4208: “”中的 PDB 格式不兼容；删除并重新生成；正在链接对象，如同没有调试信息一样
liveMedia.lib(MP3ADU.obj) : warning LNK4208: “”中的 PDB 格式不兼容；删除并重新生成；正在链接对象，如同没有调试信息一样
liveMedia.lib(MP3ADU.obj) : warning LNK4208: “”中的 PDB 格式不兼容；删除并重新生成；正在链接对象，如同没有调试信息一样
liveMedia.lib(MP3ADU.obj) : warning LNK4208: “”中的 PDB 格式不兼容；删除并重新生成；正在链接对象，如同没有调试信息一样
liveMedia.lib(MP3ADU.obj) : warning LNK4208: “”中的 PDB 格式不兼容；删除并重新生成；正在链接对象，如同没有调试信息一样
liveMedia.lib(MP3ADU.obj) : warning LNK4208: “”中的 PDB 格式不兼容；删除并重新生成；正在链接对象，如同没有调试信息一样
liveMedia.lib(MP3ADU.obj) : warning LNK4208: “”中的 PDB 格式不兼容；删除并重新生成；正在链接对象，如同没有调试信息一样
liveMedia.lib(MP3ADU.obj) : warning LNK4208: “”中的 PDB 格式不兼容；删除并重新生成；正在链接对象，如同没有调试信息一样
liveMedia.lib(MP3ADU.obj) : warning LNK4208: “”中的 PDB 格式不兼容；删除并重新生成；正在链接对象，如同没有调试信息一样
liveMedia.lib(MP3ADU.obj) : warning LNK4208: “”中的 PDB 格式不兼容；删除并重新生成；正在链接对象，如同没有调试信息一样
liveMedia.lib(MP3ADU.obj) : warning LNK4208: “”中的 PDB 格式不兼容；删除并重新生成；正在链接对象，如同没有调试信息一样
liveMedia.lib(MP3ADU.obj) : warning LNK4208: “”中的 PDB 格式不兼容；删除并重新生成；正在链接对象，如同没有调试信息一样
liveMedia.lib(MP3ADU.obj) : warning LNK4208: “”中的 PDB 格式不兼容；删除并重新生成；正在链接对象，如同没有调试信息一样
liveMedia.lib(MP3ADU.obj) : warning LNK4208: “”中的 PDB 格式不兼容；删除并重新生成；正在链接对象，如同没有调试信息一样
liveMedia.lib(MP3ADU.obj) : warning LNK4208: “”中的 PDB 格式不兼容；删除并重新生成；正在链接对象，如同没有调试信息一样
liveMedia.lib(MP3ADU.obj) : warning LNK4208: “”中的 PDB 格式不兼容；删除并重新生成；正在链接对象，如同没有调试信息一样
liveMedia.lib(MP3ADU.obj) : warning LNK4208: “”中的 PDB 格式不兼容；删除并重新生成；正在链接对象，如同没有调试信息一样
liveMedia.lib(MP3ADU.obj) : warning LNK4208: “”中的 PDB 格式不兼容；删除并重新生成；正在链接对象，如同没有调试信息一样
liveMedia.lib(MP3ADU.obj) : warning LNK4208: “”中的 PDB 格式不兼容；删除并重新生成；正在链接对象，如同没有调试信息一样
liveMedia.lib(MP3ADU.obj) : warning LNK4208: “”中的 PDB 格式不兼容；删除并重新生成；正在链接对象，如同没有调试信息一样
liveMedia.lib(MP3ADU.obj) : warning LNK4208: “”中的 PDB 格式不兼容；删除并重新生成；正在链接对象，如同没有调试信息一样
liveMedia.lib(MP3ADU.obj) : warning LNK4208: “”中的 PDB 格式不兼容；删除并重新生成；正在链接对象，如同没有调试信息一样
liveMedia.lib(MP3ADU.obj) : warning LNK4208: “”中的 PDB 格式不兼容；删除并重新生成；正在链接对象，如同没有调试信息一样
liveMedia.lib(MP3ADU.obj) : warning LNK4208: “”中的 PDB 格式不兼容；删除并重新生成；正在链接对象，如同没有调试信息一样
liveMedia.lib(MP3ADU.obj) : warning LNK4208: “”中的 PDB 格式不兼容；删除并重新生成；正在链接对象，如同没有调试信息一样
liveMedia.lib(MP3ADU.obj) : warning LNK4208: “”中的 PDB 格式不兼容；删除并重新生成；正在链接对象，如同没有调试信息一样
liveMedia.lib(MP3ADU.obj) : warning LNK4208: “”中的 PDB 格式不兼容；删除并重新生成；正在链接对象，如同没有调试信息一样
liveMedia.lib(MP3ADU.obj) : warning LNK4208: “”中的 PDB 格式不兼容；删除并重新生成；正在链接对象，如同没有调试信息一样
liveMedia.lib(MP3ADU.obj) : warning LNK4208: “”中的 PDB 格式不兼容；删除并重新生成；正在链接对象，如同没有调试信息一样
liveMedia.lib(MP3ADU.obj) : warning LNK4208: “”中的 PDB 格式不兼容；删除并重新生成；正在链接对象，如同没有调试信息一样
liveMedia.lib(MP3ADU.obj) : warning LNK4208: “”中的 PDB 格式不兼容；删除并重新生成；正在链接对象，如同没有调试信息一样
liveMedia.lib(MP3ADU.obj) : warning LNK4208: “”中的 PDB 格式不兼容；删除并重新生成；正在链接对象，如同没有调试信息一样
liveMedia.lib(MP3ADU.obj) : warning LNK4208: “”中的 PDB 格式不兼容；删除并重新生成；正在链接对象，如同没有调试信息一样
liveMedia.lib(MP3ADU.obj) : warning LNK4208: “”中的 PDB 格式不兼容；删除并重新生成；正在链接对象，如同没有调试信息一样
liveMedia.lib(MP3ADU.obj) : warning LNK4208: “”中的 PDB 格式不兼容；删除并重新生成；正在链接对象，如同没有调试信息一样
liveMedia.lib(MP3ADU.obj) : warning LNK4208: “”中的 PDB 格式不兼容；删除并重新生成；正在链接对象，如同没有调试信息一样
liveMedia.lib(MP3ADU.obj) : warning LNK4208: “”中的 PDB 格式不兼容；删除并重新生成；正在链接对象，如同没有调试信息一样
liveMedia.lib(MP3ADU.obj) : warning LNK4208: “”中的 PDB 格式不兼容；删除并重新生成；正在链接对象，如同没有调试信息一样
liveMedia.lib(MP3ADU.obj) : warning LNK4208: “”中的 PDB 格式不兼容；删除并重新生成；正在链接对象，如同没有调试信息一样
liveMedia.lib(MP3ADUinterleaving.obj) : warning LNK4208: “”中的 PDB 格式不兼容；删除并重新生成；正在链接对象，如同没有调试信息一样
liveMedia.lib(MP3ADUinterleaving.obj) : warning LNK4208: “”中的 PDB 格式不兼容；删除并重新生成；正在链接对象，如同没有调试信息一样
liveMedia.lib(MP3ADUinterleaving.obj) : warning LNK4208: “”中的 PDB 格式不兼容；删除并重新生成；正在链接对象，如同没有调试信息一样
liveMedia.lib(MP3ADUinterleaving.obj) : warning LNK4208: “”中的 PDB 格式不兼容；删除并重新生成；正在链接对象，如同没有调试信息一样
liveMedia.lib(MP3ADUinterleaving.obj) : warning LNK4208: “”中的 PDB 格式不兼容；删除并重新生成；正在链接对象，如同没有调试信息一样
liveMedia.lib(MP3ADUinterleaving.obj) : warning LNK4208: “”中的 PDB 格式不兼容；删除并重新生成；正在链接对象，如同没有调试信息一样
liveMedia.lib(MP3ADUinterleaving.obj) : warning LNK4208: “”中的 PDB 格式不兼容；删除并重新生成；正在链接对象，如同没有调试信息一样
liveMedia.lib(MP3ADUinterleaving.obj) : warning LNK4208: “”中的 PDB 格式不兼容；删除并重新生成；正在链接对象，如同没有调试信息一样
liveMedia.lib(MP3ADUinterleaving.obj) : warning LNK4208: “”中的 PDB 格式不兼容；删除并重新生成；正在链接对象，如同没有调试信息一样
liveMedia.lib(MP3ADUinterleaving.obj) : warning LNK4208: “”中的 PDB 格式不兼容；删除并重新生成；正在链接对象，如同没有调试信息一样
liveMedia.lib(MP3ADUinterleaving.obj) : warning LNK4208: “”中的 PDB 格式不兼容；删除并重新生成；正在链接对象，如同没有调试信息一样
liveMedia.lib(MP3ADUinterleaving.obj) : warning LNK4208: “”中的 PDB 格式不兼容；删除并重新生成；正在链接对象，如同没有调试信息一样
liveMedia.lib(MP3ADUinterleaving.obj) : warning LNK4208: “”中的 PDB 格式不兼容；删除并重新生成；正在链接对象，如同没有调试信息一样
liveMedia.lib(MP3ADUinterleaving.obj) : warning LNK4208: “”中的 PDB 格式不兼容；删除并重新生成；正在链接对象，如同没有调试信息一样
liveMedia.lib(MP3ADUinterleaving.obj) : warning LNK4208: “”中的 PDB 格式不兼容；删除并重新生成；正在链接对象，如同没有调试信息一样
liveMedia.lib(MP3ADUinterleaving.obj) : warning LNK4208: “”中的 PDB 格式不兼容；删除并重新生成；正在链接对象，如同没有调试信息一样
liveMedia.lib(MP3ADUinterleaving.obj) : warning LNK4208: “”中的 PDB 格式不兼容；删除并重新生成；正在链接对象，如同没有调试信息一样
liveMedia.lib(MP3ADUinterleaving.obj) : warning LNK4208: “”中的 PDB 格式不兼容；删除并重新生成；正在链接对象，如同没有调试信息一样
liveMedia.lib(MP3ADUinterleaving.obj) : warning LNK4208: “”中的 PDB 格式不兼容；删除并重新生成；正在链接对象，如同没有调试信息一样
liveMedia.lib(MP3ADUinterleaving.obj) : warning LNK4208: “”中的 PDB 格式不兼容；删除并重新生成；正在链接对象，如同没有调试信息一样
liveMedia.lib(MP3ADUinterleaving.obj) : warning LNK4208: “”中的 PDB 格式不兼容；删除并重新生成；正在链接对象，如同没有调试信息一样
liveMedia.lib(MP3ADUinterleaving.obj) : warning LNK4208: “”中的 PDB 格式不兼容；删除并重新生成；正在链接对象，如同没有调试信息一样
liveMedia.lib(MP3ADUinterleaving.obj) : warning LNK4208: “”中的 PDB 格式不兼容；删除并重新生成；正在链接对象，如同没有调试信息一样
liveMedia.lib(MP3ADUinterleaving.obj) : warning LNK4208: “”中的 PDB 格式不兼容；删除并重新生成；正在链接对象，如同没有调试信息一样
liveMedia.lib(MP3ADUinterleaving.obj) : warning LNK4208: “”中的 PDB 格式不兼容；删除并重新生成；正在链接对象，如同没有调试信息一样
liveMedia.lib(MP3ADUinterleaving.obj) : warning LNK4208: “”中的 PDB 格式不兼容；删除并重新生成；正在链接对象，如同没有调试信息一样
liveMedia.lib(MP3ADUinterleaving.obj) : warning LNK4208: “”中的 PDB 格式不兼容；删除并重新生成；正在链接对象，如同没有调试信息一样
liveMedia.lib(MP3ADUinterleaving.obj) : warning LNK4208: “”中的 PDB 格式不兼容；删除并重新生成；正在链接对象，如同没有调试信息一样
liveMedia.lib(MP3ADUinterleaving.obj) : warning LNK4208: “”中的 PDB 格式不兼容；删除并重新生成；正在链接对象，如同没有调试信息一样
liveMedia.lib(MP3ADUinterleaving.obj) : warning LNK4208: “”中的 PDB 格式不兼容；删除并重新生成；正在链接对象，如同没有调试信息一样
liveMedia.lib(MP3ADUinterleaving.obj) : warning LNK4208: “”中的 PDB 格式不兼容；删除并重新生成；正在链接对象，如同没有调试信息一样
liveMedia.lib(MP3ADUinterleaving.obj) : warning LNK4208: “”中的 PDB 格式不兼容；删除并重新生成；正在链接对象，如同没有调试信息一样
liveMedia.lib(MP3ADUinterleaving.obj) : warning LNK4208: “”中的 PDB 格式不兼容；删除并重新生成；正在链接对象，如同没有调试信息一样
liveMedia.lib(MP3ADUinterleaving.obj) : warning LNK4208: “”中的 PDB 格式不兼容；删除并重新生成；正在链接对象，如同没有调试信息一样
liveMedia.lib(MP3ADUinterleaving.obj) : warning LNK4208: “”中的 PDB 格式不兼容；删除并重新生成；正在链接对象，如同没有调试信息一样
liveMedia.lib(MP3ADUinterleaving.obj) : warning LNK4208: “”中的 PDB 格式不兼容；删除并重新生成；正在链接对象，如同没有调试信息一样
liveMedia.lib(MP3ADUinterleaving.obj) : warning LNK4208: “”中的 PDB 格式不兼容；删除并重新生成；正在链接对象，如同没有调试信息一样
liveMedia.lib(MP3ADUinterleaving.obj) : warning LNK4208: “”中的 PDB 格式不兼容；删除并重新生成；正在链接对象，如同没有调试信息一样
liveMedia.lib(MP3ADUinterleaving.obj) : warning LNK4208: “”中的 PDB 格式不兼容；删除并重新生成；正在链接对象，如同没有调试信息一样
liveMedia.lib(MP3ADUinterleaving.obj) : warning LNK4208: “”中的 PDB 格式不兼容；删除并重新生成；正在链接对象，如同没有调试信息一样
liveMedia.lib(MP3ADUinterleaving.obj) : warning LNK4208: “”中的 PDB 格式不兼容；删除并重新生成；正在链接对象，如同没有调试信息一样
liveMedia.lib(MP3ADUinterleaving.obj) : warning LNK4208: “”中的 PDB 格式不兼容；删除并重新生成；正在链接对象，如同没有调试信息一样
liveMedia.lib(MP3ADUinterleaving.obj) : warning LNK4208: “”中的 PDB 格式不兼容；删除并重新生成；正在链接对象，如同没有调试信息一样
liveMedia.lib(MP3ADUinterleaving.obj) : warning LNK4208: “”中的 PDB 格式不兼容；删除并重新生成；正在链接对象，如同没有调试信息一样
liveMedia.lib(MP3ADUinterleaving.obj) : warning LNK4208: “”中的 PDB 格式不兼容；删除并重新生成；正在链接对象，如同没有调试信息一样
liveMedia.lib(MP3ADUinterleaving.obj) : warning LNK4208: “”中的 PDB 格式不兼容；删除并重新生成；正在链接对象，如同没有调试信息一样
liveMedia.lib(MP3ADUinterleaving.obj) : warning LNK4208: “”中的 PDB 格式不兼容；删除并重新生成；正在链接对象，如同没有调试信息一样
liveMedia.lib(MP3ADUinterleaving.obj) : warning LNK4208: “”中的 PDB 格式不兼容；删除并重新生成；正在链接对象，如同没有调试信息一样
liveMedia.lib(MP3ADUinterleaving.obj) : warning LNK4208: “”中的 PDB 格式不兼容；删除并重新生成；正在链接对象，如同没有调试信息一样
liveMedia.lib(MP3ADUinterleaving.obj) : warning LNK4208: “”中的 PDB 格式不兼容；删除并重新生成；正在链接对象，如同没有调试信息一样
liveMedia.lib(MP3ADUinterleaving.obj) : warning LNK4208: “”中的 PDB 格式不兼容；删除并重新生成；正在链接对象，如同没有调试信息一样
liveMedia.lib(AC3AudioRTPSource.obj) : warning LNK4208: “”中的 PDB 格式不兼容；删除并重新生成；正在链接对象，如同没有调试信息一样
liveMedia.lib(AC3AudioRTPSource.obj) : warning LNK4208: “”中的 PDB 格式不兼容；删除并重新生成；正在链接对象，如同没有调试信息一样
liveMedia.lib(AC3AudioRTPSource.obj) : warning LNK4208: “”中的 PDB 格式不兼容；删除并重新生成；正在链接对象，如同没有调试信息一样
liveMedia.lib(AC3AudioRTPSource.obj) : warning LNK4208: “”中的 PDB 格式不兼容；删除并重新生成；正在链接对象，如同没有调试信息一样
liveMedia.lib(AC3AudioRTPSource.obj) : warning LNK4208: “”中的 PDB 格式不兼容；删除并重新生成；正在链接对象，如同没有调试信息一样
liveMedia.lib(AC3AudioRTPSource.obj) : warning LNK4208: “”中的 PDB 格式不兼容；删除并重新生成；正在链接对象，如同没有调试信息一样
liveMedia.lib(AC3AudioRTPSource.obj) : warning LNK4208: “”中的 PDB 格式不兼容；删除并重新生成；正在链接对象，如同没有调试信息一样
liveMedia.lib(AC3AudioRTPSource.obj) : warning LNK4208: “”中的 PDB 格式不兼容；删除并重新生成；正在链接对象，如同没有调试信息一样
liveMedia.lib(AC3AudioRTPSource.obj) : warning LNK4208: “”中的 PDB 格式不兼容；删除并重新生成；正在链接对象，如同没有调试信息一样
liveMedia.lib(AC3AudioRTPSource.obj) : warning LNK4208: “”中的 PDB 格式不兼容；删除并重新生成；正在链接对象，如同没有调试信息一样
liveMedia.lib(AC3AudioRTPSource.obj) : warning LNK4208: “”中的 PDB 格式不兼容；删除并重新生成；正在链接对象，如同没有调试信息一样
liveMedia.lib(AC3AudioRTPSource.obj) : warning LNK4208: “”中的 PDB 格式不兼容；删除并重新生成；正在链接对象，如同没有调试信息一样
liveMedia.lib(AC3AudioRTPSource.obj) : warning LNK4208: “”中的 PDB 格式不兼容；删除并重新生成；正在链接对象，如同没有调试信息一样
liveMedia.lib(AC3AudioRTPSource.obj) : warning LNK4208: “”中的 PDB 格式不兼容；删除并重新生成；正在链接对象，如同没有调试信息一样
liveMedia.lib(AC3AudioRTPSource.obj) : warning LNK4208: “”中的 PDB 格式不兼容；删除并重新生成；正在链接对象，如同没有调试信息一样
liveMedia.lib(AC3AudioRTPSource.obj) : warning LNK4208: “”中的 PDB 格式不兼容；删除并重新生成；正在链接对象，如同没有调试信息一样
liveMedia.lib(AC3AudioRTPSource.obj) : warning LNK4208: “”中的 PDB 格式不兼容；删除并重新生成；正在链接对象，如同没有调试信息一样
liveMedia.lib(AC3AudioRTPSource.obj) : warning LNK4208: “”中的 PDB 格式不兼容；删除并重新生成；正在链接对象，如同没有调试信息一样
liveMedia.lib(AC3AudioRTPSource.obj) : warning LNK4208: “”中的 PDB 格式不兼容；删除并重新生成；正在链接对象，如同没有调试信息一样
liveMedia.lib(AC3AudioRTPSource.obj) : warning LNK4208: “”中的 PDB 格式不兼容；删除并重新生成；正在链接对象，如同没有调试信息一样
liveMedia.lib(AC3AudioRTPSource.obj) : warning LNK4208: “”中的 PDB 格式不兼容；删除并重新生成；正在链接对象，如同没有调试信息一样
liveMedia.lib(AC3AudioRTPSource.obj) : warning LNK4208: “”中的 PDB 格式不兼容；删除并重新生成；正在链接对象，如同没有调试信息一样
liveMedia.lib(AC3AudioRTPSource.obj) : warning LNK4208: “”中的 PDB 格式不兼容；删除并重新生成；正在链接对象，如同没有调试信息一样
liveMedia.lib(AC3AudioRTPSource.obj) : warning LNK4208: “”中的 PDB 格式不兼容；删除并重新生成；正在链接对象，如同没有调试信息一样
liveMedia.lib(AC3AudioRTPSource.obj) : warning LNK4208: “”中的 PDB 格式不兼容；删除并重新生成；正在链接对象，如同没有调试信息一样
liveMedia.lib(AC3AudioRTPSource.obj) : warning LNK4208: “”中的 PDB 格式不兼容；删除并重新生成；正在链接对象，如同没有调试信息一样
liveMedia.lib(AC3AudioRTPSource.obj) : warning LNK4208: “”中的 PDB 格式不兼容；删除并重新生成；正在链接对象，如同没有调试信息一样
liveMedia.lib(AC3AudioRTPSource.obj) : warning LNK4208: “”中的 PDB 格式不兼容；删除并重新生成；正在链接对象，如同没有调试信息一样
liveMedia.lib(AC3AudioRTPSource.obj) : warning LNK4208: “”中的 PDB 格式不兼容；删除并重新生成；正在链接对象，如同没有调试信息一样
liveMedia.lib(AC3AudioRTPSource.obj) : warning LNK4208: “”中的 PDB 格式不兼容；删除并重新生成；正在链接对象，如同没有调试信息一样
liveMedia.lib(AC3AudioRTPSource.obj) : warning LNK4208: “”中的 PDB 格式不兼容；删除并重新生成；正在链接对象，如同没有调试信息一样
liveMedia.lib(AC3AudioRTPSource.obj) : warning LNK4208: “”中的 PDB 格式不兼容；删除并重新生成；正在链接对象，如同没有调试信息一样
liveMedia.lib(QuickTimeGenericRTPSource.obj) : warning LNK4208: “”中的 PDB 格式不兼容；删除并重新生成；正在链接对象，如同没有调试信息一样
liveMedia.lib(QuickTimeGenericRTPSource.obj) : warning LNK4208: “”中的 PDB 格式不兼容；删除并重新生成；正在链接对象，如同没有调试信息一样
liveMedia.lib(QuickTimeGenericRTPSource.obj) : warning LNK4208: “”中的 PDB 格式不兼容；删除并重新生成；正在链接对象，如同没有调试信息一样
liveMedia.lib(QuickTimeGenericRTPSource.obj) : warning LNK4208: “”中的 PDB 格式不兼容；删除并重新生成；正在链接对象，如同没有调试信息一样
liveMedia.lib(QuickTimeGenericRTPSource.obj) : warning LNK4208: “”中的 PDB 格式不兼容；删除并重新生成；正在链接对象，如同没有调试信息一样
liveMedia.lib(QuickTimeGenericRTPSource.obj) : warning LNK4208: “”中的 PDB 格式不兼容；删除并重新生成；正在链接对象，如同没有调试信息一样
liveMedia.lib(QuickTimeGenericRTPSource.obj) : warning LNK4208: “”中的 PDB 格式不兼容；删除并重新生成；正在链接对象，如同没有调试信息一样
liveMedia.lib(QuickTimeGenericRTPSource.obj) : warning LNK4208: “”中的 PDB 格式不兼容；删除并重新生成；正在链接对象，如同没有调试信息一样
liveMedia.lib(QuickTimeGenericRTPSource.obj) : warning LNK4208: “”中的 PDB 格式不兼容；删除并重新生成；正在链接对象，如同没有调试信息一样
liveMedia.lib(QuickTimeGenericRTPSource.obj) : warning LNK4208: “”中的 PDB 格式不兼容；删除并重新生成；正在链接对象，如同没有调试信息一样
liveMedia.lib(QuickTimeGenericRTPSource.obj) : warning LNK4208: “”中的 PDB 格式不兼容；删除并重新生成；正在链接对象，如同没有调试信息一样
liveMedia.lib(QuickTimeGenericRTPSource.obj) : warning LNK4208: “”中的 PDB 格式不兼容；删除并重新生成；正在链接对象，如同没有调试信息一样
liveMedia.lib(QuickTimeGenericRTPSource.obj) : warning LNK4208: “”中的 PDB 格式不兼容；删除并重新生成；正在链接对象，如同没有调试信息一样
liveMedia.lib(QuickTimeGenericRTPSource.obj) : warning LNK4208: “”中的 PDB 格式不兼容；删除并重新生成；正在链接对象，如同没有调试信息一样
liveMedia.lib(QuickTimeGenericRTPSource.obj) : warning LNK4208: “”中的 PDB 格式不兼容；删除并重新生成；正在链接对象，如同没有调试信息一样
liveMedia.lib(QuickTimeGenericRTPSource.obj) : warning LNK4208: “”中的 PDB 格式不兼容；删除并重新生成；正在链接对象，如同没有调试信息一样
liveMedia.lib(QuickTimeGenericRTPSource.obj) : warning LNK4208: “”中的 PDB 格式不兼容；删除并重新生成；正在链接对象，如同没有调试信息一样
liveMedia.lib(QuickTimeGenericRTPSource.obj) : warning LNK4208: “”中的 PDB 格式不兼容；删除并重新生成；正在链接对象，如同没有调试信息一样
liveMedia.lib(QuickTimeGenericRTPSource.obj) : warning LNK4208: “”中的 PDB 格式不兼容；删除并重新生成；正在链接对象，如同没有调试信息一样
liveMedia.lib(QuickTimeGenericRTPSource.obj) : warning LNK4208: “”中的 PDB 格式不兼容；删除并重新生成；正在链接对象，如同没有调试信息一样
liveMedia.lib(QuickTimeGenericRTPSource.obj) : warning LNK4208: “”中的 PDB 格式不兼容；删除并重新生成；正在链接对象，如同没有调试信息一样
liveMedia.lib(QuickTimeGenericRTPSource.obj) : warning LNK4208: “”中的 PDB 格式不兼容；删除并重新生成；正在链接对象，如同没有调试信息一样
liveMedia.lib(QuickTimeGenericRTPSource.obj) : warning LNK4208: “”中的 PDB 格式不兼容；删除并重新生成；正在链接对象，如同没有调试信息一样
liveMedia.lib(QuickTimeGenericRTPSource.obj) : warning LNK4208: “”中的 PDB 格式不兼容；删除并重新生成；正在链接对象，如同没有调试信息一样
liveMedia.lib(QuickTimeGenericRTPSource.obj) : warning LNK4208: “”中的 PDB 格式不兼容；删除并重新生成；正在链接对象，如同没有调试信息一样
liveMedia.lib(QuickTimeGenericRTPSource.obj) : warning LNK4208: “”中的 PDB 格式不兼容；删除并重新生成；正在链接对象，如同没有调试信息一样
liveMedia.lib(QuickTimeGenericRTPSource.obj) : warning LNK4208: “”中的 PDB 格式不兼容；删除并重新生成；正在链接对象，如同没有调试信息一样
liveMedia.lib(QuickTimeGenericRTPSource.obj) : warning LNK4208: “”中的 PDB 格式不兼容；删除并重新生成；正在链接对象，如同没有调试信息一样
liveMedia.lib(QuickTimeGenericRTPSource.obj) : warning LNK4208: “”中的 PDB 格式不兼容；删除并重新生成；正在链接对象，如同没有调试信息一样
liveMedia.lib(QuickTimeGenericRTPSource.obj) : warning LNK4208: “”中的 PDB 格式不兼容；删除并重新生成；正在链接对象，如同没有调试信息一样
liveMedia.lib(QuickTimeGenericRTPSource.obj) : warning LNK4208: “”中的 PDB 格式不兼容；删除并重新生成；正在链接对象，如同没有调试信息一样
liveMedia.lib(QuickTimeGenericRTPSource.obj) : warning LNK4208: “”中的 PDB 格式不兼容；删除并重新生成；正在链接对象，如同没有调试信息一样
liveMedia.lib(QuickTimeGenericRTPSource.obj) : warning LNK4208: “”中的 PDB 格式不兼容；删除并重新生成；正在链接对象，如同没有调试信息一样
liveMedia.lib(QuickTimeGenericRTPSource.obj) : warning LNK4208: “”中的 PDB 格式不兼容；删除并重新生成；正在链接对象，如同没有调试信息一样
liveMedia.lib(QuickTimeGenericRTPSource.obj) : warning LNK4208: “”中的 PDB 格式不兼容；删除并重新生成；正在链接对象，如同没有调试信息一样
liveMedia.lib(QuickTimeGenericRTPSource.obj) : warning LNK4208: “”中的 PDB 格式不兼容；删除并重新生成；正在链接对象，如同没有调试信息一样
liveMedia.lib(QuickTimeGenericRTPSource.obj) : warning LNK4208: “”中的 PDB 格式不兼容；删除并重新生成；正在链接对象，如同没有调试信息一样
liveMedia.lib(QuickTimeGenericRTPSource.obj) : warning LNK4208: “”中的 PDB 格式不兼容；删除并重新生成；正在链接对象，如同没有调试信息一样
liveMedia.lib(QuickTimeGenericRTPSource.obj) : warning LNK4208: “”中的 PDB 格式不兼容；删除并重新生成；正在链接对象，如同没有调试信息一样
liveMedia.lib(QuickTimeGenericRTPSource.obj) : warning LNK4208: “”中的 PDB 格式不兼容；删除并重新生成；正在链接对象，如同没有调试信息一样
liveMedia.lib(QuickTimeGenericRTPSource.obj) : warning LNK4208: “”中的 PDB 格式不兼容；删除并重新生成；正在链接对象，如同没有调试信息一样
liveMedia.lib(QuickTimeGenericRTPSource.obj) : warning LNK4208: “”中的 PDB 格式不兼容；删除并重新生成；正在链接对象，如同没有调试信息一样
liveMedia.lib(ServerMediaSession.obj) : warning LNK4208: “”中的 PDB 格式不兼容；删除并重新生成；正在链接对象，如同没有调试信息一样
liveMedia.lib(ServerMediaSession.obj) : warning LNK4208: “”中的 PDB 格式不兼容；删除并重新生成；正在链接对象，如同没有调试信息一样
liveMedia.lib(ServerMediaSession.obj) : warning LNK4208: “”中的 PDB 格式不兼容；删除并重新生成；正在链接对象，如同没有调试信息一样
liveMedia.lib(ServerMediaSession.obj) : warning LNK4208: “”中的 PDB 格式不兼容；删除并重新生成；正在链接对象，如同没有调试信息一样
liveMedia.lib(ServerMediaSession.obj) : warning LNK4208: “”中的 PDB 格式不兼容；删除并重新生成；正在链接对象，如同没有调试信息一样
liveMedia.lib(QuickTimeGenericRTPSource.obj) : warning LNK4208: “”中的 PDB 格式不兼容；删除并重新生成；正在链接对象，如同没有调试信息一样
liveMedia.lib(QuickTimeGenericRTPSource.obj) : warning LNK4208: “”中的 PDB 格式不兼容；删除并重新生成；正在链接对象，如同没有调试信息一样
liveMedia.lib(ServerMediaSession.obj) : warning LNK4208: “”中的 PDB 格式不兼容；删除并重新生成；正在链接对象，如同没有调试信息一样
liveMedia.lib(ServerMediaSession.obj) : warning LNK4208: “”中的 PDB 格式不兼容；删除并重新生成；正在链接对象，如同没有调试信息一样
liveMedia.lib(ServerMediaSession.obj) : warning LNK4208: “”中的 PDB 格式不兼容；删除并重新生成；正在链接对象，如同没有调试信息一样
liveMedia.lib(ServerMediaSession.obj) : warning LNK4208: “”中的 PDB 格式不兼容；删除并重新生成；正在链接对象，如同没有调试信息一样
liveMedia.lib(ServerMediaSession.obj) : warning LNK4208: “”中的 PDB 格式不兼容；删除并重新生成；正在链接对象，如同没有调试信息一样
liveMedia.lib(ServerMediaSession.obj) : warning LNK4208: “”中的 PDB 格式不兼容；删除并重新生成；正在链接对象，如同没有调试信息一样
liveMedia.lib(ServerMediaSession.obj) : warning LNK4208: “”中的 PDB 格式不兼容；删除并重新生成；正在链接对象，如同没有调试信息一样
liveMedia.lib(ServerMediaSession.obj) : warning LNK4208: “”中的 PDB 格式不兼容；删除并重新生成；正在链接对象，如同没有调试信息一样
liveMedia.lib(ServerMediaSession.obj) : warning LNK4208: “”中的 PDB 格式不兼容；删除并重新生成；正在链接对象，如同没有调试信息一样
liveMedia.lib(ServerMediaSession.obj) : warning LNK4208: “”中的 PDB 格式不兼容；删除并重新生成；正在链接对象，如同没有调试信息一样
liveMedia.lib(ServerMediaSession.obj) : warning LNK4208: “”中的 PDB 格式不兼容；删除并重新生成；正在链接对象，如同没有调试信息一样
liveMedia.lib(ServerMediaSession.obj) : warning LNK4208: “”中的 PDB 格式不兼容；删除并重新生成；正在链接对象，如同没有调试信息一样
liveMedia.lib(QuickTimeGenericRTPSource.obj) : warning LNK4208: “”中的 PDB 格式不兼容；删除并重新生成；正在链接对象，如同没有调试信息一样
liveMedia.lib(ServerMediaSession.obj) : warning LNK4208: “”中的 PDB 格式不兼容；删除并重新生成；正在链接对象，如同没有调试信息一样
liveMedia.lib(ServerMediaSession.obj) : warning LNK4208: “”中的 PDB 格式不兼容；删除并重新生成；正在链接对象，如同没有调试信息一样
liveMedia.lib(ServerMediaSession.obj) : warning LNK4208: “”中的 PDB 格式不兼容；删除并重新生成；正在链接对象，如同没有调试信息一样
liveMedia.lib(ServerMediaSession.obj) : warning LNK4208: “”中的 PDB 格式不兼容；删除并重新生成；正在链接对象，如同没有调试信息一样
liveMedia.lib(ServerMediaSession.obj) : warning LNK4208: “”中的 PDB 格式不兼容；删除并重新生成；正在链接对象，如同没有调试信息一样
liveMedia.lib(ServerMediaSession.obj) : warning LNK4208: “”中的 PDB 格式不兼容；删除并重新生成；正在链接对象，如同没有调试信息一样
liveMedia.lib(ServerMediaSession.obj) : warning LNK4208: “”中的 PDB 格式不兼容；删除并重新生成；正在链接对象，如同没有调试信息一样
liveMedia.lib(ServerMediaSession.obj) : warning LNK4208: “”中的 PDB 格式不兼容；删除并重新生成；正在链接对象，如同没有调试信息一样
liveMedia.lib(ServerMediaSession.obj) : warning LNK4208: “”中的 PDB 格式不兼容；删除并重新生成；正在链接对象，如同没有调试信息一样
liveMedia.lib(ServerMediaSession.obj) : warning LNK4208: “”中的 PDB 格式不兼容；删除并重新生成；正在链接对象，如同没有调试信息一样
liveMedia.lib(ServerMediaSession.obj) : warning LNK4208: “”中的 PDB 格式不兼容；删除并重新生成；正在链接对象，如同没有调试信息一样
liveMedia.lib(ServerMediaSession.obj) : warning LNK4208: “”中的 PDB 格式不兼容；删除并重新生成；正在链接对象，如同没有调试信息一样
liveMedia.lib(ServerMediaSession.obj) : warning LNK4208: “”中的 PDB 格式不兼容；删除并重新生成；正在链接对象，如同没有调试信息一样
liveMedia.lib(RTSPRegisterSender.obj) : warning LNK4208: “”中的 PDB 格式不兼容；删除并重新生成；正在链接对象，如同没有调试信息一样
liveMedia.lib(RTSPRegisterSender.obj) : warning LNK4208: “”中的 PDB 格式不兼容；删除并重新生成；正在链接对象，如同没有调试信息一样
liveMedia.lib(RTSPRegisterSender.obj) : warning LNK4208: “”中的 PDB 格式不兼容；删除并重新生成；正在链接对象，如同没有调试信息一样
liveMedia.lib(RTSPRegisterSender.obj) : warning LNK4208: “”中的 PDB 格式不兼容；删除并重新生成；正在链接对象，如同没有调试信息一样
liveMedia.lib(RTSPRegisterSender.obj) : warning LNK4208: “”中的 PDB 格式不兼容；删除并重新生成；正在链接对象，如同没有调试信息一样
liveMedia.lib(RTSPRegisterSender.obj) : warning LNK4208: “”中的 PDB 格式不兼容；删除并重新生成；正在链接对象，如同没有调试信息一样
liveMedia.lib(RTSPRegisterSender.obj) : warning LNK4208: “”中的 PDB 格式不兼容；删除并重新生成；正在链接对象，如同没有调试信息一样
liveMedia.lib(RTSPRegisterSender.obj) : warning LNK4208: “”中的 PDB 格式不兼容；删除并重新生成；正在链接对象，如同没有调试信息一样
liveMedia.lib(RTSPRegisterSender.obj) : warning LNK4208: “”中的 PDB 格式不兼容；删除并重新生成；正在链接对象，如同没有调试信息一样
liveMedia.lib(RTSPRegisterSender.obj) : warning LNK4208: “”中的 PDB 格式不兼容；删除并重新生成；正在链接对象，如同没有调试信息一样
liveMedia.lib(RTSPRegisterSender.obj) : warning LNK4208: “”中的 PDB 格式不兼容；删除并重新生成；正在链接对象，如同没有调试信息一样
liveMedia.lib(RTSPRegisterSender.obj) : warning LNK4208: “”中的 PDB 格式不兼容；删除并重新生成；正在链接对象，如同没有调试信息一样
liveMedia.lib(RTSPRegisterSender.obj) : warning LNK4208: “”中的 PDB 格式不兼容；删除并重新生成；正在链接对象，如同没有调试信息一样
liveMedia.lib(RTSPRegisterSender.obj) : warning LNK4208: “”中的 PDB 格式不兼容；删除并重新生成；正在链接对象，如同没有调试信息一样
liveMedia.lib(RTSPRegisterSender.obj) : warning LNK4208: “”中的 PDB 格式不兼容；删除并重新生成；正在链接对象，如同没有调试信息一样
liveMedia.lib(RTSPRegisterSender.obj) : warning LNK4208: “”中的 PDB 格式不兼容；删除并重新生成；正在链接对象，如同没有调试信息一样
liveMedia.lib(RTSPRegisterSender.obj) : warning LNK4208: “”中的 PDB 格式不兼容；删除并重新生成；正在链接对象，如同没有调试信息一样
liveMedia.lib(RTSPRegisterSender.obj) : warning LNK4208: “”中的 PDB 格式不兼容；删除并重新生成；正在链接对象，如同没有调试信息一样
liveMedia.lib(RTSPRegisterSender.obj) : warning LNK4208: “”中的 PDB 格式不兼容；删除并重新生成；正在链接对象，如同没有调试信息一样
liveMedia.lib(RTSPRegisterSender.obj) : warning LNK4208: “”中的 PDB 格式不兼容；删除并重新生成；正在链接对象，如同没有调试信息一样
liveMedia.lib(RTSPRegisterSender.obj) : warning LNK4208: “”中的 PDB 格式不兼容；删除并重新生成；正在链接对象，如同没有调试信息一样
liveMedia.lib(RTSPRegisterSender.obj) : warning LNK4208: “”中的 PDB 格式不兼容；删除并重新生成；正在链接对象，如同没有调试信息一样
liveMedia.lib(RTSPRegisterSender.obj) : warning LNK4208: “”中的 PDB 格式不兼容；删除并重新生成；正在链接对象，如同没有调试信息一样
liveMedia.lib(RTSPRegisterSender.obj) : warning LNK4208: “”中的 PDB 格式不兼容；删除并重新生成；正在链接对象，如同没有调试信息一样
liveMedia.lib(RTSPRegisterSender.obj) : warning LNK4208: “”中的 PDB 格式不兼容；删除并重新生成；正在链接对象，如同没有调试信息一样
liveMedia.lib(RTSPRegisterSender.obj) : warning LNK4208: “”中的 PDB 格式不兼容；删除并重新生成；正在链接对象，如同没有调试信息一样
liveMedia.lib(RTSPRegisterSender.obj) : warning LNK4208: “”中的 PDB 格式不兼容；删除并重新生成；正在链接对象，如同没有调试信息一样
liveMedia.lib(RTSPRegisterSender.obj) : warning LNK4208: “”中的 PDB 格式不兼容；删除并重新生成；正在链接对象，如同没有调试信息一样
liveMedia.lib(RTSPRegisterSender.obj) : warning LNK4208: “”中的 PDB 格式不兼容；删除并重新生成；正在链接对象，如同没有调试信息一样
liveMedia.lib(RTSPRegisterSender.obj) : warning LNK4208: “”中的 PDB 格式不兼容；删除并重新生成；正在链接对象，如同没有调试信息一样
liveMedia.lib(RTSPRegisterSender.obj) : warning LNK4208: “”中的 PDB 格式不兼容；删除并重新生成；正在链接对象，如同没有调试信息一样
liveMedia.lib(RTSPRegisterSender.obj) : warning LNK4208: “”中的 PDB 格式不兼容；删除并重新生成；正在链接对象，如同没有调试信息一样
liveMedia.lib(RTSPRegisterSender.obj) : warning LNK4208: “”中的 PDB 格式不兼容；删除并重新生成；正在链接对象，如同没有调试信息一样
liveMedia.lib(RTSPRegisterSender.obj) : warning LNK4208: “”中的 PDB 格式不兼容；删除并重新生成；正在链接对象，如同没有调试信息一样
liveMedia.lib(RTSPRegisterSender.obj) : warning LNK4208: “”中的 PDB 格式不兼容；删除并重新生成；正在链接对象，如同没有调试信息一样
liveMedia.lib(RTSPRegisterSender.obj) : warning LNK4208: “”中的 PDB 格式不兼容；删除并重新生成；正在链接对象，如同没有调试信息一样
liveMedia.lib(RTSPRegisterSender.obj) : warning LNK4208: “”中的 PDB 格式不兼容；删除并重新生成；正在链接对象，如同没有调试信息一样
liveMedia.lib(RTSPRegisterSender.obj) : warning LNK4208: “”中的 PDB 格式不兼容；删除并重新生成；正在链接对象，如同没有调试信息一样
liveMedia.lib(RTSPRegisterSender.obj) : warning LNK4208: “”中的 PDB 格式不兼容；删除并重新生成；正在链接对象，如同没有调试信息一样
liveMedia.lib(RTSPRegisterSender.obj) : warning LNK4208: “”中的 PDB 格式不兼容；删除并重新生成；正在链接对象，如同没有调试信息一样
liveMedia.lib(RTSPRegisterSender.obj) : warning LNK4208: “”中的 PDB 格式不兼容；删除并重新生成；正在链接对象，如同没有调试信息一样
liveMedia.lib(RTSPRegisterSender.obj) : warning LNK4208: “”中的 PDB 格式不兼容；删除并重新生成；正在链接对象，如同没有调试信息一样
liveMedia.lib(RTSPRegisterSender.obj) : warning LNK4208: “”中的 PDB 格式不兼容；删除并重新生成；正在链接对象，如同没有调试信息一样
liveMedia.lib(RTSPRegisterSender.obj) : warning LNK4208: “”中的 PDB 格式不兼容；删除并重新生成；正在链接对象，如同没有调试信息一样
liveMedia.lib(RTSPRegisterSender.obj) : warning LNK4208: “”中的 PDB 格式不兼容；删除并重新生成；正在链接对象，如同没有调试信息一样
liveMedia.lib(RTSPRegisterSender.obj) : warning LNK4208: “”中的 PDB 格式不兼容；删除并重新生成；正在链接对象，如同没有调试信息一样
liveMedia.lib(RTSPRegisterSender.obj) : warning LNK4208: “”中的 PDB 格式不兼容；删除并重新生成；正在链接对象，如同没有调试信息一样
liveMedia.lib(RTSPRegisterSender.obj) : warning LNK4208: “”中的 PDB 格式不兼容；删除并重新生成；正在链接对象，如同没有调试信息一样
liveMedia.lib(RTSPRegisterSender.obj) : warning LNK4208: “”中的 PDB 格式不兼容；删除并重新生成；正在链接对象，如同没有调试信息一样
liveMedia.lib(RTSPRegisterSender.obj) : warning LNK4208: “”中的 PDB 格式不兼容；删除并重新生成；正在链接对象，如同没有调试信息一样
liveMedia.lib(RTSPRegisterSender.obj) : warning LNK4208: “”中的 PDB 格式不兼容；删除并重新生成；正在链接对象，如同没有调试信息一样
liveMedia.lib(RTSPRegisterSender.obj) : warning LNK4208: “”中的 PDB 格式不兼容；删除并重新生成；正在链接对象，如同没有调试信息一样
liveMedia.lib(RTSPRegisterSender.obj) : warning LNK4208: “”中的 PDB 格式不兼容；删除并重新生成；正在链接对象，如同没有调试信息一样
liveMedia.lib(RTSPRegisterSender.obj) : warning LNK4208: “”中的 PDB 格式不兼容；删除并重新生成；正在链接对象，如同没有调试信息一样
liveMedia.lib(RTSPRegisterSender.obj) : warning LNK4208: “”中的 PDB 格式不兼容；删除并重新生成；正在链接对象，如同没有调试信息一样
liveMedia.lib(RTSPRegisterSender.obj) : warning LNK4208: “”中的 PDB 格式不兼容；删除并重新生成；正在链接对象，如同没有调试信息一样
liveMedia.lib(RTSPRegisterSender.obj) : warning LNK4208: “”中的 PDB 格式不兼容；删除并重新生成；正在链接对象，如同没有调试信息一样
liveMedia.lib(RTSPRegisterSender.obj) : warning LNK4208: “”中的 PDB 格式不兼容；删除并重新生成；正在链接对象，如同没有调试信息一样
liveMedia.lib(RTSPRegisterSender.obj) : warning LNK4208: “”中的 PDB 格式不兼容；删除并重新生成；正在链接对象，如同没有调试信息一样
liveMedia.lib(RTSPRegisterSender.obj) : warning LNK4208: “”中的 PDB 格式不兼容；删除并重新生成；正在链接对象，如同没有调试信息一样
liveMedia.lib(RTSPRegisterSender.obj) : warning LNK4208: “”中的 PDB 格式不兼容；删除并重新生成；正在链接对象，如同没有调试信息一样
liveMedia.lib(RTSPRegisterSender.obj) : warning LNK4208: “”中的 PDB 格式不兼容；删除并重新生成；正在链接对象，如同没有调试信息一样
liveMedia.lib(RTSPRegisterSender.obj) : warning LNK4208: “”中的 PDB 格式不兼容；删除并重新生成；正在链接对象，如同没有调试信息一样
liveMedia.lib(RTSPRegisterSender.obj) : warning LNK4208: “”中的 PDB 格式不兼容；删除并重新生成；正在链接对象，如同没有调试信息一样
liveMedia.lib(RTSPRegisterSender.obj) : warning LNK4208: “”中的 PDB 格式不兼容；删除并重新生成；正在链接对象，如同没有调试信息一样
liveMedia.lib(RTSPRegisterSender.obj) : warning LNK4208: “”中的 PDB 格式不兼容；删除并重新生成；正在链接对象，如同没有调试信息一样
liveMedia.lib(RTSPRegisterSender.obj) : warning LNK4208: “”中的 PDB 格式不兼容；删除并重新生成；正在链接对象，如同没有调试信息一样
liveMedia.lib(RTSPRegisterSender.obj) : warning LNK4208: “”中的 PDB 格式不兼容；删除并重新生成；正在链接对象，如同没有调试信息一样
liveMedia.lib(RTSPRegisterSender.obj) : warning LNK4208: “”中的 PDB 格式不兼容；删除并重新生成；正在链接对象，如同没有调试信息一样
liveMedia.lib(RTSPRegisterSender.obj) : warning LNK4208: “”中的 PDB 格式不兼容；删除并重新生成；正在链接对象，如同没有调试信息一样
liveMedia.lib(ServerMediaSession.obj) : warning LNK4208: “”中的 PDB 格式不兼容；删除并重新生成；正在链接对象，如同没有调试信息一样
liveMedia.lib(RTSPRegisterSender.obj) : warning LNK4208: “”中的 PDB 格式不兼容；删除并重新生成；正在链接对象，如同没有调试信息一样
liveMedia.lib(RTSPRegisterSender.obj) : warning LNK4208: “”中的 PDB 格式不兼容；删除并重新生成；正在链接对象，如同没有调试信息一样
liveMedia.lib(RTSPRegisterSender.obj) : warning LNK4208: “”中的 PDB 格式不兼容；删除并重新生成；正在链接对象，如同没有调试信息一样
liveMedia.lib(RTSPRegisterSender.obj) : warning LNK4208: “”中的 PDB 格式不兼容；删除并重新生成；正在链接对象，如同没有调试信息一样
liveMedia.lib(RTSPRegisterSender.obj) : warning LNK4208: “”中的 PDB 格式不兼容；删除并重新生成；正在链接对象，如同没有调试信息一样
liveMedia.lib(RTSPRegisterSender.obj) : warning LNK4208: “”中的 PDB 格式不兼容；删除并重新生成；正在链接对象，如同没有调试信息一样
liveMedia.lib(RTSPRegisterSender.obj) : warning LNK4208: “”中的 PDB 格式不兼容；删除并重新生成；正在链接对象，如同没有调试信息一样
liveMedia.lib(RTSPRegisterSender.obj) : warning LNK4208: “”中的 PDB 格式不兼容；删除并重新生成；正在链接对象，如同没有调试信息一样
liveMedia.lib(RTSPRegisterSender.obj) : warning LNK4208: “”中的 PDB 格式不兼容；删除并重新生成；正在链接对象，如同没有调试信息一样
liveMedia.lib(RTSPRegisterSender.obj) : warning LNK4208: “”中的 PDB 格式不兼容；删除并重新生成；正在链接对象，如同没有调试信息一样
liveMedia.lib(RTSPRegisterSender.obj) : warning LNK4208: “”中的 PDB 格式不兼容；删除并重新生成；正在链接对象，如同没有调试信息一样
liveMedia.lib(RTSPRegisterSender.obj) : warning LNK4208: “”中的 PDB 格式不兼容；删除并重新生成；正在链接对象，如同没有调试信息一样
liveMedia.lib(RTSPRegisterSender.obj) : warning LNK4208: “”中的 PDB 格式不兼容；删除并重新生成；正在链接对象，如同没有调试信息一样
liveMedia.lib(RTSPRegisterSender.obj) : warning LNK4208: “”中的 PDB 格式不兼容；删除并重新生成；正在链接对象，如同没有调试信息一样
liveMedia.lib(RTSPRegisterSender.obj) : warning LNK4208: “”中的 PDB 格式不兼容；删除并重新生成；正在链接对象，如同没有调试信息一样
liveMedia.lib(RTSPRegisterSender.obj) : warning LNK4208: “”中的 PDB 格式不兼容；删除并重新生成；正在链接对象，如同没有调试信息一样
liveMedia.lib(RTSPRegisterSender.obj) : warning LNK4208: “”中的 PDB 格式不兼容；删除并重新生成；正在链接对象，如同没有调试信息一样
liveMedia.lib(RTSPRegisterSender.obj) : warning LNK4208: “”中的 PDB 格式不兼容；删除并重新生成；正在链接对象，如同没有调试信息一样
liveMedia.lib(RTSPRegisterSender.obj) : warning LNK4208: “”中的 PDB 格式不兼容；删除并重新生成；正在链接对象，如同没有调试信息一样
liveMedia.lib(RTSPRegisterSender.obj) : warning LNK4208: “”中的 PDB 格式不兼容；删除并重新生成；正在链接对象，如同没有调试信息一样
liveMedia.lib(RTSPRegisterSender.obj) : warning LNK4208: “”中的 PDB 格式不兼容；删除并重新生成；正在链接对象，如同没有调试信息一样
liveMedia.lib(RTSPRegisterSender.obj) : warning LNK4208: “”中的 PDB 格式不兼容；删除并重新生成；正在链接对象，如同没有调试信息一样
liveMedia.lib(RTSPRegisterSender.obj) : warning LNK4208: “”中的 PDB 格式不兼容；删除并重新生成；正在链接对象，如同没有调试信息一样
liveMedia.lib(RTSPRegisterSender.obj) : warning LNK4208: “”中的 PDB 格式不兼容；删除并重新生成；正在链接对象，如同没有调试信息一样
liveMedia.lib(RTSPRegisterSender.obj) : warning LNK4208: “”中的 PDB 格式不兼容；删除并重新生成；正在链接对象，如同没有调试信息一样
liveMedia.lib(RTSPRegisterSender.obj) : warning LNK4208: “”中的 PDB 格式不兼容；删除并重新生成；正在链接对象，如同没有调试信息一样
liveMedia.lib(RTSPRegisterSender.obj) : warning LNK4208: “”中的 PDB 格式不兼容；删除并重新生成；正在链接对象，如同没有调试信息一样
liveMedia.lib(RTSPRegisterSender.obj) : warning LNK4208: “”中的 PDB 格式不兼容；删除并重新生成；正在链接对象，如同没有调试信息一样
liveMedia.lib(RTSPRegisterSender.obj) : warning LNK4208: “”中的 PDB 格式不兼容；删除并重新生成；正在链接对象，如同没有调试信息一样
liveMedia.lib(RTSPRegisterSender.obj) : warning LNK4208: “”中的 PDB 格式不兼容；删除并重新生成；正在链接对象，如同没有调试信息一样
liveMedia.lib(RTSPRegisterSender.obj) : warning LNK4208: “”中的 PDB 格式不兼容；删除并重新生成；正在链接对象，如同没有调试信息一样
liveMedia.lib(RTSPRegisterSender.obj) : warning LNK4208: “”中的 PDB 格式不兼容；删除并重新生成；正在链接对象，如同没有调试信息一样
liveMedia.lib(RTSPRegisterSender.obj) : warning LNK4208: “”中的 PDB 格式不兼容；删除并重新生成；正在链接对象，如同没有调试信息一样
liveMedia.lib(RTSPRegisterSender.obj) : warning LNK4208: “”中的 PDB 格式不兼容；删除并重新生成；正在链接对象，如同没有调试信息一样
liveMedia.lib(RTSPRegisterSender.obj) : warning LNK4208: “”中的 PDB 格式不兼容；删除并重新生成；正在链接对象，如同没有调试信息一样
liveMedia.lib(RTSPRegisterSender.obj) : warning LNK4208: “”中的 PDB 格式不兼容；删除并重新生成；正在链接对象，如同没有调试信息一样
liveMedia.lib(RTSPRegisterSender.obj) : warning LNK4208: “”中的 PDB 格式不兼容；删除并重新生成；正在链接对象，如同没有调试信息一样
liveMedia.lib(RTSPRegisterSender.obj) : warning LNK4208: “”中的 PDB 格式不兼容；删除并重新生成；正在链接对象，如同没有调试信息一样
liveMedia.lib(RTSPRegisterSender.obj) : warning LNK4208: “”中的 PDB 格式不兼容；删除并重新生成；正在链接对象，如同没有调试信息一样
liveMedia.lib(RTSPRegisterSender.obj) : warning LNK4208: “”中的 PDB 格式不兼容；删除并重新生成；正在链接对象，如同没有调试信息一样
liveMedia.lib(RTSPRegisterSender.obj) : warning LNK4208: “”中的 PDB 格式不兼容；删除并重新生成；正在链接对象，如同没有调试信息一样
liveMedia.lib(RTSPRegisterSender.obj) : warning LNK4208: “”中的 PDB 格式不兼容；删除并重新生成；正在链接对象，如同没有调试信息一样
liveMedia.lib(RTSPRegisterSender.obj) : warning LNK4208: “”中的 PDB 格式不兼容；删除并重新生成；正在链接对象，如同没有调试信息一样
liveMedia.lib(RTSPRegisterSender.obj) : warning LNK4208: “”中的 PDB 格式不兼容；删除并重新生成；正在链接对象，如同没有调试信息一样
liveMedia.lib(RTSPRegisterSender.obj) : warning LNK4208: “”中的 PDB 格式不兼容；删除并重新生成；正在链接对象，如同没有调试信息一样
liveMedia.lib(RTSPRegisterSender.obj) : warning LNK4208: “”中的 PDB 格式不兼容；删除并重新生成；正在链接对象，如同没有调试信息一样
liveMedia.lib(RTSPRegisterSender.obj) : warning LNK4208: “”中的 PDB 格式不兼容；删除并重新生成；正在链接对象，如同没有调试信息一样
liveMedia.lib(RTSPRegisterSender.obj) : warning LNK4208: “”中的 PDB 格式不兼容；删除并重新生成；正在链接对象，如同没有调试信息一样
liveMedia.lib(RTSPRegisterSender.obj) : warning LNK4208: “”中的 PDB 格式不兼容；删除并重新生成；正在链接对象，如同没有调试信息一样
liveMedia.lib(RTSPRegisterSender.obj) : warning LNK4208: “”中的 PDB 格式不兼容；删除并重新生成；正在链接对象，如同没有调试信息一样
liveMedia.lib(RTSPRegisterSender.obj) : warning LNK4208: “”中的 PDB 格式不兼容；删除并重新生成；正在链接对象，如同没有调试信息一样
liveMedia.lib(RTSPRegisterSender.obj) : warning LNK4208: “”中的 PDB 格式不兼容；删除并重新生成；正在链接对象，如同没有调试信息一样
liveMedia.lib(RTSPRegisterSender.obj) : warning LNK4208: “”中的 PDB 格式不兼容；删除并重新生成；正在链接对象，如同没有调试信息一样
liveMedia.lib(RTSPRegisterSender.obj) : warning LNK4208: “”中的 PDB 格式不兼容；删除并重新生成；正在链接对象，如同没有调试信息一样
liveMedia.lib(RTSPRegisterSender.obj) : warning LNK4208: “”中的 PDB 格式不兼容；删除并重新生成；正在链接对象，如同没有调试信息一样
liveMedia.lib(RTSPRegisterSender.obj) : warning LNK4208: “”中的 PDB 格式不兼容；删除并重新生成；正在链接对象，如同没有调试信息一样
liveMedia.lib(RTSPRegisterSender.obj) : warning LNK4208: “”中的 PDB 格式不兼容；删除并重新生成；正在链接对象，如同没有调试信息一样
liveMedia.lib(RTSPRegisterSender.obj) : warning LNK4208: “”中的 PDB 格式不兼容；删除并重新生成；正在链接对象，如同没有调试信息一样
liveMedia.lib(RTSPRegisterSender.obj) : warning LNK4208: “”中的 PDB 格式不兼容；删除并重新生成；正在链接对象，如同没有调试信息一样
liveMedia.lib(RTSPRegisterSender.obj) : warning LNK4208: “”中的 PDB 格式不兼容；删除并重新生成；正在链接对象，如同没有调试信息一样
liveMedia.lib(RTSPRegisterSender.obj) : warning LNK4208: “”中的 PDB 格式不兼容；删除并重新生成；正在链接对象，如同没有调试信息一样
liveMedia.lib(RTSPRegisterSender.obj) : warning LNK4208: “”中的 PDB 格式不兼容；删除并重新生成；正在链接对象，如同没有调试信息一样
liveMedia.lib(RTSPRegisterSender.obj) : warning LNK4208: “”中的 PDB 格式不兼容；删除并重新生成；正在链接对象，如同没有调试信息一样
liveMedia.lib(RTSPRegisterSender.obj) : warning LNK4208: “”中的 PDB 格式不兼容；删除并重新生成；正在链接对象，如同没有调试信息一样
liveMedia.lib(RTSPRegisterSender.obj) : warning LNK4208: “”中的 PDB 格式不兼容；删除并重新生成；正在链接对象，如同没有调试信息一样
liveMedia.lib(RTSPRegisterSender.obj) : warning LNK4208: “”中的 PDB 格式不兼容；删除并重新生成；正在链接对象，如同没有调试信息一样
liveMedia.lib(RTSPRegisterSender.obj) : warning LNK4208: “”中的 PDB 格式不兼容；删除并重新生成；正在链接对象，如同没有调试信息一样
liveMedia.lib(RTSPRegisterSender.obj) : warning LNK4208: “”中的 PDB 格式不兼容；删除并重新生成；正在链接对象，如同没有调试信息一样
liveMedia.lib(RTSPRegisterSender.obj) : warning LNK4208: “”中的 PDB 格式不兼容；删除并重新生成；正在链接对象，如同没有调试信息一样
liveMedia.lib(RTSPRegisterSender.obj) : warning LNK4208: “”中的 PDB 格式不兼容；删除并重新生成；正在链接对象，如同没有调试信息一样
liveMedia.lib(RTSPRegisterSender.obj) : warning LNK4208: “”中的 PDB 格式不兼容；删除并重新生成；正在链接对象，如同没有调试信息一样
liveMedia.lib(RTSPRegisterSender.obj) : warning LNK4208: “”中的 PDB 格式不兼容；删除并重新生成；正在链接对象，如同没有调试信息一样
liveMedia.lib(RTSPRegisterSender.obj) : warning LNK4208: “”中的 PDB 格式不兼容；删除并重新生成；正在链接对象，如同没有调试信息一样
liveMedia.lib(RTSPRegisterSender.obj) : warning LNK4208: “”中的 PDB 格式不兼容；删除并重新生成；正在链接对象，如同没有调试信息一样
liveMedia.lib(RTSPRegisterSender.obj) : warning LNK4208: “”中的 PDB 格式不兼容；删除并重新生成；正在链接对象，如同没有调试信息一样
liveMedia.lib(ProxyServerMediaSession.obj) : warning LNK4208: “”中的 PDB 格式不兼容；删除并重新生成；正在链接对象，如同没有调试信息一样
liveMedia.lib(ProxyServerMediaSession.obj) : warning LNK4208: “”中的 PDB 格式不兼容；删除并重新生成；正在链接对象，如同没有调试信息一样
liveMedia.lib(ProxyServerMediaSession.obj) : warning LNK4208: “”中的 PDB 格式不兼容；删除并重新生成；正在链接对象，如同没有调试信息一样
liveMedia.lib(ProxyServerMediaSession.obj) : warning LNK4208: “”中的 PDB 格式不兼容；删除并重新生成；正在链接对象，如同没有调试信息一样
liveMedia.lib(RTSPRegisterSender.obj) : warning LNK4208: “”中的 PDB 格式不兼容；删除并重新生成；正在链接对象，如同没有调试信息一样
liveMedia.lib(ProxyServerMediaSession.obj) : warning LNK4208: “”中的 PDB 格式不兼容；删除并重新生成；正在链接对象，如同没有调试信息一样
liveMedia.lib(ProxyServerMediaSession.obj) : warning LNK4208: “”中的 PDB 格式不兼容；删除并重新生成；正在链接对象，如同没有调试信息一样
liveMedia.lib(ProxyServerMediaSession.obj) : warning LNK4208: “”中的 PDB 格式不兼容；删除并重新生成；正在链接对象，如同没有调试信息一样
liveMedia.lib(ProxyServerMediaSession.obj) : warning LNK4208: “”中的 PDB 格式不兼容；删除并重新生成；正在链接对象，如同没有调试信息一样
liveMedia.lib(ProxyServerMediaSession.obj) : warning LNK4208: “”中的 PDB 格式不兼容；删除并重新生成；正在链接对象，如同没有调试信息一样
liveMedia.lib(ProxyServerMediaSession.obj) : warning LNK4208: “”中的 PDB 格式不兼容；删除并重新生成；正在链接对象，如同没有调试信息一样
liveMedia.lib(ProxyServerMediaSession.obj) : warning LNK4208: “”中的 PDB 格式不兼容；删除并重新生成；正在链接对象，如同没有调试信息一样
liveMedia.lib(ProxyServerMediaSession.obj) : warning LNK4208: “”中的 PDB 格式不兼容；删除并重新生成；正在链接对象，如同没有调试信息一样
liveMedia.lib(ProxyServerMediaSession.obj) : warning LNK4208: “”中的 PDB 格式不兼容；删除并重新生成；正在链接对象，如同没有调试信息一样
liveMedia.lib(ProxyServerMediaSession.obj) : warning LNK4208: “”中的 PDB 格式不兼容；删除并重新生成；正在链接对象，如同没有调试信息一样
liveMedia.lib(ProxyServerMediaSession.obj) : warning LNK4208: “”中的 PDB 格式不兼容；删除并重新生成；正在链接对象，如同没有调试信息一样
liveMedia.lib(ProxyServerMediaSession.obj) : warning LNK4208: “”中的 PDB 格式不兼容；删除并重新生成；正在链接对象，如同没有调试信息一样
liveMedia.lib(ProxyServerMediaSession.obj) : warning LNK4208: “”中的 PDB 格式不兼容；删除并重新生成；正在链接对象，如同没有调试信息一样
liveMedia.lib(ProxyServerMediaSession.obj) : warning LNK4208: “”中的 PDB 格式不兼容；删除并重新生成；正在链接对象，如同没有调试信息一样
liveMedia.lib(ProxyServerMediaSession.obj) : warning LNK4208: “”中的 PDB 格式不兼容；删除并重新生成；正在链接对象，如同没有调试信息一样
liveMedia.lib(ProxyServerMediaSession.obj) : warning LNK4208: “”中的 PDB 格式不兼容；删除并重新生成；正在链接对象，如同没有调试信息一样
liveMedia.lib(ProxyServerMediaSession.obj) : warning LNK4208: “”中的 PDB 格式不兼容；删除并重新生成；正在链接对象，如同没有调试信息一样
liveMedia.lib(ProxyServerMediaSession.obj) : warning LNK4208: “”中的 PDB 格式不兼容；删除并重新生成；正在链接对象，如同没有调试信息一样
liveMedia.lib(ProxyServerMediaSession.obj) : warning LNK4208: “”中的 PDB 格式不兼容；删除并重新生成；正在链接对象，如同没有调试信息一样
liveMedia.lib(ProxyServerMediaSession.obj) : warning LNK4208: “”中的 PDB 格式不兼容；删除并重新生成；正在链接对象，如同没有调试信息一样
liveMedia.lib(ProxyServerMediaSession.obj) : warning LNK4208: “”中的 PDB 格式不兼容；删除并重新生成；正在链接对象，如同没有调试信息一样
liveMedia.lib(ProxyServerMediaSession.obj) : warning LNK4208: “”中的 PDB 格式不兼容；删除并重新生成；正在链接对象，如同没有调试信息一样
liveMedia.lib(ProxyServerMediaSession.obj) : warning LNK4208: “”中的 PDB 格式不兼容；删除并重新生成；正在链接对象，如同没有调试信息一样
liveMedia.lib(ProxyServerMediaSession.obj) : warning LNK4208: “”中的 PDB 格式不兼容；删除并重新生成；正在链接对象，如同没有调试信息一样
liveMedia.lib(ProxyServerMediaSession.obj) : warning LNK4208: “”中的 PDB 格式不兼容；删除并重新生成；正在链接对象，如同没有调试信息一样
liveMedia.lib(ProxyServerMediaSession.obj) : warning LNK4208: “”中的 PDB 格式不兼容；删除并重新生成；正在链接对象，如同没有调试信息一样
liveMedia.lib(ProxyServerMediaSession.obj) : warning LNK4208: “”中的 PDB 格式不兼容；删除并重新生成；正在链接对象，如同没有调试信息一样
liveMedia.lib(ProxyServerMediaSession.obj) : warning LNK4208: “”中的 PDB 格式不兼容；删除并重新生成；正在链接对象，如同没有调试信息一样
liveMedia.lib(ProxyServerMediaSession.obj) : warning LNK4208: “”中的 PDB 格式不兼容；删除并重新生成；正在链接对象，如同没有调试信息一样
liveMedia.lib(ProxyServerMediaSession.obj) : warning LNK4208: “”中的 PDB 格式不兼容；删除并重新生成；正在链接对象，如同没有调试信息一样
liveMedia.lib(ProxyServerMediaSession.obj) : warning LNK4208: “”中的 PDB 格式不兼容；删除并重新生成；正在链接对象，如同没有调试信息一样
liveMedia.lib(ProxyServerMediaSession.obj) : warning LNK4208: “”中的 PDB 格式不兼容；删除并重新生成；正在链接对象，如同没有调试信息一样
liveMedia.lib(ProxyServerMediaSession.obj) : warning LNK4208: “”中的 PDB 格式不兼容；删除并重新生成；正在链接对象，如同没有调试信息一样
liveMedia.lib(ProxyServerMediaSession.obj) : warning LNK4208: “”中的 PDB 格式不兼容；删除并重新生成；正在链接对象，如同没有调试信息一样
liveMedia.lib(ProxyServerMediaSession.obj) : warning LNK4208: “”中的 PDB 格式不兼容；删除并重新生成；正在链接对象，如同没有调试信息一样
liveMedia.lib(ProxyServerMediaSession.obj) : warning LNK4208: “”中的 PDB 格式不兼容；删除并重新生成；正在链接对象，如同没有调试信息一样
liveMedia.lib(ProxyServerMediaSession.obj) : warning LNK4208: “”中的 PDB 格式不兼容；删除并重新生成；正在链接对象，如同没有调试信息一样
liveMedia.lib(ProxyServerMediaSession.obj) : warning LNK4208: “”中的 PDB 格式不兼容；删除并重新生成；正在链接对象，如同没有调试信息一样
liveMedia.lib(ProxyServerMediaSession.obj) : warning LNK4208: “”中的 PDB 格式不兼容；删除并重新生成；正在链接对象，如同没有调试信息一样
liveMedia.lib(ProxyServerMediaSession.obj) : warning LNK4208: “”中的 PDB 格式不兼容；删除并重新生成；正在链接对象，如同没有调试信息一样
liveMedia.lib(ProxyServerMediaSession.obj) : warning LNK4208: “”中的 PDB 格式不兼容；删除并重新生成；正在链接对象，如同没有调试信息一样
liveMedia.lib(InputFile.obj) : warning LNK4208: “”中的 PDB 格式不兼容；删除并重新生成；正在链接对象，如同没有调试信息一样
liveMedia.lib(InputFile.obj) : warning LNK4208: “”中的 PDB 格式不兼容；删除并重新生成；正在链接对象，如同没有调试信息一样
liveMedia.lib(InputFile.obj) : warning LNK4208: “”中的 PDB 格式不兼容；删除并重新生成；正在链接对象，如同没有调试信息一样
liveMedia.lib(InputFile.obj) : warning LNK4208: “”中的 PDB 格式不兼容；删除并重新生成；正在链接对象，如同没有调试信息一样
liveMedia.lib(InputFile.obj) : warning LNK4208: “”中的 PDB 格式不兼容；删除并重新生成；正在链接对象，如同没有调试信息一样
liveMedia.lib(InputFile.obj) : warning LNK4208: “”中的 PDB 格式不兼容；删除并重新生成；正在链接对象，如同没有调试信息一样
liveMedia.lib(InputFile.obj) : warning LNK4208: “”中的 PDB 格式不兼容；删除并重新生成；正在链接对象，如同没有调试信息一样
liveMedia.lib(InputFile.obj) : warning LNK4208: “”中的 PDB 格式不兼容；删除并重新生成；正在链接对象，如同没有调试信息一样
liveMedia.lib(InputFile.obj) : warning LNK4208: “”中的 PDB 格式不兼容；删除并重新生成；正在链接对象，如同没有调试信息一样
liveMedia.lib(InputFile.obj) : warning LNK4208: “”中的 PDB 格式不兼容；删除并重新生成；正在链接对象，如同没有调试信息一样
liveMedia.lib(InputFile.obj) : warning LNK4208: “”中的 PDB 格式不兼容；删除并重新生成；正在链接对象，如同没有调试信息一样
liveMedia.lib(InputFile.obj) : warning LNK4208: “”中的 PDB 格式不兼容；删除并重新生成；正在链接对象，如同没有调试信息一样
liveMedia.lib(InputFile.obj) : warning LNK4208: “”中的 PDB 格式不兼容；删除并重新生成；正在链接对象，如同没有调试信息一样
liveMedia.lib(InputFile.obj) : warning LNK4208: “”中的 PDB 格式不兼容；删除并重新生成；正在链接对象，如同没有调试信息一样
liveMedia.lib(InputFile.obj) : warning LNK4208: “”中的 PDB 格式不兼容；删除并重新生成；正在链接对象，如同没有调试信息一样
liveMedia.lib(InputFile.obj) : warning LNK4208: “”中的 PDB 格式不兼容；删除并重新生成；正在链接对象，如同没有调试信息一样
liveMedia.lib(InputFile.obj) : warning LNK4208: “”中的 PDB 格式不兼容；删除并重新生成；正在链接对象，如同没有调试信息一样
liveMedia.lib(InputFile.obj) : warning LNK4208: “”中的 PDB 格式不兼容；删除并重新生成；正在链接对象，如同没有调试信息一样
liveMedia.lib(InputFile.obj) : warning LNK4208: “”中的 PDB 格式不兼容；删除并重新生成；正在链接对象，如同没有调试信息一样
liveMedia.lib(InputFile.obj) : warning LNK4208: “”中的 PDB 格式不兼容；删除并重新生成；正在链接对象，如同没有调试信息一样
liveMedia.lib(InputFile.obj) : warning LNK4208: “”中的 PDB 格式不兼容；删除并重新生成；正在链接对象，如同没有调试信息一样
liveMedia.lib(InputFile.obj) : warning LNK4208: “”中的 PDB 格式不兼容；删除并重新生成；正在链接对象，如同没有调试信息一样
liveMedia.lib(InputFile.obj) : warning LNK4208: “”中的 PDB 格式不兼容；删除并重新生成；正在链接对象，如同没有调试信息一样
liveMedia.lib(InputFile.obj) : warning LNK4208: “”中的 PDB 格式不兼容；删除并重新生成；正在链接对象，如同没有调试信息一样
liveMedia.lib(InputFile.obj) : warning LNK4208: “”中的 PDB 格式不兼容；删除并重新生成；正在链接对象，如同没有调试信息一样
liveMedia.lib(InputFile.obj) : warning LNK4208: “”中的 PDB 格式不兼容；删除并重新生成；正在链接对象，如同没有调试信息一样
liveMedia.lib(InputFile.obj) : warning LNK4208: “”中的 PDB 格式不兼容；删除并重新生成；正在链接对象，如同没有调试信息一样
liveMedia.lib(InputFile.obj) : warning LNK4208: “”中的 PDB 格式不兼容；删除并重新生成；正在链接对象，如同没有调试信息一样
liveMedia.lib(InputFile.obj) : warning LNK4208: “”中的 PDB 格式不兼容；删除并重新生成；正在链接对象，如同没有调试信息一样
liveMedia.lib(InputFile.obj) : warning LNK4208: “”中的 PDB 格式不兼容；删除并重新生成；正在链接对象，如同没有调试信息一样
liveMedia.lib(InputFile.obj) : warning LNK4208: “”中的 PDB 格式不兼容；删除并重新生成；正在链接对象，如同没有调试信息一样
liveMedia.lib(InputFile.obj) : warning LNK4208: “”中的 PDB 格式不兼容；删除并重新生成；正在链接对象，如同没有调试信息一样
liveMedia.lib(InputFile.obj) : warning LNK4208: “”中的 PDB 格式不兼容；删除并重新生成；正在链接对象，如同没有调试信息一样
liveMedia.lib(InputFile.obj) : warning LNK4208: “”中的 PDB 格式不兼容；删除并重新生成；正在链接对象，如同没有调试信息一样
liveMedia.lib(InputFile.obj) : warning LNK4208: “”中的 PDB 格式不兼容；删除并重新生成；正在链接对象，如同没有调试信息一样
liveMedia.lib(InputFile.obj) : warning LNK4208: “”中的 PDB 格式不兼容；删除并重新生成；正在链接对象，如同没有调试信息一样
liveMedia.lib(InputFile.obj) : warning LNK4208: “”中的 PDB 格式不兼容；删除并重新生成；正在链接对象，如同没有调试信息一样
liveMedia.lib(InputFile.obj) : warning LNK4208: “”中的 PDB 格式不兼容；删除并重新生成；正在链接对象，如同没有调试信息一样
liveMedia.lib(InputFile.obj) : warning LNK4208: “”中的 PDB 格式不兼容；删除并重新生成；正在链接对象，如同没有调试信息一样
liveMedia.lib(InputFile.obj) : warning LNK4208: “”中的 PDB 格式不兼容；删除并重新生成；正在链接对象，如同没有调试信息一样
liveMedia.lib(InputFile.obj) : warning LNK4208: “”中的 PDB 格式不兼容；删除并重新生成；正在链接对象，如同没有调试信息一样
liveMedia.lib(InputFile.obj) : warning LNK4208: “”中的 PDB 格式不兼容；删除并重新生成；正在链接对象，如同没有调试信息一样
liveMedia.lib(InputFile.obj) : warning LNK4208: “”中的 PDB 格式不兼容；删除并重新生成；正在链接对象，如同没有调试信息一样
liveMedia.lib(InputFile.obj) : warning LNK4208: “”中的 PDB 格式不兼容；删除并重新生成；正在链接对象，如同没有调试信息一样
liveMedia.lib(InputFile.obj) : warning LNK4208: “”中的 PDB 格式不兼容；删除并重新生成；正在链接对象，如同没有调试信息一样
liveMedia.lib(InputFile.obj) : warning LNK4208: “”中的 PDB 格式不兼容；删除并重新生成；正在链接对象，如同没有调试信息一样
liveMedia.lib(InputFile.obj) : warning LNK4208: “”中的 PDB 格式不兼容；删除并重新生成；正在链接对象，如同没有调试信息一样
liveMedia.lib(InputFile.obj) : warning LNK4208: “”中的 PDB 格式不兼容；删除并重新生成；正在链接对象，如同没有调试信息一样
liveMedia.lib(InputFile.obj) : warning LNK4208: “”中的 PDB 格式不兼容；删除并重新生成；正在链接对象，如同没有调试信息一样
liveMedia.lib(InputFile.obj) : warning LNK4208: “”中的 PDB 格式不兼容；删除并重新生成；正在链接对象，如同没有调试信息一样
liveMedia.lib(MPEG1or2Demux.obj) : warning LNK4208: “”中的 PDB 格式不兼容；删除并重新生成；正在链接对象，如同没有调试信息一样
liveMedia.lib(MPEG1or2Demux.obj) : warning LNK4208: “”中的 PDB 格式不兼容；删除并重新生成；正在链接对象，如同没有调试信息一样
liveMedia.lib(MPEG1or2Demux.obj) : warning LNK4208: “”中的 PDB 格式不兼容；删除并重新生成；正在链接对象，如同没有调试信息一样
liveMedia.lib(MPEG1or2Demux.obj) : warning LNK4208: “”中的 PDB 格式不兼容；删除并重新生成；正在链接对象，如同没有调试信息一样
liveMedia.lib(InputFile.obj) : warning LNK4208: “”中的 PDB 格式不兼容；删除并重新生成；正在链接对象，如同没有调试信息一样
liveMedia.lib(MPEG1or2Demux.obj) : warning LNK4208: “”中的 PDB 格式不兼容；删除并重新生成；正在链接对象，如同没有调试信息一样
liveMedia.lib(InputFile.obj) : warning LNK4208: “”中的 PDB 格式不兼容；删除并重新生成；正在链接对象，如同没有调试信息一样
liveMedia.lib(MPEG1or2Demux.obj) : warning LNK4208: “”中的 PDB 格式不兼容；删除并重新生成；正在链接对象，如同没有调试信息一样
liveMedia.lib(MPEG1or2Demux.obj) : warning LNK4208: “”中的 PDB 格式不兼容；删除并重新生成；正在链接对象，如同没有调试信息一样
liveMedia.lib(MPEG1or2Demux.obj) : warning LNK4208: “”中的 PDB 格式不兼容；删除并重新生成；正在链接对象，如同没有调试信息一样
liveMedia.lib(MPEG1or2Demux.obj) : warning LNK4208: “”中的 PDB 格式不兼容；删除并重新生成；正在链接对象，如同没有调试信息一样
liveMedia.lib(MPEG1or2Demux.obj) : warning LNK4208: “”中的 PDB 格式不兼容；删除并重新生成；正在链接对象，如同没有调试信息一样
liveMedia.lib(MPEG1or2Demux.obj) : warning LNK4208: “”中的 PDB 格式不兼容；删除并重新生成；正在链接对象，如同没有调试信息一样
liveMedia.lib(MPEG1or2Demux.obj) : warning LNK4208: “”中的 PDB 格式不兼容；删除并重新生成；正在链接对象，如同没有调试信息一样
liveMedia.lib(MPEG1or2Demux.obj) : warning LNK4208: “”中的 PDB 格式不兼容；删除并重新生成；正在链接对象，如同没有调试信息一样
liveMedia.lib(MPEG1or2Demux.obj) : warning LNK4208: “”中的 PDB 格式不兼容；删除并重新生成；正在链接对象，如同没有调试信息一样
liveMedia.lib(MPEG1or2Demux.obj) : warning LNK4208: “”中的 PDB 格式不兼容；删除并重新生成；正在链接对象，如同没有调试信息一样
liveMedia.lib(MPEG1or2Demux.obj) : warning LNK4208: “”中的 PDB 格式不兼容；删除并重新生成；正在链接对象，如同没有调试信息一样
liveMedia.lib(MPEG1or2Demux.obj) : warning LNK4208: “”中的 PDB 格式不兼容；删除并重新生成；正在链接对象，如同没有调试信息一样
liveMedia.lib(MPEG1or2Demux.obj) : warning LNK4208: “”中的 PDB 格式不兼容；删除并重新生成；正在链接对象，如同没有调试信息一样
liveMedia.lib(MPEG1or2Demux.obj) : warning LNK4208: “”中的 PDB 格式不兼容；删除并重新生成；正在链接对象，如同没有调试信息一样
liveMedia.lib(MPEG1or2Demux.obj) : warning LNK4208: “”中的 PDB 格式不兼容；删除并重新生成；正在链接对象，如同没有调试信息一样
liveMedia.lib(MPEG1or2Demux.obj) : warning LNK4208: “”中的 PDB 格式不兼容；删除并重新生成；正在链接对象，如同没有调试信息一样
liveMedia.lib(MPEG1or2Demux.obj) : warning LNK4208: “”中的 PDB 格式不兼容；删除并重新生成；正在链接对象，如同没有调试信息一样
liveMedia.lib(BitVector.obj) : warning LNK4208: “”中的 PDB 格式不兼容；删除并重新生成；正在链接对象，如同没有调试信息一样
liveMedia.lib(BitVector.obj) : warning LNK4208: “”中的 PDB 格式不兼容；删除并重新生成；正在链接对象，如同没有调试信息一样
liveMedia.lib(BitVector.obj) : warning LNK4208: “”中的 PDB 格式不兼容；删除并重新生成；正在链接对象，如同没有调试信息一样
liveMedia.lib(BitVector.obj) : warning LNK4208: “”中的 PDB 格式不兼容；删除并重新生成；正在链接对象，如同没有调试信息一样
liveMedia.lib(BitVector.obj) : warning LNK4208: “”中的 PDB 格式不兼容；删除并重新生成；正在链接对象，如同没有调试信息一样
liveMedia.lib(BitVector.obj) : warning LNK4208: “”中的 PDB 格式不兼容；删除并重新生成；正在链接对象，如同没有调试信息一样
liveMedia.lib(BitVector.obj) : warning LNK4208: “”中的 PDB 格式不兼容；删除并重新生成；正在链接对象，如同没有调试信息一样
liveMedia.lib(BitVector.obj) : warning LNK4208: “”中的 PDB 格式不兼容；删除并重新生成；正在链接对象，如同没有调试信息一样
liveMedia.lib(BitVector.obj) : warning LNK4208: “”中的 PDB 格式不兼容；删除并重新生成；正在链接对象，如同没有调试信息一样
liveMedia.lib(BitVector.obj) : warning LNK4208: “”中的 PDB 格式不兼容；删除并重新生成；正在链接对象，如同没有调试信息一样
liveMedia.lib(BitVector.obj) : warning LNK4208: “”中的 PDB 格式不兼容；删除并重新生成；正在链接对象，如同没有调试信息一样
liveMedia.lib(MP3ADUdescriptor.obj) : warning LNK4208: “”中的 PDB 格式不兼容；删除并重新生成；正在链接对象，如同没有调试信息一样
liveMedia.lib(MP3ADUdescriptor.obj) : warning LNK4208: “”中的 PDB 格式不兼容；删除并重新生成；正在链接对象，如同没有调试信息一样
liveMedia.lib(MP3ADUdescriptor.obj) : warning LNK4208: “”中的 PDB 格式不兼容；删除并重新生成；正在链接对象，如同没有调试信息一样
liveMedia.lib(MP3ADUdescriptor.obj) : warning LNK4208: “”中的 PDB 格式不兼容；删除并重新生成；正在链接对象，如同没有调试信息一样
liveMedia.lib(MP3ADUdescriptor.obj) : warning LNK4208: “”中的 PDB 格式不兼容；删除并重新生成；正在链接对象，如同没有调试信息一样
liveMedia.lib(MP3ADUdescriptor.obj) : warning LNK4208: “”中的 PDB 格式不兼容；删除并重新生成；正在链接对象，如同没有调试信息一样
liveMedia.lib(MP3ADUdescriptor.obj) : warning LNK4208: “”中的 PDB 格式不兼容；删除并重新生成；正在链接对象，如同没有调试信息一样
liveMedia.lib(MP3ADUdescriptor.obj) : warning LNK4208: “”中的 PDB 格式不兼容；删除并重新生成；正在链接对象，如同没有调试信息一样
liveMedia.lib(MP3ADUdescriptor.obj) : warning LNK4208: “”中的 PDB 格式不兼容；删除并重新生成；正在链接对象，如同没有调试信息一样
liveMedia.lib(MP3ADUdescriptor.obj) : warning LNK4208: “”中的 PDB 格式不兼容；删除并重新生成；正在链接对象，如同没有调试信息一样
liveMedia.lib(MP3ADUdescriptor.obj) : warning LNK4208: “”中的 PDB 格式不兼容；删除并重新生成；正在链接对象，如同没有调试信息一样
liveMedia.lib(MP3ADUdescriptor.obj) : warning LNK4208: “”中的 PDB 格式不兼容；删除并重新生成；正在链接对象，如同没有调试信息一样
liveMedia.lib(MP3ADUdescriptor.obj) : warning LNK4208: “”中的 PDB 格式不兼容；删除并重新生成；正在链接对象，如同没有调试信息一样
liveMedia.lib(MP3ADUdescriptor.obj) : warning LNK4208: “”中的 PDB 格式不兼容；删除并重新生成；正在链接对象，如同没有调试信息一样
liveMedia.lib(MP3ADUdescriptor.obj) : warning LNK4208: “”中的 PDB 格式不兼容；删除并重新生成；正在链接对象，如同没有调试信息一样
liveMedia.lib(MP3ADUdescriptor.obj) : warning LNK4208: “”中的 PDB 格式不兼容；删除并重新生成；正在链接对象，如同没有调试信息一样
liveMedia.lib(MP3ADUdescriptor.obj) : warning LNK4208: “”中的 PDB 格式不兼容；删除并重新生成；正在链接对象，如同没有调试信息一样
liveMedia.lib(MP3ADUdescriptor.obj) : warning LNK4208: “”中的 PDB 格式不兼容；删除并重新生成；正在链接对象，如同没有调试信息一样
liveMedia.lib(MP3ADUdescriptor.obj) : warning LNK4208: “”中的 PDB 格式不兼容；删除并重新生成；正在链接对象，如同没有调试信息一样
liveMedia.lib(MP3ADUdescriptor.obj) : warning LNK4208: “”中的 PDB 格式不兼容；删除并重新生成；正在链接对象，如同没有调试信息一样
liveMedia.lib(MP3ADUdescriptor.obj) : warning LNK4208: “”中的 PDB 格式不兼容；删除并重新生成；正在链接对象，如同没有调试信息一样
liveMedia.lib(MP3ADUdescriptor.obj) : warning LNK4208: “”中的 PDB 格式不兼容；删除并重新生成；正在链接对象，如同没有调试信息一样
liveMedia.lib(FramedFilter.obj) : warning LNK4208: “”中的 PDB 格式不兼容；删除并重新生成；正在链接对象，如同没有调试信息一样
liveMedia.lib(FramedFilter.obj) : warning LNK4208: “”中的 PDB 格式不兼容；删除并重新生成；正在链接对象，如同没有调试信息一样
liveMedia.lib(FramedFilter.obj) : warning LNK4208: “”中的 PDB 格式不兼容；删除并重新生成；正在链接对象，如同没有调试信息一样
liveMedia.lib(FramedFilter.obj) : warning LNK4208: “”中的 PDB 格式不兼容；删除并重新生成；正在链接对象，如同没有调试信息一样
liveMedia.lib(FramedFilter.obj) : warning LNK4208: “”中的 PDB 格式不兼容；删除并重新生成；正在链接对象，如同没有调试信息一样
liveMedia.lib(FramedFilter.obj) : warning LNK4208: “”中的 PDB 格式不兼容；删除并重新生成；正在链接对象，如同没有调试信息一样
liveMedia.lib(FramedFilter.obj) : warning LNK4208: “”中的 PDB 格式不兼容；删除并重新生成；正在链接对象，如同没有调试信息一样
liveMedia.lib(FramedFilter.obj) : warning LNK4208: “”中的 PDB 格式不兼容；删除并重新生成；正在链接对象，如同没有调试信息一样
liveMedia.lib(FramedFilter.obj) : warning LNK4208: “”中的 PDB 格式不兼容；删除并重新生成；正在链接对象，如同没有调试信息一样
liveMedia.lib(FramedFilter.obj) : warning LNK4208: “”中的 PDB 格式不兼容；删除并重新生成；正在链接对象，如同没有调试信息一样
liveMedia.lib(FramedFilter.obj) : warning LNK4208: “”中的 PDB 格式不兼容；删除并重新生成；正在链接对象，如同没有调试信息一样
liveMedia.lib(FramedFilter.obj) : warning LNK4208: “”中的 PDB 格式不兼容；删除并重新生成；正在链接对象，如同没有调试信息一样
liveMedia.lib(FramedFilter.obj) : warning LNK4208: “”中的 PDB 格式不兼容；删除并重新生成；正在链接对象，如同没有调试信息一样
liveMedia.lib(FramedFilter.obj) : warning LNK4208: “”中的 PDB 格式不兼容；删除并重新生成；正在链接对象，如同没有调试信息一样
liveMedia.lib(FramedFilter.obj) : warning LNK4208: “”中的 PDB 格式不兼容；删除并重新生成；正在链接对象，如同没有调试信息一样
liveMedia.lib(FramedFilter.obj) : warning LNK4208: “”中的 PDB 格式不兼容；删除并重新生成；正在链接对象，如同没有调试信息一样
liveMedia.lib(FramedFilter.obj) : warning LNK4208: “”中的 PDB 格式不兼容；删除并重新生成；正在链接对象，如同没有调试信息一样
liveMedia.lib(FramedFilter.obj) : warning LNK4208: “”中的 PDB 格式不兼容；删除并重新生成；正在链接对象，如同没有调试信息一样
liveMedia.lib(FramedFilter.obj) : warning LNK4208: “”中的 PDB 格式不兼容；删除并重新生成；正在链接对象，如同没有调试信息一样
liveMedia.lib(FramedFilter.obj) : warning LNK4208: “”中的 PDB 格式不兼容；删除并重新生成；正在链接对象，如同没有调试信息一样
liveMedia.lib(FramedFilter.obj) : warning LNK4208: “”中的 PDB 格式不兼容；删除并重新生成；正在链接对象，如同没有调试信息一样
liveMedia.lib(FramedFilter.obj) : warning LNK4208: “”中的 PDB 格式不兼容；删除并重新生成；正在链接对象，如同没有调试信息一样
liveMedia.lib(AMRAudioSource.obj) : warning LNK4208: “”中的 PDB 格式不兼容；删除并重新生成；正在链接对象，如同没有调试信息一样
liveMedia.lib(AMRAudioSource.obj) : warning LNK4208: “”中的 PDB 格式不兼容；删除并重新生成；正在链接对象，如同没有调试信息一样
liveMedia.lib(AMRAudioSource.obj) : warning LNK4208: “”中的 PDB 格式不兼容；删除并重新生成；正在链接对象，如同没有调试信息一样
liveMedia.lib(AMRAudioSource.obj) : warning LNK4208: “”中的 PDB 格式不兼容；删除并重新生成；正在链接对象，如同没有调试信息一样
liveMedia.lib(AMRAudioSource.obj) : warning LNK4208: “”中的 PDB 格式不兼容；删除并重新生成；正在链接对象，如同没有调试信息一样
liveMedia.lib(AMRAudioSource.obj) : warning LNK4208: “”中的 PDB 格式不兼容；删除并重新生成；正在链接对象，如同没有调试信息一样
liveMedia.lib(AMRAudioSource.obj) : warning LNK4208: “”中的 PDB 格式不兼容；删除并重新生成；正在链接对象，如同没有调试信息一样
liveMedia.lib(AMRAudioSource.obj) : warning LNK4208: “”中的 PDB 格式不兼容；删除并重新生成；正在链接对象，如同没有调试信息一样
liveMedia.lib(AMRAudioSource.obj) : warning LNK4208: “”中的 PDB 格式不兼容；删除并重新生成；正在链接对象，如同没有调试信息一样
liveMedia.lib(AMRAudioSource.obj) : warning LNK4208: “”中的 PDB 格式不兼容；删除并重新生成；正在链接对象，如同没有调试信息一样
liveMedia.lib(AMRAudioSource.obj) : warning LNK4208: “”中的 PDB 格式不兼容；删除并重新生成；正在链接对象，如同没有调试信息一样
liveMedia.lib(AMRAudioSource.obj) : warning LNK4208: “”中的 PDB 格式不兼容；删除并重新生成；正在链接对象，如同没有调试信息一样
liveMedia.lib(AMRAudioSource.obj) : warning LNK4208: “”中的 PDB 格式不兼容；删除并重新生成；正在链接对象，如同没有调试信息一样
liveMedia.lib(AMRAudioSource.obj) : warning LNK4208: “”中的 PDB 格式不兼容；删除并重新生成；正在链接对象，如同没有调试信息一样
liveMedia.lib(MP3Internals.obj) : warning LNK4208: “”中的 PDB 格式不兼容；删除并重新生成；正在链接对象，如同没有调试信息一样
liveMedia.lib(MP3Internals.obj) : warning LNK4208: “”中的 PDB 格式不兼容；删除并重新生成；正在链接对象，如同没有调试信息一样
liveMedia.lib(MP3Internals.obj) : warning LNK4208: “”中的 PDB 格式不兼容；删除并重新生成；正在链接对象，如同没有调试信息一样
liveMedia.lib(MP3Internals.obj) : warning LNK4208: “”中的 PDB 格式不兼容；删除并重新生成；正在链接对象，如同没有调试信息一样
liveMedia.lib(MP3Internals.obj) : warning LNK4208: “”中的 PDB 格式不兼容；删除并重新生成；正在链接对象，如同没有调试信息一样
liveMedia.lib(MP3Internals.obj) : warning LNK4208: “”中的 PDB 格式不兼容；删除并重新生成；正在链接对象，如同没有调试信息一样
liveMedia.lib(AMRAudioSource.obj) : warning LNK4208: “”中的 PDB 格式不兼容；删除并重新生成；正在链接对象，如同没有调试信息一样
liveMedia.lib(MP3Internals.obj) : warning LNK4208: “”中的 PDB 格式不兼容；删除并重新生成；正在链接对象，如同没有调试信息一样
liveMedia.lib(MP3Internals.obj) : warning LNK4208: “”中的 PDB 格式不兼容；删除并重新生成；正在链接对象，如同没有调试信息一样
liveMedia.lib(MP3Internals.obj) : warning LNK4208: “”中的 PDB 格式不兼容；删除并重新生成；正在链接对象，如同没有调试信息一样
liveMedia.lib(MP3Internals.obj) : warning LNK4208: “”中的 PDB 格式不兼容；删除并重新生成；正在链接对象，如同没有调试信息一样
liveMedia.lib(MP3Internals.obj) : warning LNK4208: “”中的 PDB 格式不兼容；删除并重新生成；正在链接对象，如同没有调试信息一样
liveMedia.lib(MP3Internals.obj) : warning LNK4208: “”中的 PDB 格式不兼容；删除并重新生成；正在链接对象，如同没有调试信息一样
liveMedia.lib(MP3Internals.obj) : warning LNK4208: “”中的 PDB 格式不兼容；删除并重新生成；正在链接对象，如同没有调试信息一样
liveMedia.lib(MP3Internals.obj) : warning LNK4208: “”中的 PDB 格式不兼容；删除并重新生成；正在链接对象，如同没有调试信息一样
liveMedia.lib(MP3Internals.obj) : warning LNK4208: “”中的 PDB 格式不兼容；删除并重新生成；正在链接对象，如同没有调试信息一样
liveMedia.lib(MP3Internals.obj) : warning LNK4208: “”中的 PDB 格式不兼容；删除并重新生成；正在链接对象，如同没有调试信息一样
liveMedia.lib(MP3Internals.obj) : warning LNK4208: “”中的 PDB 格式不兼容；删除并重新生成；正在链接对象，如同没有调试信息一样
liveMedia.lib(MPEG1or2AudioRTPSink.obj) : warning LNK4208: “”中的 PDB 格式不兼容；删除并重新生成；正在链接对象，如同没有调试信息一样
liveMedia.lib(MPEG1or2AudioRTPSink.obj) : warning LNK4208: “”中的 PDB 格式不兼容；删除并重新生成；正在链接对象，如同没有调试信息一样
liveMedia.lib(MPEG1or2AudioRTPSink.obj) : warning LNK4208: “”中的 PDB 格式不兼容；删除并重新生成；正在链接对象，如同没有调试信息一样
liveMedia.lib(MPEG1or2AudioRTPSink.obj) : warning LNK4208: “”中的 PDB 格式不兼容；删除并重新生成；正在链接对象，如同没有调试信息一样
liveMedia.lib(MPEG1or2AudioRTPSink.obj) : warning LNK4208: “”中的 PDB 格式不兼容；删除并重新生成；正在链接对象，如同没有调试信息一样
liveMedia.lib(MPEG1or2AudioRTPSink.obj) : warning LNK4208: “”中的 PDB 格式不兼容；删除并重新生成；正在链接对象，如同没有调试信息一样
liveMedia.lib(MPEG1or2AudioRTPSink.obj) : warning LNK4208: “”中的 PDB 格式不兼容；删除并重新生成；正在链接对象，如同没有调试信息一样
liveMedia.lib(MPEG1or2AudioRTPSink.obj) : warning LNK4208: “”中的 PDB 格式不兼容；删除并重新生成；正在链接对象，如同没有调试信息一样
liveMedia.lib(MPEG1or2AudioRTPSink.obj) : warning LNK4208: “”中的 PDB 格式不兼容；删除并重新生成；正在链接对象，如同没有调试信息一样
liveMedia.lib(MPEG1or2AudioRTPSink.obj) : warning LNK4208: “”中的 PDB 格式不兼容；删除并重新生成；正在链接对象，如同没有调试信息一样
liveMedia.lib(MPEG1or2AudioRTPSink.obj) : warning LNK4208: “”中的 PDB 格式不兼容；删除并重新生成；正在链接对象，如同没有调试信息一样
liveMedia.lib(MPEG1or2AudioRTPSink.obj) : warning LNK4208: “”中的 PDB 格式不兼容；删除并重新生成；正在链接对象，如同没有调试信息一样
liveMedia.lib(MPEG1or2AudioRTPSink.obj) : warning LNK4208: “”中的 PDB 格式不兼容；删除并重新生成；正在链接对象，如同没有调试信息一样
liveMedia.lib(MPEG1or2AudioRTPSink.obj) : warning LNK4208: “”中的 PDB 格式不兼容；删除并重新生成；正在链接对象，如同没有调试信息一样
liveMedia.lib(MPEG1or2AudioRTPSink.obj) : warning LNK4208: “”中的 PDB 格式不兼容；删除并重新生成；正在链接对象，如同没有调试信息一样
liveMedia.lib(MPEG1or2AudioRTPSink.obj) : warning LNK4208: “”中的 PDB 格式不兼容；删除并重新生成；正在链接对象，如同没有调试信息一样
liveMedia.lib(MPEG1or2AudioRTPSink.obj) : warning LNK4208: “”中的 PDB 格式不兼容；删除并重新生成；正在链接对象，如同没有调试信息一样
liveMedia.lib(MPEG1or2AudioRTPSink.obj) : warning LNK4208: “”中的 PDB 格式不兼容；删除并重新生成；正在链接对象，如同没有调试信息一样
liveMedia.lib(MPEG1or2AudioRTPSink.obj) : warning LNK4208: “”中的 PDB 格式不兼容；删除并重新生成；正在链接对象，如同没有调试信息一样
liveMedia.lib(MPEG1or2AudioRTPSink.obj) : warning LNK4208: “”中的 PDB 格式不兼容；删除并重新生成；正在链接对象，如同没有调试信息一样
liveMedia.lib(MPEG1or2AudioRTPSink.obj) : warning LNK4208: “”中的 PDB 格式不兼容；删除并重新生成；正在链接对象，如同没有调试信息一样
liveMedia.lib(MPEG1or2AudioRTPSink.obj) : warning LNK4208: “”中的 PDB 格式不兼容；删除并重新生成；正在链接对象，如同没有调试信息一样
liveMedia.lib(MPEG1or2AudioRTPSink.obj) : warning LNK4208: “”中的 PDB 格式不兼容；删除并重新生成；正在链接对象，如同没有调试信息一样
liveMedia.lib(MP3ADURTPSink.obj) : warning LNK4208: “”中的 PDB 格式不兼容；删除并重新生成；正在链接对象，如同没有调试信息一样
liveMedia.lib(MP3ADURTPSink.obj) : warning LNK4208: “”中的 PDB 格式不兼容；删除并重新生成；正在链接对象，如同没有调试信息一样
liveMedia.lib(MP3ADURTPSink.obj) : warning LNK4208: “”中的 PDB 格式不兼容；删除并重新生成；正在链接对象，如同没有调试信息一样
liveMedia.lib(MP3ADURTPSink.obj) : warning LNK4208: “”中的 PDB 格式不兼容；删除并重新生成；正在链接对象，如同没有调试信息一样
liveMedia.lib(MP3ADURTPSink.obj) : warning LNK4208: “”中的 PDB 格式不兼容；删除并重新生成；正在链接对象，如同没有调试信息一样
liveMedia.lib(MP3ADURTPSink.obj) : warning LNK4208: “”中的 PDB 格式不兼容；删除并重新生成；正在链接对象，如同没有调试信息一样
liveMedia.lib(MP3ADURTPSink.obj) : warning LNK4208: “”中的 PDB 格式不兼容；删除并重新生成；正在链接对象，如同没有调试信息一样
liveMedia.lib(MP3ADURTPSink.obj) : warning LNK4208: “”中的 PDB 格式不兼容；删除并重新生成；正在链接对象，如同没有调试信息一样
liveMedia.lib(MP3ADURTPSink.obj) : warning LNK4208: “”中的 PDB 格式不兼容；删除并重新生成；正在链接对象，如同没有调试信息一样
liveMedia.lib(MP3ADURTPSink.obj) : warning LNK4208: “”中的 PDB 格式不兼容；删除并重新生成；正在链接对象，如同没有调试信息一样
liveMedia.lib(MP3ADURTPSink.obj) : warning LNK4208: “”中的 PDB 格式不兼容；删除并重新生成；正在链接对象，如同没有调试信息一样
liveMedia.lib(MP3ADURTPSink.obj) : warning LNK4208: “”中的 PDB 格式不兼容；删除并重新生成；正在链接对象，如同没有调试信息一样
liveMedia.lib(MP3ADURTPSink.obj) : warning LNK4208: “”中的 PDB 格式不兼容；删除并重新生成；正在链接对象，如同没有调试信息一样
liveMedia.lib(MP3ADURTPSink.obj) : warning LNK4208: “”中的 PDB 格式不兼容；删除并重新生成；正在链接对象，如同没有调试信息一样
liveMedia.lib(MP3ADURTPSink.obj) : warning LNK4208: “”中的 PDB 格式不兼容；删除并重新生成；正在链接对象，如同没有调试信息一样
liveMedia.lib(MP3ADURTPSink.obj) : warning LNK4208: “”中的 PDB 格式不兼容；删除并重新生成；正在链接对象，如同没有调试信息一样
liveMedia.lib(MP3ADURTPSink.obj) : warning LNK4208: “”中的 PDB 格式不兼容；删除并重新生成；正在链接对象，如同没有调试信息一样
liveMedia.lib(MP3ADURTPSink.obj) : warning LNK4208: “”中的 PDB 格式不兼容；删除并重新生成；正在链接对象，如同没有调试信息一样
liveMedia.lib(MP3ADURTPSink.obj) : warning LNK4208: “”中的 PDB 格式不兼容；删除并重新生成；正在链接对象，如同没有调试信息一样
liveMedia.lib(MP3ADURTPSink.obj) : warning LNK4208: “”中的 PDB 格式不兼容；删除并重新生成；正在链接对象，如同没有调试信息一样
liveMedia.lib(MP3ADURTPSink.obj) : warning LNK4208: “”中的 PDB 格式不兼容；删除并重新生成；正在链接对象，如同没有调试信息一样
liveMedia.lib(MP3ADURTPSink.obj) : warning LNK4208: “”中的 PDB 格式不兼容；删除并重新生成；正在链接对象，如同没有调试信息一样
liveMedia.lib(MP3ADURTPSink.obj) : warning LNK4208: “”中的 PDB 格式不兼容；删除并重新生成；正在链接对象，如同没有调试信息一样
liveMedia.lib(MP3ADURTPSink.obj) : warning LNK4208: “”中的 PDB 格式不兼容；删除并重新生成；正在链接对象，如同没有调试信息一样
liveMedia.lib(MP3ADURTPSink.obj) : warning LNK4208: “”中的 PDB 格式不兼容；删除并重新生成；正在链接对象，如同没有调试信息一样
liveMedia.lib(MP3ADURTPSink.obj) : warning LNK4208: “”中的 PDB 格式不兼容；删除并重新生成；正在链接对象，如同没有调试信息一样
liveMedia.lib(MP3ADURTPSink.obj) : warning LNK4208: “”中的 PDB 格式不兼容；删除并重新生成；正在链接对象，如同没有调试信息一样
liveMedia.lib(MP3ADURTPSink.obj) : warning LNK4208: “”中的 PDB 格式不兼容；删除并重新生成；正在链接对象，如同没有调试信息一样
liveMedia.lib(MPEG1or2VideoRTPSink.obj) : warning LNK4208: “”中的 PDB 格式不兼容；删除并重新生成；正在链接对象，如同没有调试信息一样
liveMedia.lib(MPEG1or2VideoRTPSink.obj) : warning LNK4208: “”中的 PDB 格式不兼容；删除并重新生成；正在链接对象，如同没有调试信息一样
liveMedia.lib(MPEG1or2VideoRTPSink.obj) : warning LNK4208: “”中的 PDB 格式不兼容；删除并重新生成；正在链接对象，如同没有调试信息一样
liveMedia.lib(MPEG1or2VideoRTPSink.obj) : warning LNK4208: “”中的 PDB 格式不兼容；删除并重新生成；正在链接对象，如同没有调试信息一样
liveMedia.lib(MPEG1or2VideoRTPSink.obj) : warning LNK4208: “”中的 PDB 格式不兼容；删除并重新生成；正在链接对象，如同没有调试信息一样
liveMedia.lib(MP3ADURTPSink.obj) : warning LNK4208: “”中的 PDB 格式不兼容；删除并重新生成；正在链接对象，如同没有调试信息一样
liveMedia.lib(MP3ADURTPSink.obj) : warning LNK4208: “”中的 PDB 格式不兼容；删除并重新生成；正在链接对象，如同没有调试信息一样
liveMedia.lib(MP3ADURTPSink.obj) : warning LNK4208: “”中的 PDB 格式不兼容；删除并重新生成；正在链接对象，如同没有调试信息一样
liveMedia.lib(MPEG1or2VideoRTPSink.obj) : warning LNK4208: “”中的 PDB 格式不兼容；删除并重新生成；正在链接对象，如同没有调试信息一样
liveMedia.lib(MPEG1or2VideoRTPSink.obj) : warning LNK4208: “”中的 PDB 格式不兼容；删除并重新生成；正在链接对象，如同没有调试信息一样
liveMedia.lib(MPEG1or2VideoRTPSink.obj) : warning LNK4208: “”中的 PDB 格式不兼容；删除并重新生成；正在链接对象，如同没有调试信息一样
liveMedia.lib(MPEG1or2VideoRTPSink.obj) : warning LNK4208: “”中的 PDB 格式不兼容；删除并重新生成；正在链接对象，如同没有调试信息一样
liveMedia.lib(MPEG1or2VideoRTPSink.obj) : warning LNK4208: “”中的 PDB 格式不兼容；删除并重新生成；正在链接对象，如同没有调试信息一样
liveMedia.lib(MPEG1or2VideoRTPSink.obj) : warning LNK4208: “”中的 PDB 格式不兼容；删除并重新生成；正在链接对象，如同没有调试信息一样
liveMedia.lib(MPEG1or2VideoRTPSink.obj) : warning LNK4208: “”中的 PDB 格式不兼容；删除并重新生成；正在链接对象，如同没有调试信息一样
liveMedia.lib(MPEG1or2VideoRTPSink.obj) : warning LNK4208: “”中的 PDB 格式不兼容；删除并重新生成；正在链接对象，如同没有调试信息一样
liveMedia.lib(MPEG1or2VideoRTPSink.obj) : warning LNK4208: “”中的 PDB 格式不兼容；删除并重新生成；正在链接对象，如同没有调试信息一样
liveMedia.lib(MPEG1or2VideoRTPSink.obj) : warning LNK4208: “”中的 PDB 格式不兼容；删除并重新生成；正在链接对象，如同没有调试信息一样
liveMedia.lib(MPEG1or2VideoRTPSink.obj) : warning LNK4208: “”中的 PDB 格式不兼容；删除并重新生成；正在链接对象，如同没有调试信息一样
liveMedia.lib(MPEG1or2VideoRTPSink.obj) : warning LNK4208: “”中的 PDB 格式不兼容；删除并重新生成；正在链接对象，如同没有调试信息一样
liveMedia.lib(MPEG1or2VideoRTPSink.obj) : warning LNK4208: “”中的 PDB 格式不兼容；删除并重新生成；正在链接对象，如同没有调试信息一样
liveMedia.lib(MPEG1or2VideoRTPSink.obj) : warning LNK4208: “”中的 PDB 格式不兼容；删除并重新生成；正在链接对象，如同没有调试信息一样
liveMedia.lib(MPEG1or2VideoRTPSink.obj) : warning LNK4208: “”中的 PDB 格式不兼容；删除并重新生成；正在链接对象，如同没有调试信息一样
liveMedia.lib(MPEG1or2VideoRTPSink.obj) : warning LNK4208: “”中的 PDB 格式不兼容；删除并重新生成；正在链接对象，如同没有调试信息一样
liveMedia.lib(MPEG1or2VideoRTPSink.obj) : warning LNK4208: “”中的 PDB 格式不兼容；删除并重新生成；正在链接对象，如同没有调试信息一样
liveMedia.lib(MPEG1or2VideoRTPSink.obj) : warning LNK4208: “”中的 PDB 格式不兼容；删除并重新生成；正在链接对象，如同没有调试信息一样
liveMedia.lib(MPEG1or2VideoRTPSink.obj) : warning LNK4208: “”中的 PDB 格式不兼容；删除并重新生成；正在链接对象，如同没有调试信息一样
liveMedia.lib(MPEG1or2VideoRTPSink.obj) : warning LNK4208: “”中的 PDB 格式不兼容；删除并重新生成；正在链接对象，如同没有调试信息一样
liveMedia.lib(MPEG1or2VideoRTPSink.obj) : warning LNK4208: “”中的 PDB 格式不兼容；删除并重新生成；正在链接对象，如同没有调试信息一样
liveMedia.lib(MPEG1or2VideoRTPSink.obj) : warning LNK4208: “”中的 PDB 格式不兼容；删除并重新生成；正在链接对象，如同没有调试信息一样
liveMedia.lib(MPEG1or2VideoRTPSink.obj) : warning LNK4208: “”中的 PDB 格式不兼容；删除并重新生成；正在链接对象，如同没有调试信息一样
liveMedia.lib(MPEG1or2VideoRTPSink.obj) : warning LNK4208: “”中的 PDB 格式不兼容；删除并重新生成；正在链接对象，如同没有调试信息一样
liveMedia.lib(MPEG1or2VideoRTPSink.obj) : warning LNK4208: “”中的 PDB 格式不兼容；删除并重新生成；正在链接对象，如同没有调试信息一样
liveMedia.lib(MPEG1or2VideoRTPSink.obj) : warning LNK4208: “”中的 PDB 格式不兼容；删除并重新生成；正在链接对象，如同没有调试信息一样
liveMedia.lib(MPEG4ESVideoRTPSink.obj) : warning LNK4208: “”中的 PDB 格式不兼容；删除并重新生成；正在链接对象，如同没有调试信息一样
liveMedia.lib(MPEG4ESVideoRTPSink.obj) : warning LNK4208: “”中的 PDB 格式不兼容；删除并重新生成；正在链接对象，如同没有调试信息一样
liveMedia.lib(MPEG4ESVideoRTPSink.obj) : warning LNK4208: “”中的 PDB 格式不兼容；删除并重新生成；正在链接对象，如同没有调试信息一样
liveMedia.lib(MPEG4ESVideoRTPSink.obj) : warning LNK4208: “”中的 PDB 格式不兼容；删除并重新生成；正在链接对象，如同没有调试信息一样
liveMedia.lib(MPEG4ESVideoRTPSink.obj) : warning LNK4208: “”中的 PDB 格式不兼容；删除并重新生成；正在链接对象，如同没有调试信息一样
liveMedia.lib(MPEG4ESVideoRTPSink.obj) : warning LNK4208: “”中的 PDB 格式不兼容；删除并重新生成；正在链接对象，如同没有调试信息一样
liveMedia.lib(MPEG4ESVideoRTPSink.obj) : warning LNK4208: “”中的 PDB 格式不兼容；删除并重新生成；正在链接对象，如同没有调试信息一样
liveMedia.lib(MPEG4ESVideoRTPSink.obj) : warning LNK4208: “”中的 PDB 格式不兼容；删除并重新生成；正在链接对象，如同没有调试信息一样
liveMedia.lib(MPEG4ESVideoRTPSink.obj) : warning LNK4208: “”中的 PDB 格式不兼容；删除并重新生成；正在链接对象，如同没有调试信息一样
liveMedia.lib(MPEG4ESVideoRTPSink.obj) : warning LNK4208: “”中的 PDB 格式不兼容；删除并重新生成；正在链接对象，如同没有调试信息一样
liveMedia.lib(MPEG4ESVideoRTPSink.obj) : warning LNK4208: “”中的 PDB 格式不兼容；删除并重新生成；正在链接对象，如同没有调试信息一样
liveMedia.lib(MPEG4ESVideoRTPSink.obj) : warning LNK4208: “”中的 PDB 格式不兼容；删除并重新生成；正在链接对象，如同没有调试信息一样
liveMedia.lib(MPEG4ESVideoRTPSink.obj) : warning LNK4208: “”中的 PDB 格式不兼容；删除并重新生成；正在链接对象，如同没有调试信息一样
liveMedia.lib(MPEG4ESVideoRTPSink.obj) : warning LNK4208: “”中的 PDB 格式不兼容；删除并重新生成；正在链接对象，如同没有调试信息一样
liveMedia.lib(MPEG4ESVideoRTPSink.obj) : warning LNK4208: “”中的 PDB 格式不兼容；删除并重新生成；正在链接对象，如同没有调试信息一样
liveMedia.lib(MPEG4ESVideoRTPSink.obj) : warning LNK4208: “”中的 PDB 格式不兼容；删除并重新生成；正在链接对象，如同没有调试信息一样
liveMedia.lib(MPEG4ESVideoRTPSink.obj) : warning LNK4208: “”中的 PDB 格式不兼容；删除并重新生成；正在链接对象，如同没有调试信息一样
liveMedia.lib(MPEG4ESVideoRTPSink.obj) : warning LNK4208: “”中的 PDB 格式不兼容；删除并重新生成；正在链接对象，如同没有调试信息一样
liveMedia.lib(MPEG4ESVideoRTPSink.obj) : warning LNK4208: “”中的 PDB 格式不兼容；删除并重新生成；正在链接对象，如同没有调试信息一样
liveMedia.lib(MPEG4ESVideoRTPSink.obj) : warning LNK4208: “”中的 PDB 格式不兼容；删除并重新生成；正在链接对象，如同没有调试信息一样
liveMedia.lib(GSMAudioRTPSink.obj) : warning LNK4208: “”中的 PDB 格式不兼容；删除并重新生成；正在链接对象，如同没有调试信息一样
liveMedia.lib(GSMAudioRTPSink.obj) : warning LNK4208: “”中的 PDB 格式不兼容；删除并重新生成；正在链接对象，如同没有调试信息一样
liveMedia.lib(GSMAudioRTPSink.obj) : warning LNK4208: “”中的 PDB 格式不兼容；删除并重新生成；正在链接对象，如同没有调试信息一样
liveMedia.lib(GSMAudioRTPSink.obj) : warning LNK4208: “”中的 PDB 格式不兼容；删除并重新生成；正在链接对象，如同没有调试信息一样
liveMedia.lib(MPEG4ESVideoRTPSink.obj) : warning LNK4208: “”中的 PDB 格式不兼容；删除并重新生成；正在链接对象，如同没有调试信息一样
liveMedia.lib(GSMAudioRTPSink.obj) : warning LNK4208: “”中的 PDB 格式不兼容；删除并重新生成；正在链接对象，如同没有调试信息一样
liveMedia.lib(GSMAudioRTPSink.obj) : warning LNK4208: “”中的 PDB 格式不兼容；删除并重新生成；正在链接对象，如同没有调试信息一样
liveMedia.lib(GSMAudioRTPSink.obj) : warning LNK4208: “”中的 PDB 格式不兼容；删除并重新生成；正在链接对象，如同没有调试信息一样
liveMedia.lib(GSMAudioRTPSink.obj) : warning LNK4208: “”中的 PDB 格式不兼容；删除并重新生成；正在链接对象，如同没有调试信息一样
liveMedia.lib(GSMAudioRTPSink.obj) : warning LNK4208: “”中的 PDB 格式不兼容；删除并重新生成；正在链接对象，如同没有调试信息一样
liveMedia.lib(GSMAudioRTPSink.obj) : warning LNK4208: “”中的 PDB 格式不兼容；删除并重新生成；正在链接对象，如同没有调试信息一样
liveMedia.lib(GSMAudioRTPSink.obj) : warning LNK4208: “”中的 PDB 格式不兼容；删除并重新生成；正在链接对象，如同没有调试信息一样
liveMedia.lib(GSMAudioRTPSink.obj) : warning LNK4208: “”中的 PDB 格式不兼容；删除并重新生成；正在链接对象，如同没有调试信息一样
liveMedia.lib(GSMAudioRTPSink.obj) : warning LNK4208: “”中的 PDB 格式不兼容；删除并重新生成；正在链接对象，如同没有调试信息一样
liveMedia.lib(GSMAudioRTPSink.obj) : warning LNK4208: “”中的 PDB 格式不兼容；删除并重新生成；正在链接对象，如同没有调试信息一样
liveMedia.lib(GSMAudioRTPSink.obj) : warning LNK4208: “”中的 PDB 格式不兼容；删除并重新生成；正在链接对象，如同没有调试信息一样
liveMedia.lib(GSMAudioRTPSink.obj) : warning LNK4208: “”中的 PDB 格式不兼容；删除并重新生成；正在链接对象，如同没有调试信息一样
liveMedia.lib(GSMAudioRTPSink.obj) : warning LNK4208: “”中的 PDB 格式不兼容；删除并重新生成；正在链接对象，如同没有调试信息一样
liveMedia.lib(GSMAudioRTPSink.obj) : warning LNK4208: “”中的 PDB 格式不兼容；删除并重新生成；正在链接对象，如同没有调试信息一样
liveMedia.lib(GSMAudioRTPSink.obj) : warning LNK4208: “”中的 PDB 格式不兼容；删除并重新生成；正在链接对象，如同没有调试信息一样
liveMedia.lib(GSMAudioRTPSink.obj) : warning LNK4208: “”中的 PDB 格式不兼容；删除并重新生成；正在链接对象，如同没有调试信息一样
liveMedia.lib(GSMAudioRTPSink.obj) : warning LNK4208: “”中的 PDB 格式不兼容；删除并重新生成；正在链接对象，如同没有调试信息一样
liveMedia.lib(GSMAudioRTPSink.obj) : warning LNK4208: “”中的 PDB 格式不兼容；删除并重新生成；正在链接对象，如同没有调试信息一样
liveMedia.lib(GSMAudioRTPSink.obj) : warning LNK4208: “”中的 PDB 格式不兼容；删除并重新生成；正在链接对象，如同没有调试信息一样
liveMedia.lib(GSMAudioRTPSink.obj) : warning LNK4208: “”中的 PDB 格式不兼容；删除并重新生成；正在链接对象，如同没有调试信息一样
liveMedia.lib(H263plusVideoRTPSink.obj) : warning LNK4208: “”中的 PDB 格式不兼容；删除并重新生成；正在链接对象，如同没有调试信息一样
liveMedia.lib(H263plusVideoRTPSink.obj) : warning LNK4208: “”中的 PDB 格式不兼容；删除并重新生成；正在链接对象，如同没有调试信息一样
liveMedia.lib(H263plusVideoRTPSink.obj) : warning LNK4208: “”中的 PDB 格式不兼容；删除并重新生成；正在链接对象，如同没有调试信息一样
liveMedia.lib(H263plusVideoRTPSink.obj) : warning LNK4208: “”中的 PDB 格式不兼容；删除并重新生成；正在链接对象，如同没有调试信息一样
liveMedia.lib(H263plusVideoRTPSink.obj) : warning LNK4208: “”中的 PDB 格式不兼容；删除并重新生成；正在链接对象，如同没有调试信息一样
liveMedia.lib(GSMAudioRTPSink.obj) : warning LNK4208: “”中的 PDB 格式不兼容；删除并重新生成；正在链接对象，如同没有调试信息一样
liveMedia.lib(H263plusVideoRTPSink.obj) : warning LNK4208: “”中的 PDB 格式不兼容；删除并重新生成；正在链接对象，如同没有调试信息一样
liveMedia.lib(H263plusVideoRTPSink.obj) : warning LNK4208: “”中的 PDB 格式不兼容；删除并重新生成；正在链接对象，如同没有调试信息一样
liveMedia.lib(H263plusVideoRTPSink.obj) : warning LNK4208: “”中的 PDB 格式不兼容；删除并重新生成；正在链接对象，如同没有调试信息一样
liveMedia.lib(GSMAudioRTPSink.obj) : warning LNK4208: “”中的 PDB 格式不兼容；删除并重新生成；正在链接对象，如同没有调试信息一样
liveMedia.lib(GSMAudioRTPSink.obj) : warning LNK4208: “”中的 PDB 格式不兼容；删除并重新生成；正在链接对象，如同没有调试信息一样
liveMedia.lib(H263plusVideoRTPSink.obj) : warning LNK4208: “”中的 PDB 格式不兼容；删除并重新生成；正在链接对象，如同没有调试信息一样
liveMedia.lib(H263plusVideoRTPSink.obj) : warning LNK4208: “”中的 PDB 格式不兼容；删除并重新生成；正在链接对象，如同没有调试信息一样
liveMedia.lib(H263plusVideoRTPSink.obj) : warning LNK4208: “”中的 PDB 格式不兼容；删除并重新生成；正在链接对象，如同没有调试信息一样
liveMedia.lib(H263plusVideoRTPSink.obj) : warning LNK4208: “”中的 PDB 格式不兼容；删除并重新生成；正在链接对象，如同没有调试信息一样
liveMedia.lib(H263plusVideoRTPSink.obj) : warning LNK4208: “”中的 PDB 格式不兼容；删除并重新生成；正在链接对象，如同没有调试信息一样
liveMedia.lib(H263plusVideoRTPSink.obj) : warning LNK4208: “”中的 PDB 格式不兼容；删除并重新生成；正在链接对象，如同没有调试信息一样
liveMedia.lib(H263plusVideoRTPSink.obj) : warning LNK4208: “”中的 PDB 格式不兼容；删除并重新生成；正在链接对象，如同没有调试信息一样
liveMedia.lib(H263plusVideoRTPSink.obj) : warning LNK4208: “”中的 PDB 格式不兼容；删除并重新生成；正在链接对象，如同没有调试信息一样
liveMedia.lib(H263plusVideoRTPSink.obj) : warning LNK4208: “”中的 PDB 格式不兼容；删除并重新生成；正在链接对象，如同没有调试信息一样
liveMedia.lib(H263plusVideoRTPSink.obj) : warning LNK4208: “”中的 PDB 格式不兼容；删除并重新生成；正在链接对象，如同没有调试信息一样
liveMedia.lib(H263plusVideoRTPSink.obj) : warning LNK4208: “”中的 PDB 格式不兼容；删除并重新生成；正在链接对象，如同没有调试信息一样
liveMedia.lib(H263plusVideoRTPSink.obj) : warning LNK4208: “”中的 PDB 格式不兼容；删除并重新生成；正在链接对象，如同没有调试信息一样
liveMedia.lib(H263plusVideoRTPSink.obj) : warning LNK4208: “”中的 PDB 格式不兼容；删除并重新生成；正在链接对象，如同没有调试信息一样
liveMedia.lib(H263plusVideoRTPSink.obj) : warning LNK4208: “”中的 PDB 格式不兼容；删除并重新生成；正在链接对象，如同没有调试信息一样
liveMedia.lib(H263plusVideoRTPSink.obj) : warning LNK4208: “”中的 PDB 格式不兼容；删除并重新生成；正在链接对象，如同没有调试信息一样
liveMedia.lib(H263plusVideoRTPSink.obj) : warning LNK4208: “”中的 PDB 格式不兼容；删除并重新生成；正在链接对象，如同没有调试信息一样
liveMedia.lib(H263plusVideoRTPSink.obj) : warning LNK4208: “”中的 PDB 格式不兼容；删除并重新生成；正在链接对象，如同没有调试信息一样
liveMedia.lib(H263plusVideoRTPSink.obj) : warning LNK4208: “”中的 PDB 格式不兼容；删除并重新生成；正在链接对象，如同没有调试信息一样
liveMedia.lib(H264VideoRTPSink.obj) : warning LNK4208: “”中的 PDB 格式不兼容；删除并重新生成；正在链接对象，如同没有调试信息一样
liveMedia.lib(H264VideoRTPSink.obj) : warning LNK4208: “”中的 PDB 格式不兼容；删除并重新生成；正在链接对象，如同没有调试信息一样
liveMedia.lib(H264VideoRTPSink.obj) : warning LNK4208: “”中的 PDB 格式不兼容；删除并重新生成；正在链接对象，如同没有调试信息一样
liveMedia.lib(H264VideoRTPSink.obj) : warning LNK4208: “”中的 PDB 格式不兼容；删除并重新生成；正在链接对象，如同没有调试信息一样
liveMedia.lib(H264VideoRTPSink.obj) : warning LNK4208: “”中的 PDB 格式不兼容；删除并重新生成；正在链接对象，如同没有调试信息一样
liveMedia.lib(H264VideoRTPSink.obj) : warning LNK4208: “”中的 PDB 格式不兼容；删除并重新生成；正在链接对象，如同没有调试信息一样
liveMedia.lib(H264VideoRTPSink.obj) : warning LNK4208: “”中的 PDB 格式不兼容；删除并重新生成；正在链接对象，如同没有调试信息一样
liveMedia.lib(H264VideoRTPSink.obj) : warning LNK4208: “”中的 PDB 格式不兼容；删除并重新生成；正在链接对象，如同没有调试信息一样
liveMedia.lib(H264VideoRTPSink.obj) : warning LNK4208: “”中的 PDB 格式不兼容；删除并重新生成；正在链接对象，如同没有调试信息一样
liveMedia.lib(H264VideoRTPSink.obj) : warning LNK4208: “”中的 PDB 格式不兼容；删除并重新生成；正在链接对象，如同没有调试信息一样
liveMedia.lib(H264VideoRTPSink.obj) : warning LNK4208: “”中的 PDB 格式不兼容；删除并重新生成；正在链接对象，如同没有调试信息一样
liveMedia.lib(H264VideoRTPSink.obj) : warning LNK4208: “”中的 PDB 格式不兼容；删除并重新生成；正在链接对象，如同没有调试信息一样
liveMedia.lib(H264VideoRTPSink.obj) : warning LNK4208: “”中的 PDB 格式不兼容；删除并重新生成；正在链接对象，如同没有调试信息一样
liveMedia.lib(H264VideoRTPSink.obj) : warning LNK4208: “”中的 PDB 格式不兼容；删除并重新生成；正在链接对象，如同没有调试信息一样
liveMedia.lib(H264VideoRTPSink.obj) : warning LNK4208: “”中的 PDB 格式不兼容；删除并重新生成；正在链接对象，如同没有调试信息一样
liveMedia.lib(H264VideoRTPSink.obj) : warning LNK4208: “”中的 PDB 格式不兼容；删除并重新生成；正在链接对象，如同没有调试信息一样
liveMedia.lib(H264VideoRTPSink.obj) : warning LNK4208: “”中的 PDB 格式不兼容；删除并重新生成；正在链接对象，如同没有调试信息一样
liveMedia.lib(H264VideoRTPSink.obj) : warning LNK4208: “”中的 PDB 格式不兼容；删除并重新生成；正在链接对象，如同没有调试信息一样
liveMedia.lib(H264VideoRTPSink.obj) : warning LNK4208: “”中的 PDB 格式不兼容；删除并重新生成；正在链接对象，如同没有调试信息一样
liveMedia.lib(H264VideoRTPSink.obj) : warning LNK4208: “”中的 PDB 格式不兼容；删除并重新生成；正在链接对象，如同没有调试信息一样
liveMedia.lib(H264VideoRTPSink.obj) : warning LNK4208: “”中的 PDB 格式不兼容；删除并重新生成；正在链接对象，如同没有调试信息一样
liveMedia.lib(H264VideoRTPSink.obj) : warning LNK4208: “”中的 PDB 格式不兼容；删除并重新生成；正在链接对象，如同没有调试信息一样
liveMedia.lib(H264VideoRTPSink.obj) : warning LNK4208: “”中的 PDB 格式不兼容；删除并重新生成；正在链接对象，如同没有调试信息一样
liveMedia.lib(H264VideoRTPSink.obj) : warning LNK4208: “”中的 PDB 格式不兼容；删除并重新生成；正在链接对象，如同没有调试信息一样
liveMedia.lib(H264VideoRTPSink.obj) : warning LNK4208: “”中的 PDB 格式不兼容；删除并重新生成；正在链接对象，如同没有调试信息一样
liveMedia.lib(H264VideoRTPSink.obj) : warning LNK4208: “”中的 PDB 格式不兼容；删除并重新生成；正在链接对象，如同没有调试信息一样
liveMedia.lib(H265VideoRTPSink.obj) : warning LNK4208: “”中的 PDB 格式不兼容；删除并重新生成；正在链接对象，如同没有调试信息一样
LINK : warning LNK4208: “”中的 PDB 格式不兼容；删除并重新生成；正在链接对象，如同没有调试信息一样
liveMedia.lib(H265VideoRTPSink.obj) : warning LNK4208: “”中的 PDB 格式不兼容；删除并重新生成；正在链接对象，如同没有调试信息一样
liveMedia.lib(H265VideoRTPSink.obj) : warning LNK4208: “”中的 PDB 格式不兼容；删除并重新生成；正在链接对象，如同没有调试信息一样
liveMedia.lib(H265VideoRTPSink.obj) : warning LNK4208: “”中的 PDB 格式不兼容；删除并重新生成；正在链接对象，如同没有调试信息一样
liveMedia.lib(H265VideoRTPSink.obj) : warning LNK4208: “”中的 PDB 格式不兼容；删除并重新生成；正在链接对象，如同没有调试信息一样
liveMedia.lib(H265VideoRTPSink.obj) : warning LNK4208: “”中的 PDB 格式不兼容；删除并重新生成；正在链接对象，如同没有调试信息一样
liveMedia.lib(H265VideoRTPSink.obj) : warning LNK4208: “”中的 PDB 格式不兼容；删除并重新生成；正在链接对象，如同没有调试信息一样
liveMedia.lib(H265VideoRTPSink.obj) : warning LNK4208: “”中的 PDB 格式不兼容；删除并重新生成；正在链接对象，如同没有调试信息一样
liveMedia.lib(H265VideoRTPSink.obj) : warning LNK4208: “”中的 PDB 格式不兼容；删除并重新生成；正在链接对象，如同没有调试信息一样
liveMedia.lib(H265VideoRTPSink.obj) : warning LNK4208: “”中的 PDB 格式不兼容；删除并重新生成；正在链接对象，如同没有调试信息一样
liveMedia.lib(H265VideoRTPSink.obj) : warning LNK4208: “”中的 PDB 格式不兼容；删除并重新生成；正在链接对象，如同没有调试信息一样
liveMedia.lib(H265VideoRTPSink.obj) : warning LNK4208: “”中的 PDB 格式不兼容；删除并重新生成；正在链接对象，如同没有调试信息一样
liveMedia.lib(H265VideoRTPSink.obj) : warning LNK4208: “”中的 PDB 格式不兼容；删除并重新生成；正在链接对象，如同没有调试信息一样
liveMedia.lib(H265VideoRTPSink.obj) : warning LNK4208: “”中的 PDB 格式不兼容；删除并重新生成；正在链接对象，如同没有调试信息一样
liveMedia.lib(H265VideoRTPSink.obj) : warning LNK4208: “”中的 PDB 格式不兼容；删除并重新生成；正在链接对象，如同没有调试信息一样
liveMedia.lib(H265VideoRTPSink.obj) : warning LNK4208: “”中的 PDB 格式不兼容；删除并重新生成；正在链接对象，如同没有调试信息一样
liveMedia.lib(H265VideoRTPSink.obj) : warning LNK4208: “”中的 PDB 格式不兼容；删除并重新生成；正在链接对象，如同没有调试信息一样
liveMedia.lib(H265VideoRTPSink.obj) : warning LNK4208: “”中的 PDB 格式不兼容；删除并重新生成；正在链接对象，如同没有调试信息一样
liveMedia.lib(H265VideoRTPSink.obj) : warning LNK4208: “”中的 PDB 格式不兼容；删除并重新生成；正在链接对象，如同没有调试信息一样
liveMedia.lib(H265VideoRTPSink.obj) : warning LNK4208: “”中的 PDB 格式不兼容；删除并重新生成；正在链接对象，如同没有调试信息一样
liveMedia.lib(H265VideoRTPSink.obj) : warning LNK4208: “”中的 PDB 格式不兼容；删除并重新生成；正在链接对象，如同没有调试信息一样
liveMedia.lib(H265VideoRTPSink.obj) : warning LNK4208: “”中的 PDB 格式不兼容；删除并重新生成；正在链接对象，如同没有调试信息一样
liveMedia.lib(H265VideoRTPSink.obj) : warning LNK4208: “”中的 PDB 格式不兼容；删除并重新生成；正在链接对象，如同没有调试信息一样
liveMedia.lib(H265VideoRTPSink.obj) : warning LNK4208: “”中的 PDB 格式不兼容；删除并重新生成；正在链接对象，如同没有调试信息一样
liveMedia.lib(H265VideoRTPSink.obj) : warning LNK4208: “”中的 PDB 格式不兼容；删除并重新生成；正在链接对象，如同没有调试信息一样
liveMedia.lib(H265VideoRTPSink.obj) : warning LNK4208: “”中的 PDB 格式不兼容；删除并重新生成；正在链接对象，如同没有调试信息一样
liveMedia.lib(H265VideoRTPSink.obj) : warning LNK4208: “”中的 PDB 格式不兼容；删除并重新生成；正在链接对象，如同没有调试信息一样
liveMedia.lib(H265VideoRTPSink.obj) : warning LNK4208: “”中的 PDB 格式不兼容；删除并重新生成；正在链接对象，如同没有调试信息一样
liveMedia.lib(H265VideoRTPSink.obj) : warning LNK4208: “”中的 PDB 格式不兼容；删除并重新生成；正在链接对象，如同没有调试信息一样
liveMedia.lib(H265VideoRTPSink.obj) : warning LNK4208: “”中的 PDB 格式不兼容；删除并重新生成；正在链接对象，如同没有调试信息一样
liveMedia.lib(H265VideoRTPSink.obj) : warning LNK4208: “”中的 PDB 格式不兼容；删除并重新生成；正在链接对象，如同没有调试信息一样
liveMedia.lib(DVVideoStreamFramer.obj) : warning LNK4208: “”中的 PDB 格式不兼容；删除并重新生成；正在链接对象，如同没有调试信息一样
liveMedia.lib(DVVideoStreamFramer.obj) : warning LNK4208: “”中的 PDB 格式不兼容；删除并重新生成；正在链接对象，如同没有调试信息一样
liveMedia.lib(DVVideoStreamFramer.obj) : warning LNK4208: “”中的 PDB 格式不兼容；删除并重新生成；正在链接对象，如同没有调试信息一样
liveMedia.lib(DVVideoStreamFramer.obj) : warning LNK4208: “”中的 PDB 格式不兼容；删除并重新生成；正在链接对象，如同没有调试信息一样
liveMedia.lib(DVVideoStreamFramer.obj) : warning LNK4208: “”中的 PDB 格式不兼容；删除并重新生成；正在链接对象，如同没有调试信息一样
liveMedia.lib(DVVideoStreamFramer.obj) : warning LNK4208: “”中的 PDB 格式不兼容；删除并重新生成；正在链接对象，如同没有调试信息一样
liveMedia.lib(DVVideoStreamFramer.obj) : warning LNK4208: “”中的 PDB 格式不兼容；删除并重新生成；正在链接对象，如同没有调试信息一样
liveMedia.lib(DVVideoStreamFramer.obj) : warning LNK4208: “”中的 PDB 格式不兼容；删除并重新生成；正在链接对象，如同没有调试信息一样
liveMedia.lib(DVVideoStreamFramer.obj) : warning LNK4208: “”中的 PDB 格式不兼容；删除并重新生成；正在链接对象，如同没有调试信息一样
liveMedia.lib(DVVideoStreamFramer.obj) : warning LNK4208: “”中的 PDB 格式不兼容；删除并重新生成；正在链接对象，如同没有调试信息一样
liveMedia.lib(DVVideoStreamFramer.obj) : warning LNK4208: “”中的 PDB 格式不兼容；删除并重新生成；正在链接对象，如同没有调试信息一样
liveMedia.lib(DVVideoStreamFramer.obj) : warning LNK4208: “”中的 PDB 格式不兼容；删除并重新生成；正在链接对象，如同没有调试信息一样
liveMedia.lib(DVVideoStreamFramer.obj) : warning LNK4208: “”中的 PDB 格式不兼容；删除并重新生成；正在链接对象，如同没有调试信息一样
liveMedia.lib(DVVideoStreamFramer.obj) : warning LNK4208: “”中的 PDB 格式不兼容；删除并重新生成；正在链接对象，如同没有调试信息一样
liveMedia.lib(DVVideoStreamFramer.obj) : warning LNK4208: “”中的 PDB 格式不兼容；删除并重新生成；正在链接对象，如同没有调试信息一样
liveMedia.lib(DVVideoStreamFramer.obj) : warning LNK4208: “”中的 PDB 格式不兼容；删除并重新生成；正在链接对象，如同没有调试信息一样
liveMedia.lib(DVVideoStreamFramer.obj) : warning LNK4208: “”中的 PDB 格式不兼容；删除并重新生成；正在链接对象，如同没有调试信息一样
liveMedia.lib(DVVideoStreamFramer.obj) : warning LNK4208: “”中的 PDB 格式不兼容；删除并重新生成；正在链接对象，如同没有调试信息一样
liveMedia.lib(DVVideoStreamFramer.obj) : warning LNK4208: “”中的 PDB 格式不兼容；删除并重新生成；正在链接对象，如同没有调试信息一样
liveMedia.lib(DVVideoStreamFramer.obj) : warning LNK4208: “”中的 PDB 格式不兼容；删除并重新生成；正在链接对象，如同没有调试信息一样
liveMedia.lib(DVVideoStreamFramer.obj) : warning LNK4208: “”中的 PDB 格式不兼容；删除并重新生成；正在链接对象，如同没有调试信息一样
liveMedia.lib(DVVideoStreamFramer.obj) : warning LNK4208: “”中的 PDB 格式不兼容；删除并重新生成；正在链接对象，如同没有调试信息一样
liveMedia.lib(DVVideoStreamFramer.obj) : warning LNK4208: “”中的 PDB 格式不兼容；删除并重新生成；正在链接对象，如同没有调试信息一样
liveMedia.lib(DVVideoStreamFramer.obj) : warning LNK4208: “”中的 PDB 格式不兼容；删除并重新生成；正在链接对象，如同没有调试信息一样
liveMedia.lib(DVVideoStreamFramer.obj) : warning LNK4208: “”中的 PDB 格式不兼容；删除并重新生成；正在链接对象，如同没有调试信息一样
liveMedia.lib(DVVideoStreamFramer.obj) : warning LNK4208: “”中的 PDB 格式不兼容；删除并重新生成；正在链接对象，如同没有调试信息一样
liveMedia.lib(DVVideoStreamFramer.obj) : warning LNK4208: “”中的 PDB 格式不兼容；删除并重新生成；正在链接对象，如同没有调试信息一样
liveMedia.lib(DVVideoStreamFramer.obj) : warning LNK4208: “”中的 PDB 格式不兼容；删除并重新生成；正在链接对象，如同没有调试信息一样
liveMedia.lib(DVVideoStreamFramer.obj) : warning LNK4208: “”中的 PDB 格式不兼容；删除并重新生成；正在链接对象，如同没有调试信息一样
liveMedia.lib(DVVideoStreamFramer.obj) : warning LNK4208: “”中的 PDB 格式不兼容；删除并重新生成；正在链接对象，如同没有调试信息一样
liveMedia.lib(DVVideoStreamFramer.obj) : warning LNK4208: “”中的 PDB 格式不兼容；删除并重新生成；正在链接对象，如同没有调试信息一样
liveMedia.lib(DVVideoRTPSink.obj) : warning LNK4208: “”中的 PDB 格式不兼容；删除并重新生成；正在链接对象，如同没有调试信息一样
liveMedia.lib(DVVideoRTPSink.obj) : warning LNK4208: “”中的 PDB 格式不兼容；删除并重新生成；正在链接对象，如同没有调试信息一样
liveMedia.lib(DVVideoRTPSink.obj) : warning LNK4208: “”中的 PDB 格式不兼容；删除并重新生成；正在链接对象，如同没有调试信息一样
liveMedia.lib(DVVideoStreamFramer.obj) : warning LNK4208: “”中的 PDB 格式不兼容；删除并重新生成；正在链接对象，如同没有调试信息一样
liveMedia.lib(DVVideoRTPSink.obj) : warning LNK4208: “”中的 PDB 格式不兼容；删除并重新生成；正在链接对象，如同没有调试信息一样
liveMedia.lib(DVVideoRTPSink.obj) : warning LNK4208: “”中的 PDB 格式不兼容；删除并重新生成；正在链接对象，如同没有调试信息一样
liveMedia.lib(DVVideoRTPSink.obj) : warning LNK4208: “”中的 PDB 格式不兼容；删除并重新生成；正在链接对象，如同没有调试信息一样
liveMedia.lib(DVVideoRTPSink.obj) : warning LNK4208: “”中的 PDB 格式不兼容；删除并重新生成；正在链接对象，如同没有调试信息一样
liveMedia.lib(DVVideoRTPSink.obj) : warning LNK4208: “”中的 PDB 格式不兼容；删除并重新生成；正在链接对象，如同没有调试信息一样
liveMedia.lib(DVVideoRTPSink.obj) : warning LNK4208: “”中的 PDB 格式不兼容；删除并重新生成；正在链接对象，如同没有调试信息一样
liveMedia.lib(DVVideoRTPSink.obj) : warning LNK4208: “”中的 PDB 格式不兼容；删除并重新生成；正在链接对象，如同没有调试信息一样
liveMedia.lib(DVVideoRTPSink.obj) : warning LNK4208: “”中的 PDB 格式不兼容；删除并重新生成；正在链接对象，如同没有调试信息一样
liveMedia.lib(DVVideoRTPSink.obj) : warning LNK4208: “”中的 PDB 格式不兼容；删除并重新生成；正在链接对象，如同没有调试信息一样
liveMedia.lib(DVVideoRTPSink.obj) : warning LNK4208: “”中的 PDB 格式不兼容；删除并重新生成；正在链接对象，如同没有调试信息一样
liveMedia.lib(DVVideoRTPSink.obj) : warning LNK4208: “”中的 PDB 格式不兼容；删除并重新生成；正在链接对象，如同没有调试信息一样
liveMedia.lib(DVVideoRTPSink.obj) : warning LNK4208: “”中的 PDB 格式不兼容；删除并重新生成；正在链接对象，如同没有调试信息一样
liveMedia.lib(DVVideoRTPSink.obj) : warning LNK4208: “”中的 PDB 格式不兼容；删除并重新生成；正在链接对象，如同没有调试信息一样
liveMedia.lib(DVVideoRTPSink.obj) : warning LNK4208: “”中的 PDB 格式不兼容；删除并重新生成；正在链接对象，如同没有调试信息一样
liveMedia.lib(DVVideoRTPSink.obj) : warning LNK4208: “”中的 PDB 格式不兼容；删除并重新生成；正在链接对象，如同没有调试信息一样
liveMedia.lib(DVVideoRTPSink.obj) : warning LNK4208: “”中的 PDB 格式不兼容；删除并重新生成；正在链接对象，如同没有调试信息一样
liveMedia.lib(DVVideoRTPSink.obj) : warning LNK4208: “”中的 PDB 格式不兼容；删除并重新生成；正在链接对象，如同没有调试信息一样
liveMedia.lib(DVVideoRTPSink.obj) : warning LNK4208: “”中的 PDB 格式不兼容；删除并重新生成；正在链接对象，如同没有调试信息一样
liveMedia.lib(DVVideoRTPSink.obj) : warning LNK4208: “”中的 PDB 格式不兼容；删除并重新生成；正在链接对象，如同没有调试信息一样
liveMedia.lib(DVVideoRTPSink.obj) : warning LNK4208: “”中的 PDB 格式不兼容；删除并重新生成；正在链接对象，如同没有调试信息一样
liveMedia.lib(DVVideoRTPSink.obj) : warning LNK4208: “”中的 PDB 格式不兼容；删除并重新生成；正在链接对象，如同没有调试信息一样
liveMedia.lib(DVVideoRTPSink.obj) : warning LNK4208: “”中的 PDB 格式不兼容；删除并重新生成；正在链接对象，如同没有调试信息一样
liveMedia.lib(DVVideoRTPSink.obj) : warning LNK4208: “”中的 PDB 格式不兼容；删除并重新生成；正在链接对象，如同没有调试信息一样
liveMedia.lib(H264VideoStreamDiscreteFramer.obj) : warning LNK4208: “”中的 PDB 格式不兼容；删除并重新生成；正在链接对象，如同没有调试信息一样
liveMedia.lib(H264VideoStreamDiscreteFramer.obj) : warning LNK4208: “”中的 PDB 格式不兼容；删除并重新生成；正在链接对象，如同没有调试信息一样
liveMedia.lib(H264VideoStreamDiscreteFramer.obj) : warning LNK4208: “”中的 PDB 格式不兼容；删除并重新生成；正在链接对象，如同没有调试信息一样
liveMedia.lib(H264VideoStreamDiscreteFramer.obj) : warning LNK4208: “”中的 PDB 格式不兼容；删除并重新生成；正在链接对象，如同没有调试信息一样
liveMedia.lib(H264VideoStreamDiscreteFramer.obj) : warning LNK4208: “”中的 PDB 格式不兼容；删除并重新生成；正在链接对象，如同没有调试信息一样
liveMedia.lib(H264VideoStreamDiscreteFramer.obj) : warning LNK4208: “”中的 PDB 格式不兼容；删除并重新生成；正在链接对象，如同没有调试信息一样
liveMedia.lib(H264VideoStreamDiscreteFramer.obj) : warning LNK4208: “”中的 PDB 格式不兼容；删除并重新生成；正在链接对象，如同没有调试信息一样
liveMedia.lib(H264VideoStreamDiscreteFramer.obj) : warning LNK4208: “”中的 PDB 格式不兼容；删除并重新生成；正在链接对象，如同没有调试信息一样
liveMedia.lib(H264VideoStreamDiscreteFramer.obj) : warning LNK4208: “”中的 PDB 格式不兼容；删除并重新生成；正在链接对象，如同没有调试信息一样
liveMedia.lib(H264VideoStreamDiscreteFramer.obj) : warning LNK4208: “”中的 PDB 格式不兼容；删除并重新生成；正在链接对象，如同没有调试信息一样
liveMedia.lib(H264VideoStreamDiscreteFramer.obj) : warning LNK4208: “”中的 PDB 格式不兼容；删除并重新生成；正在链接对象，如同没有调试信息一样
liveMedia.lib(H264VideoStreamDiscreteFramer.obj) : warning LNK4208: “”中的 PDB 格式不兼容；删除并重新生成；正在链接对象，如同没有调试信息一样
liveMedia.lib(H264VideoStreamDiscreteFramer.obj) : warning LNK4208: “”中的 PDB 格式不兼容；删除并重新生成；正在链接对象，如同没有调试信息一样
liveMedia.lib(H265VideoStreamDiscreteFramer.obj) : warning LNK4208: “”中的 PDB 格式不兼容；删除并重新生成；正在链接对象，如同没有调试信息一样
liveMedia.lib(H265VideoStreamDiscreteFramer.obj) : warning LNK4208: “”中的 PDB 格式不兼容；删除并重新生成；正在链接对象，如同没有调试信息一样
liveMedia.lib(H265VideoStreamDiscreteFramer.obj) : warning LNK4208: “”中的 PDB 格式不兼容；删除并重新生成；正在链接对象，如同没有调试信息一样
liveMedia.lib(H265VideoStreamDiscreteFramer.obj) : warning LNK4208: “”中的 PDB 格式不兼容；删除并重新生成；正在链接对象，如同没有调试信息一样
liveMedia.lib(H264VideoStreamDiscreteFramer.obj) : warning LNK4208: “”中的 PDB 格式不兼容；删除并重新生成；正在链接对象，如同没有调试信息一样
liveMedia.lib(H264VideoStreamDiscreteFramer.obj) : warning LNK4208: “”中的 PDB 格式不兼容；删除并重新生成；正在链接对象，如同没有调试信息一样
liveMedia.lib(H264VideoStreamDiscreteFramer.obj) : warning LNK4208: “”中的 PDB 格式不兼容；删除并重新生成；正在链接对象，如同没有调试信息一样
liveMedia.lib(H265VideoStreamDiscreteFramer.obj) : warning LNK4208: “”中的 PDB 格式不兼容；删除并重新生成；正在链接对象，如同没有调试信息一样
liveMedia.lib(H265VideoStreamDiscreteFramer.obj) : warning LNK4208: “”中的 PDB 格式不兼容；删除并重新生成；正在链接对象，如同没有调试信息一样
liveMedia.lib(H265VideoStreamDiscreteFramer.obj) : warning LNK4208: “”中的 PDB 格式不兼容；删除并重新生成；正在链接对象，如同没有调试信息一样
liveMedia.lib(H265VideoStreamDiscreteFramer.obj) : warning LNK4208: “”中的 PDB 格式不兼容；删除并重新生成；正在链接对象，如同没有调试信息一样
liveMedia.lib(H265VideoStreamDiscreteFramer.obj) : warning LNK4208: “”中的 PDB 格式不兼容；删除并重新生成；正在链接对象，如同没有调试信息一样
liveMedia.lib(H265VideoStreamDiscreteFramer.obj) : warning LNK4208: “”中的 PDB 格式不兼容；删除并重新生成；正在链接对象，如同没有调试信息一样
liveMedia.lib(H265VideoStreamDiscreteFramer.obj) : warning LNK4208: “”中的 PDB 格式不兼容；删除并重新生成；正在链接对象，如同没有调试信息一样
liveMedia.lib(H265VideoStreamDiscreteFramer.obj) : warning LNK4208: “”中的 PDB 格式不兼容；删除并重新生成；正在链接对象，如同没有调试信息一样
liveMedia.lib(H265VideoStreamDiscreteFramer.obj) : warning LNK4208: “”中的 PDB 格式不兼容；删除并重新生成；正在链接对象，如同没有调试信息一样
liveMedia.lib(H265VideoStreamDiscreteFramer.obj) : warning LNK4208: “”中的 PDB 格式不兼容；删除并重新生成；正在链接对象，如同没有调试信息一样
liveMedia.lib(H265VideoStreamDiscreteFramer.obj) : warning LNK4208: “”中的 PDB 格式不兼容；删除并重新生成；正在链接对象，如同没有调试信息一样
liveMedia.lib(H265VideoStreamDiscreteFramer.obj) : warning LNK4208: “”中的 PDB 格式不兼容；删除并重新生成；正在链接对象，如同没有调试信息一样
liveMedia.lib(H265VideoStreamDiscreteFramer.obj) : warning LNK4208: “”中的 PDB 格式不兼容；删除并重新生成；正在链接对象，如同没有调试信息一样
liveMedia.lib(H265VideoStreamDiscreteFramer.obj) : warning LNK4208: “”中的 PDB 格式不兼容；删除并重新生成；正在链接对象，如同没有调试信息一样
liveMedia.lib(SimpleRTPSink.obj) : warning LNK4208: “”中的 PDB 格式不兼容；删除并重新生成；正在链接对象，如同没有调试信息一样
liveMedia.lib(SimpleRTPSink.obj) : warning LNK4208: “”中的 PDB 格式不兼容；删除并重新生成；正在链接对象，如同没有调试信息一样
liveMedia.lib(SimpleRTPSink.obj) : warning LNK4208: “”中的 PDB 格式不兼容；删除并重新生成；正在链接对象，如同没有调试信息一样
liveMedia.lib(SimpleRTPSink.obj) : warning LNK4208: “”中的 PDB 格式不兼容；删除并重新生成；正在链接对象，如同没有调试信息一样
liveMedia.lib(SimpleRTPSink.obj) : warning LNK4208: “”中的 PDB 格式不兼容；删除并重新生成；正在链接对象，如同没有调试信息一样
liveMedia.lib(SimpleRTPSink.obj) : warning LNK4208: “”中的 PDB 格式不兼容；删除并重新生成；正在链接对象，如同没有调试信息一样
liveMedia.lib(SimpleRTPSink.obj) : warning LNK4208: “”中的 PDB 格式不兼容；删除并重新生成；正在链接对象，如同没有调试信息一样
liveMedia.lib(SimpleRTPSink.obj) : warning LNK4208: “”中的 PDB 格式不兼容；删除并重新生成；正在链接对象，如同没有调试信息一样
liveMedia.lib(SimpleRTPSink.obj) : warning LNK4208: “”中的 PDB 格式不兼容；删除并重新生成；正在链接对象，如同没有调试信息一样
liveMedia.lib(SimpleRTPSink.obj) : warning LNK4208: “”中的 PDB 格式不兼容；删除并重新生成；正在链接对象，如同没有调试信息一样
liveMedia.lib(SimpleRTPSink.obj) : warning LNK4208: “”中的 PDB 格式不兼容；删除并重新生成；正在链接对象，如同没有调试信息一样
liveMedia.lib(SimpleRTPSink.obj) : warning LNK4208: “”中的 PDB 格式不兼容；删除并重新生成；正在链接对象，如同没有调试信息一样
liveMedia.lib(SimpleRTPSink.obj) : warning LNK4208: “”中的 PDB 格式不兼容；删除并重新生成；正在链接对象，如同没有调试信息一样
liveMedia.lib(SimpleRTPSink.obj) : warning LNK4208: “”中的 PDB 格式不兼容；删除并重新生成；正在链接对象，如同没有调试信息一样
liveMedia.lib(SimpleRTPSink.obj) : warning LNK4208: “”中的 PDB 格式不兼容；删除并重新生成；正在链接对象，如同没有调试信息一样
liveMedia.lib(MPEG4LATMAudioRTPSink.obj) : warning LNK4208: “”中的 PDB 格式不兼容；删除并重新生成；正在链接对象，如同没有调试信息一样
liveMedia.lib(MPEG4LATMAudioRTPSink.obj) : warning LNK4208: “”中的 PDB 格式不兼容；删除并重新生成；正在链接对象，如同没有调试信息一样
liveMedia.lib(MPEG4LATMAudioRTPSink.obj) : warning LNK4208: “”中的 PDB 格式不兼容；删除并重新生成；正在链接对象，如同没有调试信息一样
liveMedia.lib(MPEG4LATMAudioRTPSink.obj) : warning LNK4208: “”中的 PDB 格式不兼容；删除并重新生成；正在链接对象，如同没有调试信息一样
liveMedia.lib(MPEG4LATMAudioRTPSink.obj) : warning LNK4208: “”中的 PDB 格式不兼容；删除并重新生成；正在链接对象，如同没有调试信息一样
liveMedia.lib(MPEG4LATMAudioRTPSink.obj) : warning LNK4208: “”中的 PDB 格式不兼容；删除并重新生成；正在链接对象，如同没有调试信息一样
liveMedia.lib(MPEG4LATMAudioRTPSink.obj) : warning LNK4208: “”中的 PDB 格式不兼容；删除并重新生成；正在链接对象，如同没有调试信息一样
liveMedia.lib(MPEG4LATMAudioRTPSink.obj) : warning LNK4208: “”中的 PDB 格式不兼容；删除并重新生成；正在链接对象，如同没有调试信息一样
liveMedia.lib(MPEG4LATMAudioRTPSink.obj) : warning LNK4208: “”中的 PDB 格式不兼容；删除并重新生成；正在链接对象，如同没有调试信息一样
liveMedia.lib(MPEG4LATMAudioRTPSink.obj) : warning LNK4208: “”中的 PDB 格式不兼容；删除并重新生成；正在链接对象，如同没有调试信息一样
liveMedia.lib(MPEG4LATMAudioRTPSink.obj) : warning LNK4208: “”中的 PDB 格式不兼容；删除并重新生成；正在链接对象，如同没有调试信息一样
liveMedia.lib(MPEG4LATMAudioRTPSink.obj) : warning LNK4208: “”中的 PDB 格式不兼容；删除并重新生成；正在链接对象，如同没有调试信息一样
liveMedia.lib(MPEG4LATMAudioRTPSink.obj) : warning LNK4208: “”中的 PDB 格式不兼容；删除并重新生成；正在链接对象，如同没有调试信息一样
liveMedia.lib(MPEG4LATMAudioRTPSink.obj) : warning LNK4208: “”中的 PDB 格式不兼容；删除并重新生成；正在链接对象，如同没有调试信息一样
liveMedia.lib(MPEG4LATMAudioRTPSink.obj) : warning LNK4208: “”中的 PDB 格式不兼容；删除并重新生成；正在链接对象，如同没有调试信息一样
liveMedia.lib(MPEG4LATMAudioRTPSink.obj) : warning LNK4208: “”中的 PDB 格式不兼容；删除并重新生成；正在链接对象，如同没有调试信息一样
liveMedia.lib(MPEG4LATMAudioRTPSink.obj) : warning LNK4208: “”中的 PDB 格式不兼容；删除并重新生成；正在链接对象，如同没有调试信息一样
liveMedia.lib(AC3AudioRTPSink.obj) : warning LNK4208: “”中的 PDB 格式不兼容；删除并重新生成；正在链接对象，如同没有调试信息一样
liveMedia.lib(MPEG4LATMAudioRTPSink.obj) : warning LNK4208: “”中的 PDB 格式不兼容；删除并重新生成；正在链接对象，如同没有调试信息一样
liveMedia.lib(AC3AudioRTPSink.obj) : warning LNK4208: “”中的 PDB 格式不兼容；删除并重新生成；正在链接对象，如同没有调试信息一样
liveMedia.lib(AC3AudioRTPSink.obj) : warning LNK4208: “”中的 PDB 格式不兼容；删除并重新生成；正在链接对象，如同没有调试信息一样
liveMedia.lib(AC3AudioRTPSink.obj) : warning LNK4208: “”中的 PDB 格式不兼容；删除并重新生成；正在链接对象，如同没有调试信息一样
liveMedia.lib(AC3AudioRTPSink.obj) : warning LNK4208: “”中的 PDB 格式不兼容；删除并重新生成；正在链接对象，如同没有调试信息一样
liveMedia.lib(AC3AudioRTPSink.obj) : warning LNK4208: “”中的 PDB 格式不兼容；删除并重新生成；正在链接对象，如同没有调试信息一样
liveMedia.lib(AC3AudioRTPSink.obj) : warning LNK4208: “”中的 PDB 格式不兼容；删除并重新生成；正在链接对象，如同没有调试信息一样
liveMedia.lib(AC3AudioRTPSink.obj) : warning LNK4208: “”中的 PDB 格式不兼容；删除并重新生成；正在链接对象，如同没有调试信息一样
liveMedia.lib(MPEG4LATMAudioRTPSink.obj) : warning LNK4208: “”中的 PDB 格式不兼容；删除并重新生成；正在链接对象，如同没有调试信息一样
liveMedia.lib(AC3AudioRTPSink.obj) : warning LNK4208: “”中的 PDB 格式不兼容；删除并重新生成；正在链接对象，如同没有调试信息一样
liveMedia.lib(AC3AudioRTPSink.obj) : warning LNK4208: “”中的 PDB 格式不兼容；删除并重新生成；正在链接对象，如同没有调试信息一样
liveMedia.lib(AC3AudioRTPSink.obj) : warning LNK4208: “”中的 PDB 格式不兼容；删除并重新生成；正在链接对象，如同没有调试信息一样
liveMedia.lib(AC3AudioRTPSink.obj) : warning LNK4208: “”中的 PDB 格式不兼容；删除并重新生成；正在链接对象，如同没有调试信息一样
liveMedia.lib(AC3AudioRTPSink.obj) : warning LNK4208: “”中的 PDB 格式不兼容；删除并重新生成；正在链接对象，如同没有调试信息一样
liveMedia.lib(AC3AudioRTPSink.obj) : warning LNK4208: “”中的 PDB 格式不兼容；删除并重新生成；正在链接对象，如同没有调试信息一样
liveMedia.lib(AC3AudioRTPSink.obj) : warning LNK4208: “”中的 PDB 格式不兼容；删除并重新生成；正在链接对象，如同没有调试信息一样
liveMedia.lib(AC3AudioRTPSink.obj) : warning LNK4208: “”中的 PDB 格式不兼容；删除并重新生成；正在链接对象，如同没有调试信息一样
liveMedia.lib(AC3AudioRTPSink.obj) : warning LNK4208: “”中的 PDB 格式不兼容；删除并重新生成；正在链接对象，如同没有调试信息一样
liveMedia.lib(AC3AudioRTPSink.obj) : warning LNK4208: “”中的 PDB 格式不兼容；删除并重新生成；正在链接对象，如同没有调试信息一样
liveMedia.lib(AC3AudioRTPSink.obj) : warning LNK4208: “”中的 PDB 格式不兼容；删除并重新生成；正在链接对象，如同没有调试信息一样
liveMedia.lib(AC3AudioRTPSink.obj) : warning LNK4208: “”中的 PDB 格式不兼容；删除并重新生成；正在链接对象，如同没有调试信息一样
liveMedia.lib(AC3AudioRTPSink.obj) : warning LNK4208: “”中的 PDB 格式不兼容；删除并重新生成；正在链接对象，如同没有调试信息一样
liveMedia.lib(AC3AudioRTPSink.obj) : warning LNK4208: “”中的 PDB 格式不兼容；删除并重新生成；正在链接对象，如同没有调试信息一样
liveMedia.lib(AC3AudioRTPSink.obj) : warning LNK4208: “”中的 PDB 格式不兼容；删除并重新生成；正在链接对象，如同没有调试信息一样
liveMedia.lib(AC3AudioRTPSink.obj) : warning LNK4208: “”中的 PDB 格式不兼容；删除并重新生成；正在链接对象，如同没有调试信息一样
liveMedia.lib(VorbisAudioRTPSink.obj) : warning LNK4208: “”中的 PDB 格式不兼容；删除并重新生成；正在链接对象，如同没有调试信息一样
liveMedia.lib(VorbisAudioRTPSink.obj) : warning LNK4208: “”中的 PDB 格式不兼容；删除并重新生成；正在链接对象，如同没有调试信息一样
liveMedia.lib(VorbisAudioRTPSink.obj) : warning LNK4208: “”中的 PDB 格式不兼容；删除并重新生成；正在链接对象，如同没有调试信息一样
liveMedia.lib(VorbisAudioRTPSink.obj) : warning LNK4208: “”中的 PDB 格式不兼容；删除并重新生成；正在链接对象，如同没有调试信息一样
liveMedia.lib(VorbisAudioRTPSink.obj) : warning LNK4208: “”中的 PDB 格式不兼容；删除并重新生成；正在链接对象，如同没有调试信息一样
liveMedia.lib(VorbisAudioRTPSink.obj) : warning LNK4208: “”中的 PDB 格式不兼容；删除并重新生成；正在链接对象，如同没有调试信息一样
liveMedia.lib(VorbisAudioRTPSink.obj) : warning LNK4208: “”中的 PDB 格式不兼容；删除并重新生成；正在链接对象，如同没有调试信息一样
liveMedia.lib(VorbisAudioRTPSink.obj) : warning LNK4208: “”中的 PDB 格式不兼容；删除并重新生成；正在链接对象，如同没有调试信息一样
liveMedia.lib(VorbisAudioRTPSink.obj) : warning LNK4208: “”中的 PDB 格式不兼容；删除并重新生成；正在链接对象，如同没有调试信息一样
liveMedia.lib(VorbisAudioRTPSink.obj) : warning LNK4208: “”中的 PDB 格式不兼容；删除并重新生成；正在链接对象，如同没有调试信息一样
liveMedia.lib(VorbisAudioRTPSink.obj) : warning LNK4208: “”中的 PDB 格式不兼容；删除并重新生成；正在链接对象，如同没有调试信息一样
liveMedia.lib(VorbisAudioRTPSink.obj) : warning LNK4208: “”中的 PDB 格式不兼容；删除并重新生成；正在链接对象，如同没有调试信息一样
liveMedia.lib(VorbisAudioRTPSink.obj) : warning LNK4208: “”中的 PDB 格式不兼容；删除并重新生成；正在链接对象，如同没有调试信息一样
liveMedia.lib(VorbisAudioRTPSink.obj) : warning LNK4208: “”中的 PDB 格式不兼容；删除并重新生成；正在链接对象，如同没有调试信息一样
liveMedia.lib(VorbisAudioRTPSink.obj) : warning LNK4208: “”中的 PDB 格式不兼容；删除并重新生成；正在链接对象，如同没有调试信息一样
liveMedia.lib(VorbisAudioRTPSink.obj) : warning LNK4208: “”中的 PDB 格式不兼容；删除并重新生成；正在链接对象，如同没有调试信息一样
liveMedia.lib(VorbisAudioRTPSink.obj) : warning LNK4208: “”中的 PDB 格式不兼容；删除并重新生成；正在链接对象，如同没有调试信息一样
liveMedia.lib(VorbisAudioRTPSink.obj) : warning LNK4208: “”中的 PDB 格式不兼容；删除并重新生成；正在链接对象，如同没有调试信息一样
liveMedia.lib(VorbisAudioRTPSink.obj) : warning LNK4208: “”中的 PDB 格式不兼容；删除并重新生成；正在链接对象，如同没有调试信息一样
liveMedia.lib(VorbisAudioRTPSink.obj) : warning LNK4208: “”中的 PDB 格式不兼容；删除并重新生成；正在链接对象，如同没有调试信息一样
liveMedia.lib(VorbisAudioRTPSink.obj) : warning LNK4208: “”中的 PDB 格式不兼容；删除并重新生成；正在链接对象，如同没有调试信息一样
liveMedia.lib(VorbisAudioRTPSink.obj) : warning LNK4208: “”中的 PDB 格式不兼容；删除并重新生成；正在链接对象，如同没有调试信息一样
liveMedia.lib(VorbisAudioRTPSink.obj) : warning LNK4208: “”中的 PDB 格式不兼容；删除并重新生成；正在链接对象，如同没有调试信息一样
liveMedia.lib(VorbisAudioRTPSink.obj) : warning LNK4208: “”中的 PDB 格式不兼容；删除并重新生成；正在链接对象，如同没有调试信息一样
liveMedia.lib(VorbisAudioRTPSink.obj) : warning LNK4208: “”中的 PDB 格式不兼容；删除并重新生成；正在链接对象，如同没有调试信息一样
liveMedia.lib(VorbisAudioRTPSink.obj) : warning LNK4208: “”中的 PDB 格式不兼容；删除并重新生成；正在链接对象，如同没有调试信息一样
liveMedia.lib(VorbisAudioRTPSink.obj) : warning LNK4208: “”中的 PDB 格式不兼容；删除并重新生成；正在链接对象，如同没有调试信息一样
liveMedia.lib(VorbisAudioRTPSink.obj) : warning LNK4208: “”中的 PDB 格式不兼容；删除并重新生成；正在链接对象，如同没有调试信息一样
liveMedia.lib(TheoraVideoRTPSink.obj) : warning LNK4208: “”中的 PDB 格式不兼容；删除并重新生成；正在链接对象，如同没有调试信息一样
liveMedia.lib(TheoraVideoRTPSink.obj) : warning LNK4208: “”中的 PDB 格式不兼容；删除并重新生成；正在链接对象，如同没有调试信息一样
liveMedia.lib(TheoraVideoRTPSink.obj) : warning LNK4208: “”中的 PDB 格式不兼容；删除并重新生成；正在链接对象，如同没有调试信息一样
liveMedia.lib(TheoraVideoRTPSink.obj) : warning LNK4208: “”中的 PDB 格式不兼容；删除并重新生成；正在链接对象，如同没有调试信息一样
liveMedia.lib(TheoraVideoRTPSink.obj) : warning LNK4208: “”中的 PDB 格式不兼容；删除并重新生成；正在链接对象，如同没有调试信息一样
liveMedia.lib(TheoraVideoRTPSink.obj) : warning LNK4208: “”中的 PDB 格式不兼容；删除并重新生成；正在链接对象，如同没有调试信息一样
liveMedia.lib(TheoraVideoRTPSink.obj) : warning LNK4208: “”中的 PDB 格式不兼容；删除并重新生成；正在链接对象，如同没有调试信息一样
liveMedia.lib(TheoraVideoRTPSink.obj) : warning LNK4208: “”中的 PDB 格式不兼容；删除并重新生成；正在链接对象，如同没有调试信息一样
liveMedia.lib(TheoraVideoRTPSink.obj) : warning LNK4208: “”中的 PDB 格式不兼容；删除并重新生成；正在链接对象，如同没有调试信息一样
liveMedia.lib(TheoraVideoRTPSink.obj) : warning LNK4208: “”中的 PDB 格式不兼容；删除并重新生成；正在链接对象，如同没有调试信息一样
liveMedia.lib(TheoraVideoRTPSink.obj) : warning LNK4208: “”中的 PDB 格式不兼容；删除并重新生成；正在链接对象，如同没有调试信息一样
liveMedia.lib(TheoraVideoRTPSink.obj) : warning LNK4208: “”中的 PDB 格式不兼容；删除并重新生成；正在链接对象，如同没有调试信息一样
liveMedia.lib(TheoraVideoRTPSink.obj) : warning LNK4208: “”中的 PDB 格式不兼容；删除并重新生成；正在链接对象，如同没有调试信息一样
liveMedia.lib(TheoraVideoRTPSink.obj) : warning LNK4208: “”中的 PDB 格式不兼容；删除并重新生成；正在链接对象，如同没有调试信息一样
liveMedia.lib(TheoraVideoRTPSink.obj) : warning LNK4208: “”中的 PDB 格式不兼容；删除并重新生成；正在链接对象，如同没有调试信息一样
liveMedia.lib(TheoraVideoRTPSink.obj) : warning LNK4208: “”中的 PDB 格式不兼容；删除并重新生成；正在链接对象，如同没有调试信息一样
liveMedia.lib(TheoraVideoRTPSink.obj) : warning LNK4208: “”中的 PDB 格式不兼容；删除并重新生成；正在链接对象，如同没有调试信息一样
liveMedia.lib(TheoraVideoRTPSink.obj) : warning LNK4208: “”中的 PDB 格式不兼容；删除并重新生成；正在链接对象，如同没有调试信息一样
liveMedia.lib(TheoraVideoRTPSink.obj) : warning LNK4208: “”中的 PDB 格式不兼容；删除并重新生成；正在链接对象，如同没有调试信息一样
liveMedia.lib(TheoraVideoRTPSink.obj) : warning LNK4208: “”中的 PDB 格式不兼容；删除并重新生成；正在链接对象，如同没有调试信息一样
liveMedia.lib(TheoraVideoRTPSink.obj) : warning LNK4208: “”中的 PDB 格式不兼容；删除并重新生成；正在链接对象，如同没有调试信息一样
liveMedia.lib(TheoraVideoRTPSink.obj) : warning LNK4208: “”中的 PDB 格式不兼容；删除并重新生成；正在链接对象，如同没有调试信息一样
liveMedia.lib(TheoraVideoRTPSink.obj) : warning LNK4208: “”中的 PDB 格式不兼容；删除并重新生成；正在链接对象，如同没有调试信息一样
liveMedia.lib(TheoraVideoRTPSink.obj) : warning LNK4208: “”中的 PDB 格式不兼容；删除并重新生成；正在链接对象，如同没有调试信息一样
liveMedia.lib(TheoraVideoRTPSink.obj) : warning LNK4208: “”中的 PDB 格式不兼容；删除并重新生成；正在链接对象，如同没有调试信息一样
liveMedia.lib(TheoraVideoRTPSink.obj) : warning LNK4208: “”中的 PDB 格式不兼容；删除并重新生成；正在链接对象，如同没有调试信息一样
liveMedia.lib(TheoraVideoRTPSink.obj) : warning LNK4208: “”中的 PDB 格式不兼容；删除并重新生成；正在链接对象，如同没有调试信息一样
liveMedia.lib(TheoraVideoRTPSink.obj) : warning LNK4208: “”中的 PDB 格式不兼容；删除并重新生成；正在链接对象，如同没有调试信息一样
liveMedia.lib(TheoraVideoRTPSink.obj) : warning LNK4208: “”中的 PDB 格式不兼容；删除并重新生成；正在链接对象，如同没有调试信息一样
liveMedia.lib(TheoraVideoRTPSink.obj) : warning LNK4208: “”中的 PDB 格式不兼容；删除并重新生成；正在链接对象，如同没有调试信息一样
liveMedia.lib(TheoraVideoRTPSink.obj) : warning LNK4208: “”中的 PDB 格式不兼容；删除并重新生成；正在链接对象，如同没有调试信息一样
liveMedia.lib(VP8VideoRTPSink.obj) : warning LNK4208: “”中的 PDB 格式不兼容；删除并重新生成；正在链接对象，如同没有调试信息一样
liveMedia.lib(VP8VideoRTPSink.obj) : warning LNK4208: “”中的 PDB 格式不兼容；删除并重新生成；正在链接对象，如同没有调试信息一样
liveMedia.lib(VP8VideoRTPSink.obj) : warning LNK4208: “”中的 PDB 格式不兼容；删除并重新生成；正在链接对象，如同没有调试信息一样
liveMedia.lib(VP8VideoRTPSink.obj) : warning LNK4208: “”中的 PDB 格式不兼容；删除并重新生成；正在链接对象，如同没有调试信息一样
liveMedia.lib(VP8VideoRTPSink.obj) : warning LNK4208: “”中的 PDB 格式不兼容；删除并重新生成；正在链接对象，如同没有调试信息一样
liveMedia.lib(VP8VideoRTPSink.obj) : warning LNK4208: “”中的 PDB 格式不兼容；删除并重新生成；正在链接对象，如同没有调试信息一样
liveMedia.lib(VP8VideoRTPSink.obj) : warning LNK4208: “”中的 PDB 格式不兼容；删除并重新生成；正在链接对象，如同没有调试信息一样
liveMedia.lib(VorbisAudioRTPSink.obj) : warning LNK4208: “”中的 PDB 格式不兼容；删除并重新生成；正在链接对象，如同没有调试信息一样
liveMedia.lib(VP8VideoRTPSink.obj) : warning LNK4208: “”中的 PDB 格式不兼容；删除并重新生成；正在链接对象，如同没有调试信息一样
liveMedia.lib(VP8VideoRTPSink.obj) : warning LNK4208: “”中的 PDB 格式不兼容；删除并重新生成；正在链接对象，如同没有调试信息一样
liveMedia.lib(VP8VideoRTPSink.obj) : warning LNK4208: “”中的 PDB 格式不兼容；删除并重新生成；正在链接对象，如同没有调试信息一样
liveMedia.lib(VP8VideoRTPSink.obj) : warning LNK4208: “”中的 PDB 格式不兼容；删除并重新生成；正在链接对象，如同没有调试信息一样
liveMedia.lib(VP8VideoRTPSink.obj) : warning LNK4208: “”中的 PDB 格式不兼容；删除并重新生成；正在链接对象，如同没有调试信息一样
liveMedia.lib(VP8VideoRTPSink.obj) : warning LNK4208: “”中的 PDB 格式不兼容；删除并重新生成；正在链接对象，如同没有调试信息一样
liveMedia.lib(VP8VideoRTPSink.obj) : warning LNK4208: “”中的 PDB 格式不兼容；删除并重新生成；正在链接对象，如同没有调试信息一样
liveMedia.lib(TheoraVideoRTPSink.obj) : warning LNK4208: “”中的 PDB 格式不兼容；删除并重新生成；正在链接对象，如同没有调试信息一样
liveMedia.lib(VP8VideoRTPSink.obj) : warning LNK4208: “”中的 PDB 格式不兼容；删除并重新生成；正在链接对象，如同没有调试信息一样
liveMedia.lib(VorbisAudioRTPSink.obj) : warning LNK4208: “”中的 PDB 格式不兼容；删除并重新生成；正在链接对象，如同没有调试信息一样
liveMedia.lib(VP8VideoRTPSink.obj) : warning LNK4208: “”中的 PDB 格式不兼容；删除并重新生成；正在链接对象，如同没有调试信息一样
liveMedia.lib(VP8VideoRTPSink.obj) : warning LNK4208: “”中的 PDB 格式不兼容；删除并重新生成；正在链接对象，如同没有调试信息一样
liveMedia.lib(VP8VideoRTPSink.obj) : warning LNK4208: “”中的 PDB 格式不兼容；删除并重新生成；正在链接对象，如同没有调试信息一样
liveMedia.lib(VP8VideoRTPSink.obj) : warning LNK4208: “”中的 PDB 格式不兼容；删除并重新生成；正在链接对象，如同没有调试信息一样
liveMedia.lib(VP8VideoRTPSink.obj) : warning LNK4208: “”中的 PDB 格式不兼容；删除并重新生成；正在链接对象，如同没有调试信息一样
liveMedia.lib(VP8VideoRTPSink.obj) : warning LNK4208: “”中的 PDB 格式不兼容；删除并重新生成；正在链接对象，如同没有调试信息一样
LINK : warning LNK4208: “”中的 PDB 格式不兼容；删除并重新生成；正在链接对象，如同没有调试信息一样
liveMedia.lib(MPEG4GenericRTPSink.obj) : warning LNK4208: “”中的 PDB 格式不兼容；删除并重新生成；正在链接对象，如同没有调试信息一样
liveMedia.lib(MPEG4GenericRTPSink.obj) : warning LNK4208: “”中的 PDB 格式不兼容；删除并重新生成；正在链接对象，如同没有调试信息一样
liveMedia.lib(MPEG4GenericRTPSink.obj) : warning LNK4208: “”中的 PDB 格式不兼容；删除并重新生成；正在链接对象，如同没有调试信息一样
liveMedia.lib(MPEG4GenericRTPSink.obj) : warning LNK4208: “”中的 PDB 格式不兼容；删除并重新生成；正在链接对象，如同没有调试信息一样
liveMedia.lib(MPEG4GenericRTPSink.obj) : warning LNK4208: “”中的 PDB 格式不兼容；删除并重新生成；正在链接对象，如同没有调试信息一样
liveMedia.lib(MPEG4GenericRTPSink.obj) : warning LNK4208: “”中的 PDB 格式不兼容；删除并重新生成；正在链接对象，如同没有调试信息一样
liveMedia.lib(MPEG4GenericRTPSink.obj) : warning LNK4208: “”中的 PDB 格式不兼容；删除并重新生成；正在链接对象，如同没有调试信息一样
liveMedia.lib(MPEG4GenericRTPSink.obj) : warning LNK4208: “”中的 PDB 格式不兼容；删除并重新生成；正在链接对象，如同没有调试信息一样
liveMedia.lib(MPEG4GenericRTPSink.obj) : warning LNK4208: “”中的 PDB 格式不兼容；删除并重新生成；正在链接对象，如同没有调试信息一样
liveMedia.lib(MPEG4GenericRTPSink.obj) : warning LNK4208: “”中的 PDB 格式不兼容；删除并重新生成；正在链接对象，如同没有调试信息一样
liveMedia.lib(MPEG4GenericRTPSink.obj) : warning LNK4208: “”中的 PDB 格式不兼容；删除并重新生成；正在链接对象，如同没有调试信息一样
liveMedia.lib(MPEG4GenericRTPSink.obj) : warning LNK4208: “”中的 PDB 格式不兼容；删除并重新生成；正在链接对象，如同没有调试信息一样
liveMedia.lib(VP8VideoRTPSink.obj) : warning LNK4208: “”中的 PDB 格式不兼容；删除并重新生成；正在链接对象，如同没有调试信息一样
liveMedia.lib(MPEG4GenericRTPSink.obj) : warning LNK4208: “”中的 PDB 格式不兼容；删除并重新生成；正在链接对象，如同没有调试信息一样
liveMedia.lib(MPEG4GenericRTPSink.obj) : warning LNK4208: “”中的 PDB 格式不兼容；删除并重新生成；正在链接对象，如同没有调试信息一样
liveMedia.lib(MPEG4GenericRTPSink.obj) : warning LNK4208: “”中的 PDB 格式不兼容；删除并重新生成；正在链接对象，如同没有调试信息一样
liveMedia.lib(MPEG4GenericRTPSink.obj) : warning LNK4208: “”中的 PDB 格式不兼容；删除并重新生成；正在链接对象，如同没有调试信息一样
liveMedia.lib(MPEG4GenericRTPSink.obj) : warning LNK4208: “”中的 PDB 格式不兼容；删除并重新生成；正在链接对象，如同没有调试信息一样
liveMedia.lib(MPEG4GenericRTPSink.obj) : warning LNK4208: “”中的 PDB 格式不兼容；删除并重新生成；正在链接对象，如同没有调试信息一样
liveMedia.lib(MPEG4GenericRTPSink.obj) : warning LNK4208: “”中的 PDB 格式不兼容；删除并重新生成；正在链接对象，如同没有调试信息一样
liveMedia.lib(MPEG1or2VideoStreamDiscreteFramer.obj) : warning LNK4208: “”中的 PDB 格式不兼容；删除并重新生成；正在链接对象，如同没有调试信息一样
liveMedia.lib(MPEG1or2VideoStreamDiscreteFramer.obj) : warning LNK4208: “”中的 PDB 格式不兼容；删除并重新生成；正在链接对象，如同没有调试信息一样
liveMedia.lib(MPEG1or2VideoStreamDiscreteFramer.obj) : warning LNK4208: “”中的 PDB 格式不兼容；删除并重新生成；正在链接对象，如同没有调试信息一样
liveMedia.lib(MPEG4GenericRTPSink.obj) : warning LNK4208: “”中的 PDB 格式不兼容；删除并重新生成；正在链接对象，如同没有调试信息一样
liveMedia.lib(MPEG1or2VideoStreamDiscreteFramer.obj) : warning LNK4208: “”中的 PDB 格式不兼容；删除并重新生成；正在链接对象，如同没有调试信息一样
liveMedia.lib(MPEG1or2VideoStreamDiscreteFramer.obj) : warning LNK4208: “”中的 PDB 格式不兼容；删除并重新生成；正在链接对象，如同没有调试信息一样
liveMedia.lib(MPEG1or2VideoStreamDiscreteFramer.obj) : warning LNK4208: “”中的 PDB 格式不兼容；删除并重新生成；正在链接对象，如同没有调试信息一样
liveMedia.lib(MPEG1or2VideoStreamDiscreteFramer.obj) : warning LNK4208: “”中的 PDB 格式不兼容；删除并重新生成；正在链接对象，如同没有调试信息一样
liveMedia.lib(MPEG1or2VideoStreamDiscreteFramer.obj) : warning LNK4208: “”中的 PDB 格式不兼容；删除并重新生成；正在链接对象，如同没有调试信息一样
LINK : warning LNK4208: “”中的 PDB 格式不兼容；删除并重新生成；正在链接对象，如同没有调试信息一样
liveMedia.lib(MPEG1or2VideoStreamDiscreteFramer.obj) : warning LNK4208: “”中的 PDB 格式不兼容；删除并重新生成；正在链接对象，如同没有调试信息一样
liveMedia.lib(MPEG1or2VideoStreamDiscreteFramer.obj) : warning LNK4208: “”中的 PDB 格式不兼容；删除并重新生成；正在链接对象，如同没有调试信息一样
liveMedia.lib(MPEG1or2VideoStreamDiscreteFramer.obj) : warning LNK4208: “”中的 PDB 格式不兼容；删除并重新生成；正在链接对象，如同没有调试信息一样
liveMedia.lib(MPEG1or2VideoStreamDiscreteFramer.obj) : warning LNK4208: “”中的 PDB 格式不兼容；删除并重新生成；正在链接对象，如同没有调试信息一样
liveMedia.lib(MPEG1or2VideoStreamDiscreteFramer.obj) : warning LNK4208: “”中的 PDB 格式不兼容；删除并重新生成；正在链接对象，如同没有调试信息一样
liveMedia.lib(MPEG1or2VideoStreamDiscreteFramer.obj) : warning LNK4208: “”中的 PDB 格式不兼容；删除并重新生成；正在链接对象，如同没有调试信息一样
liveMedia.lib(MPEG1or2VideoStreamDiscreteFramer.obj) : warning LNK4208: “”中的 PDB 格式不兼容；删除并重新生成；正在链接对象，如同没有调试信息一样
liveMedia.lib(MPEG1or2VideoStreamDiscreteFramer.obj) : warning LNK4208: “”中的 PDB 格式不兼容；删除并重新生成；正在链接对象，如同没有调试信息一样
liveMedia.lib(MPEG1or2VideoStreamDiscreteFramer.obj) : warning LNK4208: “”中的 PDB 格式不兼容；删除并重新生成；正在链接对象，如同没有调试信息一样
liveMedia.lib(MPEG4VideoStreamDiscreteFramer.obj) : warning LNK4208: “”中的 PDB 格式不兼容；删除并重新生成；正在链接对象，如同没有调试信息一样
liveMedia.lib(MPEG4VideoStreamDiscreteFramer.obj) : warning LNK4208: “”中的 PDB 格式不兼容；删除并重新生成；正在链接对象，如同没有调试信息一样
liveMedia.lib(MPEG4VideoStreamDiscreteFramer.obj) : warning LNK4208: “”中的 PDB 格式不兼容；删除并重新生成；正在链接对象，如同没有调试信息一样
liveMedia.lib(MPEG4VideoStreamDiscreteFramer.obj) : warning LNK4208: “”中的 PDB 格式不兼容；删除并重新生成；正在链接对象，如同没有调试信息一样
liveMedia.lib(MPEG4VideoStreamDiscreteFramer.obj) : warning LNK4208: “”中的 PDB 格式不兼容；删除并重新生成；正在链接对象，如同没有调试信息一样
liveMedia.lib(MPEG4VideoStreamDiscreteFramer.obj) : warning LNK4208: “”中的 PDB 格式不兼容；删除并重新生成；正在链接对象，如同没有调试信息一样
liveMedia.lib(MPEG4VideoStreamDiscreteFramer.obj) : warning LNK4208: “”中的 PDB 格式不兼容；删除并重新生成；正在链接对象，如同没有调试信息一样
liveMedia.lib(MPEG4VideoStreamDiscreteFramer.obj) : warning LNK4208: “”中的 PDB 格式不兼容；删除并重新生成；正在链接对象，如同没有调试信息一样
liveMedia.lib(MPEG4VideoStreamDiscreteFramer.obj) : warning LNK4208: “”中的 PDB 格式不兼容；删除并重新生成；正在链接对象，如同没有调试信息一样
liveMedia.lib(MPEG4VideoStreamDiscreteFramer.obj) : warning LNK4208: “”中的 PDB 格式不兼容；删除并重新生成；正在链接对象，如同没有调试信息一样
liveMedia.lib(MPEG4VideoStreamDiscreteFramer.obj) : warning LNK4208: “”中的 PDB 格式不兼容；删除并重新生成；正在链接对象，如同没有调试信息一样
liveMedia.lib(MPEG4VideoStreamDiscreteFramer.obj) : warning LNK4208: “”中的 PDB 格式不兼容；删除并重新生成；正在链接对象，如同没有调试信息一样
liveMedia.lib(MPEG4VideoStreamDiscreteFramer.obj) : warning LNK4208: “”中的 PDB 格式不兼容；删除并重新生成；正在链接对象，如同没有调试信息一样
liveMedia.lib(MPEG4VideoStreamDiscreteFramer.obj) : warning LNK4208: “”中的 PDB 格式不兼容；删除并重新生成；正在链接对象，如同没有调试信息一样
liveMedia.lib(MPEG4VideoStreamDiscreteFramer.obj) : warning LNK4208: “”中的 PDB 格式不兼容；删除并重新生成；正在链接对象，如同没有调试信息一样
liveMedia.lib(MPEG4VideoStreamDiscreteFramer.obj) : warning LNK4208: “”中的 PDB 格式不兼容；删除并重新生成；正在链接对象，如同没有调试信息一样
liveMedia.lib(MPEG4VideoStreamDiscreteFramer.obj) : warning LNK4208: “”中的 PDB 格式不兼容；删除并重新生成；正在链接对象，如同没有调试信息一样
liveMedia.lib(MPEG4VideoStreamDiscreteFramer.obj) : warning LNK4208: “”中的 PDB 格式不兼容；删除并重新生成；正在链接对象，如同没有调试信息一样
liveMedia.lib(MPEG4VideoStreamDiscreteFramer.obj) : warning LNK4208: “”中的 PDB 格式不兼容；删除并重新生成；正在链接对象，如同没有调试信息一样
liveMedia.lib(MPEG4VideoStreamDiscreteFramer.obj) : warning LNK4208: “”中的 PDB 格式不兼容；删除并重新生成；正在链接对象，如同没有调试信息一样
liveMedia.lib(MPEG4VideoStreamDiscreteFramer.obj) : warning LNK4208: “”中的 PDB 格式不兼容；删除并重新生成；正在链接对象，如同没有调试信息一样
liveMedia.lib(MPEG4VideoStreamDiscreteFramer.obj) : warning LNK4208: “”中的 PDB 格式不兼容；删除并重新生成；正在链接对象，如同没有调试信息一样
liveMedia.lib(MPEG4VideoStreamDiscreteFramer.obj) : warning LNK4208: “”中的 PDB 格式不兼容；删除并重新生成；正在链接对象，如同没有调试信息一样
liveMedia.lib(MPEG4VideoStreamDiscreteFramer.obj) : warning LNK4208: “”中的 PDB 格式不兼容；删除并重新生成；正在链接对象，如同没有调试信息一样
liveMedia.lib(OnDemandServerMediaSubsession.obj) : warning LNK4208: “”中的 PDB 格式不兼容；删除并重新生成；正在链接对象，如同没有调试信息一样
liveMedia.lib(OnDemandServerMediaSubsession.obj) : warning LNK4208: “”中的 PDB 格式不兼容；删除并重新生成；正在链接对象，如同没有调试信息一样
liveMedia.lib(MPEG4VideoStreamDiscreteFramer.obj) : warning LNK4208: “”中的 PDB 格式不兼容；删除并重新生成；正在链接对象，如同没有调试信息一样
liveMedia.lib(MPEG4VideoStreamDiscreteFramer.obj) : warning LNK4208: “”中的 PDB 格式不兼容；删除并重新生成；正在链接对象，如同没有调试信息一样
liveMedia.lib(VP8VideoRTPSink.obj) : warning LNK4208: “”中的 PDB 格式不兼容；删除并重新生成；正在链接对象，如同没有调试信息一样
liveMedia.lib(OnDemandServerMediaSubsession.obj) : warning LNK4208: “”中的 PDB 格式不兼容；删除并重新生成；正在链接对象，如同没有调试信息一样
liveMedia.lib(OnDemandServerMediaSubsession.obj) : warning LNK4208: “”中的 PDB 格式不兼容；删除并重新生成；正在链接对象，如同没有调试信息一样
liveMedia.lib(OnDemandServerMediaSubsession.obj) : warning LNK4208: “”中的 PDB 格式不兼容；删除并重新生成；正在链接对象，如同没有调试信息一样
liveMedia.lib(OnDemandServerMediaSubsession.obj) : warning LNK4208: “”中的 PDB 格式不兼容；删除并重新生成；正在链接对象，如同没有调试信息一样
liveMedia.lib(OnDemandServerMediaSubsession.obj) : warning LNK4208: “”中的 PDB 格式不兼容；删除并重新生成；正在链接对象，如同没有调试信息一样
liveMedia.lib(OnDemandServerMediaSubsession.obj) : warning LNK4208: “”中的 PDB 格式不兼容；删除并重新生成；正在链接对象，如同没有调试信息一样
liveMedia.lib(OnDemandServerMediaSubsession.obj) : warning LNK4208: “”中的 PDB 格式不兼容；删除并重新生成；正在链接对象，如同没有调试信息一样
liveMedia.lib(OnDemandServerMediaSubsession.obj) : warning LNK4208: “”中的 PDB 格式不兼容；删除并重新生成；正在链接对象，如同没有调试信息一样
liveMedia.lib(OnDemandServerMediaSubsession.obj) : warning LNK4208: “”中的 PDB 格式不兼容；删除并重新生成；正在链接对象，如同没有调试信息一样
liveMedia.lib(OnDemandServerMediaSubsession.obj) : warning LNK4208: “”中的 PDB 格式不兼容；删除并重新生成；正在链接对象，如同没有调试信息一样
liveMedia.lib(OnDemandServerMediaSubsession.obj) : warning LNK4208: “”中的 PDB 格式不兼容；删除并重新生成；正在链接对象，如同没有调试信息一样
liveMedia.lib(OnDemandServerMediaSubsession.obj) : warning LNK4208: “”中的 PDB 格式不兼容；删除并重新生成；正在链接对象，如同没有调试信息一样
liveMedia.lib(OnDemandServerMediaSubsession.obj) : warning LNK4208: “”中的 PDB 格式不兼容；删除并重新生成；正在链接对象，如同没有调试信息一样
liveMedia.lib(OnDemandServerMediaSubsession.obj) : warning LNK4208: “”中的 PDB 格式不兼容；删除并重新生成；正在链接对象，如同没有调试信息一样
liveMedia.lib(OnDemandServerMediaSubsession.obj) : warning LNK4208: “”中的 PDB 格式不兼容；删除并重新生成；正在链接对象，如同没有调试信息一样
liveMedia.lib(OnDemandServerMediaSubsession.obj) : warning LNK4208: “”中的 PDB 格式不兼容；删除并重新生成；正在链接对象，如同没有调试信息一样
liveMedia.lib(OnDemandServerMediaSubsession.obj) : warning LNK4208: “”中的 PDB 格式不兼容；删除并重新生成；正在链接对象，如同没有调试信息一样
liveMedia.lib(OnDemandServerMediaSubsession.obj) : warning LNK4208: “”中的 PDB 格式不兼容；删除并重新生成；正在链接对象，如同没有调试信息一样
liveMedia.lib(OnDemandServerMediaSubsession.obj) : warning LNK4208: “”中的 PDB 格式不兼容；删除并重新生成；正在链接对象，如同没有调试信息一样
liveMedia.lib(OnDemandServerMediaSubsession.obj) : warning LNK4208: “”中的 PDB 格式不兼容；删除并重新生成；正在链接对象，如同没有调试信息一样
liveMedia.lib(OnDemandServerMediaSubsession.obj) : warning LNK4208: “”中的 PDB 格式不兼容；删除并重新生成；正在链接对象，如同没有调试信息一样
liveMedia.lib(OnDemandServerMediaSubsession.obj) : warning LNK4208: “”中的 PDB 格式不兼容；删除并重新生成；正在链接对象，如同没有调试信息一样
liveMedia.lib(OnDemandServerMediaSubsession.obj) : warning LNK4208: “”中的 PDB 格式不兼容；删除并重新生成；正在链接对象，如同没有调试信息一样
liveMedia.lib(OnDemandServerMediaSubsession.obj) : warning LNK4208: “”中的 PDB 格式不兼容；删除并重新生成；正在链接对象，如同没有调试信息一样
liveMedia.lib(OnDemandServerMediaSubsession.obj) : warning LNK4208: “”中的 PDB 格式不兼容；删除并重新生成；正在链接对象，如同没有调试信息一样
liveMedia.lib(OnDemandServerMediaSubsession.obj) : warning LNK4208: “”中的 PDB 格式不兼容；删除并重新生成；正在链接对象，如同没有调试信息一样
liveMedia.lib(OnDemandServerMediaSubsession.obj) : warning LNK4208: “”中的 PDB 格式不兼容；删除并重新生成；正在链接对象，如同没有调试信息一样
liveMedia.lib(T140TextRTPSink.obj) : warning LNK4208: “”中的 PDB 格式不兼容；删除并重新生成；正在链接对象，如同没有调试信息一样
liveMedia.lib(T140TextRTPSink.obj) : warning LNK4208: “”中的 PDB 格式不兼容；删除并重新生成；正在链接对象，如同没有调试信息一样
liveMedia.lib(T140TextRTPSink.obj) : warning LNK4208: “”中的 PDB 格式不兼容；删除并重新生成；正在链接对象，如同没有调试信息一样
liveMedia.lib(T140TextRTPSink.obj) : warning LNK4208: “”中的 PDB 格式不兼容；删除并重新生成；正在链接对象，如同没有调试信息一样
liveMedia.lib(T140TextRTPSink.obj) : warning LNK4208: “”中的 PDB 格式不兼容；删除并重新生成；正在链接对象，如同没有调试信息一样
liveMedia.lib(T140TextRTPSink.obj) : warning LNK4208: “”中的 PDB 格式不兼容；删除并重新生成；正在链接对象，如同没有调试信息一样
liveMedia.lib(T140TextRTPSink.obj) : warning LNK4208: “”中的 PDB 格式不兼容；删除并重新生成；正在链接对象，如同没有调试信息一样
liveMedia.lib(T140TextRTPSink.obj) : warning LNK4208: “”中的 PDB 格式不兼容；删除并重新生成；正在链接对象，如同没有调试信息一样
liveMedia.lib(T140TextRTPSink.obj) : warning LNK4208: “”中的 PDB 格式不兼容；删除并重新生成；正在链接对象，如同没有调试信息一样
liveMedia.lib(T140TextRTPSink.obj) : warning LNK4208: “”中的 PDB 格式不兼容；删除并重新生成；正在链接对象，如同没有调试信息一样
liveMedia.lib(T140TextRTPSink.obj) : warning LNK4208: “”中的 PDB 格式不兼容；删除并重新生成；正在链接对象，如同没有调试信息一样
liveMedia.lib(T140TextRTPSink.obj) : warning LNK4208: “”中的 PDB 格式不兼容；删除并重新生成；正在链接对象，如同没有调试信息一样
liveMedia.lib(T140TextRTPSink.obj) : warning LNK4208: “”中的 PDB 格式不兼容；删除并重新生成；正在链接对象，如同没有调试信息一样
liveMedia.lib(T140TextRTPSink.obj) : warning LNK4208: “”中的 PDB 格式不兼容；删除并重新生成；正在链接对象，如同没有调试信息一样
liveMedia.lib(T140TextRTPSink.obj) : warning LNK4208: “”中的 PDB 格式不兼容；删除并重新生成；正在链接对象，如同没有调试信息一样
liveMedia.lib(T140TextRTPSink.obj) : warning LNK4208: “”中的 PDB 格式不兼容；删除并重新生成；正在链接对象，如同没有调试信息一样
liveMedia.lib(T140TextRTPSink.obj) : warning LNK4208: “”中的 PDB 格式不兼容；删除并重新生成；正在链接对象，如同没有调试信息一样
liveMedia.lib(T140TextRTPSink.obj) : warning LNK4208: “”中的 PDB 格式不兼容；删除并重新生成；正在链接对象，如同没有调试信息一样
liveMedia.lib(T140TextRTPSink.obj) : warning LNK4208: “”中的 PDB 格式不兼容；删除并重新生成；正在链接对象，如同没有调试信息一样
liveMedia.lib(T140TextRTPSink.obj) : warning LNK4208: “”中的 PDB 格式不兼容；删除并重新生成；正在链接对象，如同没有调试信息一样
liveMedia.lib(T140TextRTPSink.obj) : warning LNK4208: “”中的 PDB 格式不兼容；删除并重新生成；正在链接对象，如同没有调试信息一样
liveMedia.lib(MPEG1or2DemuxedElementaryStream.obj) : warning LNK4208: “”中的 PDB 格式不兼容；删除并重新生成；正在链接对象，如同没有调试信息一样
liveMedia.lib(MPEG1or2DemuxedElementaryStream.obj) : warning LNK4208: “”中的 PDB 格式不兼容；删除并重新生成；正在链接对象，如同没有调试信息一样
liveMedia.lib(T140TextRTPSink.obj) : warning LNK4208: “”中的 PDB 格式不兼容；删除并重新生成；正在链接对象，如同没有调试信息一样
liveMedia.lib(MPEG1or2DemuxedElementaryStream.obj) : warning LNK4208: “”中的 PDB 格式不兼容；删除并重新生成；正在链接对象，如同没有调试信息一样
liveMedia.lib(MPEG1or2DemuxedElementaryStream.obj) : warning LNK4208: “”中的 PDB 格式不兼容；删除并重新生成；正在链接对象，如同没有调试信息一样
liveMedia.lib(MPEG1or2DemuxedElementaryStream.obj) : warning LNK4208: “”中的 PDB 格式不兼容；删除并重新生成；正在链接对象，如同没有调试信息一样
liveMedia.lib(MPEG1or2DemuxedElementaryStream.obj) : warning LNK4208: “”中的 PDB 格式不兼容；删除并重新生成；正在链接对象，如同没有调试信息一样
liveMedia.lib(MPEG1or2DemuxedElementaryStream.obj) : warning LNK4208: “”中的 PDB 格式不兼容；删除并重新生成；正在链接对象，如同没有调试信息一样
liveMedia.lib(MPEG1or2DemuxedElementaryStream.obj) : warning LNK4208: “”中的 PDB 格式不兼容；删除并重新生成；正在链接对象，如同没有调试信息一样
liveMedia.lib(MPEG1or2DemuxedElementaryStream.obj) : warning LNK4208: “”中的 PDB 格式不兼容；删除并重新生成；正在链接对象，如同没有调试信息一样
liveMedia.lib(MPEG1or2DemuxedElementaryStream.obj) : warning LNK4208: “”中的 PDB 格式不兼容；删除并重新生成；正在链接对象，如同没有调试信息一样
liveMedia.lib(MPEG1or2DemuxedElementaryStream.obj) : warning LNK4208: “”中的 PDB 格式不兼容；删除并重新生成；正在链接对象，如同没有调试信息一样
liveMedia.lib(MPEG1or2DemuxedElementaryStream.obj) : warning LNK4208: “”中的 PDB 格式不兼容；删除并重新生成；正在链接对象，如同没有调试信息一样
liveMedia.lib(MPEG1or2DemuxedElementaryStream.obj) : warning LNK4208: “”中的 PDB 格式不兼容；删除并重新生成；正在链接对象，如同没有调试信息一样
liveMedia.lib(MPEG1or2DemuxedElementaryStream.obj) : warning LNK4208: “”中的 PDB 格式不兼容；删除并重新生成；正在链接对象，如同没有调试信息一样
liveMedia.lib(MPEG1or2DemuxedElementaryStream.obj) : warning LNK4208: “”中的 PDB 格式不兼容；删除并重新生成；正在链接对象，如同没有调试信息一样
liveMedia.lib(MPEG1or2DemuxedElementaryStream.obj) : warning LNK4208: “”中的 PDB 格式不兼容；删除并重新生成；正在链接对象，如同没有调试信息一样
liveMedia.lib(StreamParser.obj) : warning LNK4208: “”中的 PDB 格式不兼容；删除并重新生成；正在链接对象，如同没有调试信息一样
liveMedia.lib(StreamParser.obj) : warning LNK4208: “”中的 PDB 格式不兼容；删除并重新生成；正在链接对象，如同没有调试信息一样
liveMedia.lib(StreamParser.obj) : warning LNK4208: “”中的 PDB 格式不兼容；删除并重新生成；正在链接对象，如同没有调试信息一样
liveMedia.lib(StreamParser.obj) : warning LNK4208: “”中的 PDB 格式不兼容；删除并重新生成；正在链接对象，如同没有调试信息一样
liveMedia.lib(StreamParser.obj) : warning LNK4208: “”中的 PDB 格式不兼容；删除并重新生成；正在链接对象，如同没有调试信息一样
liveMedia.lib(StreamParser.obj) : warning LNK4208: “”中的 PDB 格式不兼容；删除并重新生成；正在链接对象，如同没有调试信息一样
liveMedia.lib(MPEGVideoStreamFramer.obj) : warning LNK4208: “”中的 PDB 格式不兼容；删除并重新生成；正在链接对象，如同没有调试信息一样
liveMedia.lib(MPEGVideoStreamFramer.obj) : warning LNK4208: “”中的 PDB 格式不兼容；删除并重新生成；正在链接对象，如同没有调试信息一样
liveMedia.lib(MPEGVideoStreamFramer.obj) : warning LNK4208: “”中的 PDB 格式不兼容；删除并重新生成；正在链接对象，如同没有调试信息一样
liveMedia.lib(MPEGVideoStreamFramer.obj) : warning LNK4208: “”中的 PDB 格式不兼容；删除并重新生成；正在链接对象，如同没有调试信息一样
liveMedia.lib(MPEGVideoStreamFramer.obj) : warning LNK4208: “”中的 PDB 格式不兼容；删除并重新生成；正在链接对象，如同没有调试信息一样
liveMedia.lib(StreamParser.obj) : warning LNK4208: “”中的 PDB 格式不兼容；删除并重新生成；正在链接对象，如同没有调试信息一样
liveMedia.lib(MPEGVideoStreamParser.obj) : warning LNK4208: “”中的 PDB 格式不兼容；删除并重新生成；正在链接对象，如同没有调试信息一样
liveMedia.lib(MPEG1or2DemuxedElementaryStream.obj) : warning LNK4208: “”中的 PDB 格式不兼容；删除并重新生成；正在链接对象，如同没有调试信息一样
liveMedia.lib(MPEGVideoStreamParser.obj) : warning LNK4208: “”中的 PDB 格式不兼容；删除并重新生成；正在链接对象，如同没有调试信息一样
liveMedia.lib(MPEGVideoStreamParser.obj) : warning LNK4208: “”中的 PDB 格式不兼容；删除并重新生成；正在链接对象，如同没有调试信息一样
liveMedia.lib(T140TextRTPSink.obj) : warning LNK4208: “”中的 PDB 格式不兼容；删除并重新生成；正在链接对象，如同没有调试信息一样
liveMedia.lib(MPEGVideoStreamParser.obj) : warning LNK4208: “”中的 PDB 格式不兼容；删除并重新生成；正在链接对象，如同没有调试信息一样
liveMedia.lib(MPEGVideoStreamParser.obj) : warning LNK4208: “”中的 PDB 格式不兼容；删除并重新生成；正在链接对象，如同没有调试信息一样
liveMedia.lib(MPEGVideoStreamParser.obj) : warning LNK4208: “”中的 PDB 格式不兼容；删除并重新生成；正在链接对象，如同没有调试信息一样
liveMedia.lib(MPEGVideoStreamParser.obj) : warning LNK4208: “”中的 PDB 格式不兼容；删除并重新生成；正在链接对象，如同没有调试信息一样
liveMedia.lib(MPEGVideoStreamParser.obj) : warning LNK4208: “”中的 PDB 格式不兼容；删除并重新生成；正在链接对象，如同没有调试信息一样
liveMedia.lib(MPEGVideoStreamParser.obj) : warning LNK4208: “”中的 PDB 格式不兼容；删除并重新生成；正在链接对象，如同没有调试信息一样
liveMedia.lib(MPEGVideoStreamParser.obj) : warning LNK4208: “”中的 PDB 格式不兼容；删除并重新生成；正在链接对象，如同没有调试信息一样
liveMedia.lib(MPEGVideoStreamParser.obj) : warning LNK4208: “”中的 PDB 格式不兼容；删除并重新生成；正在链接对象，如同没有调试信息一样
liveMedia.lib(MPEGVideoStreamParser.obj) : warning LNK4208: “”中的 PDB 格式不兼容；删除并重新生成；正在链接对象，如同没有调试信息一样
liveMedia.lib(MPEGVideoStreamParser.obj) : warning LNK4208: “”中的 PDB 格式不兼容；删除并重新生成；正在链接对象，如同没有调试信息一样
liveMedia.lib(MPEGVideoStreamParser.obj) : warning LNK4208: “”中的 PDB 格式不兼容；删除并重新生成；正在链接对象，如同没有调试信息一样
liveMedia.lib(MPEGVideoStreamParser.obj) : warning LNK4208: “”中的 PDB 格式不兼容；删除并重新生成；正在链接对象，如同没有调试信息一样
liveMedia.lib(MPEGVideoStreamParser.obj) : warning LNK4208: “”中的 PDB 格式不兼容；删除并重新生成；正在链接对象，如同没有调试信息一样
liveMedia.lib(MPEGVideoStreamParser.obj) : warning LNK4208: “”中的 PDB 格式不兼容；删除并重新生成；正在链接对象，如同没有调试信息一样
liveMedia.lib(MPEGVideoStreamParser.obj) : warning LNK4208: “”中的 PDB 格式不兼容；删除并重新生成；正在链接对象，如同没有调试信息一样
liveMedia.lib(MPEGVideoStreamParser.obj) : warning LNK4208: “”中的 PDB 格式不兼容；删除并重新生成；正在链接对象，如同没有调试信息一样
liveMedia.lib(MPEGVideoStreamParser.obj) : warning LNK4208: “”中的 PDB 格式不兼容；删除并重新生成；正在链接对象，如同没有调试信息一样
liveMedia.lib(MPEGVideoStreamParser.obj) : warning LNK4208: “”中的 PDB 格式不兼容；删除并重新生成；正在链接对象，如同没有调试信息一样
liveMedia.lib(MPEGVideoStreamParser.obj) : warning LNK4208: “”中的 PDB 格式不兼容；删除并重新生成；正在链接对象，如同没有调试信息一样
liveMedia.lib(MPEGVideoStreamParser.obj) : warning LNK4208: “”中的 PDB 格式不兼容；删除并重新生成；正在链接对象，如同没有调试信息一样
liveMedia.lib(MPEGVideoStreamParser.obj) : warning LNK4208: “”中的 PDB 格式不兼容；删除并重新生成；正在链接对象，如同没有调试信息一样
liveMedia.lib(MPEGVideoStreamParser.obj) : warning LNK4208: “”中的 PDB 格式不兼容；删除并重新生成；正在链接对象，如同没有调试信息一样
liveMedia.lib(MPEGVideoStreamParser.obj) : warning LNK4208: “”中的 PDB 格式不兼容；删除并重新生成；正在链接对象，如同没有调试信息一样
liveMedia.lib(MPEGVideoStreamParser.obj) : warning LNK4208: “”中的 PDB 格式不兼容；删除并重新生成；正在链接对象，如同没有调试信息一样
liveMedia.lib(MPEGVideoStreamParser.obj) : warning LNK4208: “”中的 PDB 格式不兼容；删除并重新生成；正在链接对象，如同没有调试信息一样
liveMedia.lib(MPEGVideoStreamParser.obj) : warning LNK4208: “”中的 PDB 格式不兼容；删除并重新生成；正在链接对象，如同没有调试信息一样
liveMedia.lib(MPEGVideoStreamParser.obj) : warning LNK4208: “”中的 PDB 格式不兼容；删除并重新生成；正在链接对象，如同没有调试信息一样
liveMedia.lib(MPEGVideoStreamParser.obj) : warning LNK4208: “”中的 PDB 格式不兼容；删除并重新生成；正在链接对象，如同没有调试信息一样
liveMedia.lib(MPEGVideoStreamParser.obj) : warning LNK4208: “”中的 PDB 格式不兼容；删除并重新生成；正在链接对象，如同没有调试信息一样
liveMedia.lib(MPEGVideoStreamParser.obj) : warning LNK4208: “”中的 PDB 格式不兼容；删除并重新生成；正在链接对象，如同没有调试信息一样
liveMedia.lib(MPEGVideoStreamParser.obj) : warning LNK4208: “”中的 PDB 格式不兼容；删除并重新生成；正在链接对象，如同没有调试信息一样
liveMedia.lib(MPEGVideoStreamParser.obj) : warning LNK4208: “”中的 PDB 格式不兼容；删除并重新生成；正在链接对象，如同没有调试信息一样
liveMedia.lib(MPEGVideoStreamParser.obj) : warning LNK4208: “”中的 PDB 格式不兼容；删除并重新生成；正在链接对象，如同没有调试信息一样
liveMedia.lib(MPEGVideoStreamParser.obj) : warning LNK4208: “”中的 PDB 格式不兼容；删除并重新生成；正在链接对象，如同没有调试信息一样
liveMedia.lib(MPEGVideoStreamParser.obj) : warning LNK4208: “”中的 PDB 格式不兼容；删除并重新生成；正在链接对象，如同没有调试信息一样
liveMedia.lib(MPEGVideoStreamParser.obj) : warning LNK4208: “”中的 PDB 格式不兼容；删除并重新生成；正在链接对象，如同没有调试信息一样
liveMedia.lib(H264or5VideoStreamFramer.obj) : warning LNK4208: “”中的 PDB 格式不兼容；删除并重新生成；正在链接对象，如同没有调试信息一样
liveMedia.lib(H264or5VideoStreamFramer.obj) : warning LNK4208: “”中的 PDB 格式不兼容；删除并重新生成；正在链接对象，如同没有调试信息一样
liveMedia.lib(H264or5VideoStreamFramer.obj) : warning LNK4208: “”中的 PDB 格式不兼容；删除并重新生成；正在链接对象，如同没有调试信息一样
liveMedia.lib(H264or5VideoStreamFramer.obj) : warning LNK4208: “”中的 PDB 格式不兼容；删除并重新生成；正在链接对象，如同没有调试信息一样
liveMedia.lib(H264or5VideoStreamFramer.obj) : warning LNK4208: “”中的 PDB 格式不兼容；删除并重新生成；正在链接对象，如同没有调试信息一样
liveMedia.lib(H264or5VideoStreamFramer.obj) : warning LNK4208: “”中的 PDB 格式不兼容；删除并重新生成；正在链接对象，如同没有调试信息一样
liveMedia.lib(H264or5VideoStreamFramer.obj) : warning LNK4208: “”中的 PDB 格式不兼容；删除并重新生成；正在链接对象，如同没有调试信息一样
liveMedia.lib(H264or5VideoStreamFramer.obj) : warning LNK4208: “”中的 PDB 格式不兼容；删除并重新生成；正在链接对象，如同没有调试信息一样
liveMedia.lib(H264or5VideoStreamFramer.obj) : warning LNK4208: “”中的 PDB 格式不兼容；删除并重新生成；正在链接对象，如同没有调试信息一样
liveMedia.lib(H264or5VideoStreamFramer.obj) : warning LNK4208: “”中的 PDB 格式不兼容；删除并重新生成；正在链接对象，如同没有调试信息一样
liveMedia.lib(H264or5VideoStreamFramer.obj) : warning LNK4208: “”中的 PDB 格式不兼容；删除并重新生成；正在链接对象，如同没有调试信息一样
liveMedia.lib(H264or5VideoStreamFramer.obj) : warning LNK4208: “”中的 PDB 格式不兼容；删除并重新生成；正在链接对象，如同没有调试信息一样
liveMedia.lib(H264or5VideoStreamFramer.obj) : warning LNK4208: “”中的 PDB 格式不兼容；删除并重新生成；正在链接对象，如同没有调试信息一样
liveMedia.lib(H264or5VideoStreamFramer.obj) : warning LNK4208: “”中的 PDB 格式不兼容；删除并重新生成；正在链接对象，如同没有调试信息一样
liveMedia.lib(H264or5VideoStreamFramer.obj) : warning LNK4208: “”中的 PDB 格式不兼容；删除并重新生成；正在链接对象，如同没有调试信息一样
liveMedia.lib(H264or5VideoStreamFramer.obj) : warning LNK4208: “”中的 PDB 格式不兼容；删除并重新生成；正在链接对象，如同没有调试信息一样
liveMedia.lib(H264or5VideoStreamFramer.obj) : warning LNK4208: “”中的 PDB 格式不兼容；删除并重新生成；正在链接对象，如同没有调试信息一样
liveMedia.lib(H264or5VideoStreamFramer.obj) : warning LNK4208: “”中的 PDB 格式不兼容；删除并重新生成；正在链接对象，如同没有调试信息一样
liveMedia.lib(H264or5VideoStreamFramer.obj) : warning LNK4208: “”中的 PDB 格式不兼容；删除并重新生成；正在链接对象，如同没有调试信息一样
liveMedia.lib(H264or5VideoStreamFramer.obj) : warning LNK4208: “”中的 PDB 格式不兼容；删除并重新生成；正在链接对象，如同没有调试信息一样
liveMedia.lib(H264or5VideoStreamFramer.obj) : warning LNK4208: “”中的 PDB 格式不兼容；删除并重新生成；正在链接对象，如同没有调试信息一样
liveMedia.lib(H264or5VideoStreamFramer.obj) : warning LNK4208: “”中的 PDB 格式不兼容；删除并重新生成；正在链接对象，如同没有调试信息一样
liveMedia.lib(H264or5VideoStreamFramer.obj) : warning LNK4208: “”中的 PDB 格式不兼容；删除并重新生成；正在链接对象，如同没有调试信息一样
liveMedia.lib(H264or5VideoStreamFramer.obj) : warning LNK4208: “”中的 PDB 格式不兼容；删除并重新生成；正在链接对象，如同没有调试信息一样
liveMedia.lib(H264or5VideoStreamFramer.obj) : warning LNK4208: “”中的 PDB 格式不兼容；删除并重新生成；正在链接对象，如同没有调试信息一样
liveMedia.lib(H264or5VideoStreamFramer.obj) : warning LNK4208: “”中的 PDB 格式不兼容；删除并重新生成；正在链接对象，如同没有调试信息一样
liveMedia.lib(H264or5VideoStreamFramer.obj) : warning LNK4208: “”中的 PDB 格式不兼容；删除并重新生成；正在链接对象，如同没有调试信息一样
groupsock.lib(NetAddress.obj) : warning LNK4208: “”中的 PDB 格式不兼容；删除并重新生成；正在链接对象，如同没有调试信息一样
groupsock.lib(NetAddress.obj) : warning LNK4208: “”中的 PDB 格式不兼容；删除并重新生成；正在链接对象，如同没有调试信息一样
groupsock.lib(NetAddress.obj) : warning LNK4208: “”中的 PDB 格式不兼容；删除并重新生成；正在链接对象，如同没有调试信息一样
groupsock.lib(NetAddress.obj) : warning LNK4208: “”中的 PDB 格式不兼容；删除并重新生成；正在链接对象，如同没有调试信息一样
groupsock.lib(NetAddress.obj) : warning LNK4208: “”中的 PDB 格式不兼容；删除并重新生成；正在链接对象，如同没有调试信息一样
groupsock.lib(NetAddress.obj) : warning LNK4208: “”中的 PDB 格式不兼容；删除并重新生成；正在链接对象，如同没有调试信息一样
groupsock.lib(NetAddress.obj) : warning LNK4208: “”中的 PDB 格式不兼容；删除并重新生成；正在链接对象，如同没有调试信息一样
groupsock.lib(NetAddress.obj) : warning LNK4208: “”中的 PDB 格式不兼容；删除并重新生成；正在链接对象，如同没有调试信息一样
groupsock.lib(NetAddress.obj) : warning LNK4208: “”中的 PDB 格式不兼容；删除并重新生成；正在链接对象，如同没有调试信息一样
groupsock.lib(NetAddress.obj) : warning LNK4208: “”中的 PDB 格式不兼容；删除并重新生成；正在链接对象，如同没有调试信息一样
groupsock.lib(NetAddress.obj) : warning LNK4208: “”中的 PDB 格式不兼容；删除并重新生成；正在链接对象，如同没有调试信息一样
groupsock.lib(NetAddress.obj) : warning LNK4208: “”中的 PDB 格式不兼容；删除并重新生成；正在链接对象，如同没有调试信息一样
groupsock.lib(NetAddress.obj) : warning LNK4208: “”中的 PDB 格式不兼容；删除并重新生成；正在链接对象，如同没有调试信息一样
groupsock.lib(NetAddress.obj) : warning LNK4208: “”中的 PDB 格式不兼容；删除并重新生成；正在链接对象，如同没有调试信息一样
groupsock.lib(NetAddress.obj) : warning LNK4208: “”中的 PDB 格式不兼容；删除并重新生成；正在链接对象，如同没有调试信息一样
groupsock.lib(NetAddress.obj) : warning LNK4208: “”中的 PDB 格式不兼容；删除并重新生成；正在链接对象，如同没有调试信息一样
groupsock.lib(NetAddress.obj) : warning LNK4208: “”中的 PDB 格式不兼容；删除并重新生成；正在链接对象，如同没有调试信息一样
groupsock.lib(NetAddress.obj) : warning LNK4208: “”中的 PDB 格式不兼容；删除并重新生成；正在链接对象，如同没有调试信息一样
groupsock.lib(NetAddress.obj) : warning LNK4208: “”中的 PDB 格式不兼容；删除并重新生成；正在链接对象，如同没有调试信息一样
groupsock.lib(NetAddress.obj) : warning LNK4208: “”中的 PDB 格式不兼容；删除并重新生成；正在链接对象，如同没有调试信息一样
groupsock.lib(NetAddress.obj) : warning LNK4208: “”中的 PDB 格式不兼容；删除并重新生成；正在链接对象，如同没有调试信息一样
groupsock.lib(NetAddress.obj) : warning LNK4208: “”中的 PDB 格式不兼容；删除并重新生成；正在链接对象，如同没有调试信息一样
groupsock.lib(NetAddress.obj) : warning LNK4208: “”中的 PDB 格式不兼容；删除并重新生成；正在链接对象，如同没有调试信息一样
groupsock.lib(NetAddress.obj) : warning LNK4208: “”中的 PDB 格式不兼容；删除并重新生成；正在链接对象，如同没有调试信息一样
groupsock.lib(NetAddress.obj) : warning LNK4208: “”中的 PDB 格式不兼容；删除并重新生成；正在链接对象，如同没有调试信息一样
groupsock.lib(NetAddress.obj) : warning LNK4208: “”中的 PDB 格式不兼容；删除并重新生成；正在链接对象，如同没有调试信息一样
groupsock.lib(NetAddress.obj) : warning LNK4208: “”中的 PDB 格式不兼容；删除并重新生成；正在链接对象，如同没有调试信息一样
groupsock.lib(NetAddress.obj) : warning LNK4208: “”中的 PDB 格式不兼容；删除并重新生成；正在链接对象，如同没有调试信息一样
groupsock.lib(NetAddress.obj) : warning LNK4208: “”中的 PDB 格式不兼容；删除并重新生成；正在链接对象，如同没有调试信息一样
groupsock.lib(NetAddress.obj) : warning LNK4208: “”中的 PDB 格式不兼容；删除并重新生成；正在链接对象，如同没有调试信息一样
groupsock.lib(NetAddress.obj) : warning LNK4208: “”中的 PDB 格式不兼容；删除并重新生成；正在链接对象，如同没有调试信息一样
groupsock.lib(NetAddress.obj) : warning LNK4208: “”中的 PDB 格式不兼容；删除并重新生成；正在链接对象，如同没有调试信息一样
groupsock.lib(NetAddress.obj) : warning LNK4208: “”中的 PDB 格式不兼容；删除并重新生成；正在链接对象，如同没有调试信息一样
groupsock.lib(NetAddress.obj) : warning LNK4208: “”中的 PDB 格式不兼容；删除并重新生成；正在链接对象，如同没有调试信息一样
groupsock.lib(NetAddress.obj) : warning LNK4208: “”中的 PDB 格式不兼容；删除并重新生成；正在链接对象，如同没有调试信息一样
groupsock.lib(NetAddress.obj) : warning LNK4208: “”中的 PDB 格式不兼容；删除并重新生成；正在链接对象，如同没有调试信息一样
groupsock.lib(GroupsockHelper.obj) : warning LNK4208: “”中的 PDB 格式不兼容；删除并重新生成；正在链接对象，如同没有调试信息一样
groupsock.lib(NetAddress.obj) : warning LNK4208: “”中的 PDB 格式不兼容；删除并重新生成；正在链接对象，如同没有调试信息一样
groupsock.lib(NetAddress.obj) : warning LNK4208: “”中的 PDB 格式不兼容；删除并重新生成；正在链接对象，如同没有调试信息一样
groupsock.lib(GroupsockHelper.obj) : warning LNK4208: “”中的 PDB 格式不兼容；删除并重新生成；正在链接对象，如同没有调试信息一样
groupsock.lib(GroupsockHelper.obj) : warning LNK4208: “”中的 PDB 格式不兼容；删除并重新生成；正在链接对象，如同没有调试信息一样
groupsock.lib(GroupsockHelper.obj) : warning LNK4208: “”中的 PDB 格式不兼容；删除并重新生成；正在链接对象，如同没有调试信息一样
groupsock.lib(NetAddress.obj) : warning LNK4208: “”中的 PDB 格式不兼容；删除并重新生成；正在链接对象，如同没有调试信息一样
groupsock.lib(GroupsockHelper.obj) : warning LNK4208: “”中的 PDB 格式不兼容；删除并重新生成；正在链接对象，如同没有调试信息一样
groupsock.lib(GroupsockHelper.obj) : warning LNK4208: “”中的 PDB 格式不兼容；删除并重新生成；正在链接对象，如同没有调试信息一样
groupsock.lib(GroupsockHelper.obj) : warning LNK4208: “”中的 PDB 格式不兼容；删除并重新生成；正在链接对象，如同没有调试信息一样
groupsock.lib(GroupsockHelper.obj) : warning LNK4208: “”中的 PDB 格式不兼容；删除并重新生成；正在链接对象，如同没有调试信息一样
groupsock.lib(GroupsockHelper.obj) : warning LNK4208: “”中的 PDB 格式不兼容；删除并重新生成；正在链接对象，如同没有调试信息一样
groupsock.lib(GroupsockHelper.obj) : warning LNK4208: “”中的 PDB 格式不兼容；删除并重新生成；正在链接对象，如同没有调试信息一样
groupsock.lib(GroupsockHelper.obj) : warning LNK4208: “”中的 PDB 格式不兼容；删除并重新生成；正在链接对象，如同没有调试信息一样
groupsock.lib(GroupsockHelper.obj) : warning LNK4208: “”中的 PDB 格式不兼容；删除并重新生成；正在链接对象，如同没有调试信息一样
groupsock.lib(GroupsockHelper.obj) : warning LNK4208: “”中的 PDB 格式不兼容；删除并重新生成；正在链接对象，如同没有调试信息一样
groupsock.lib(GroupsockHelper.obj) : warning LNK4208: “”中的 PDB 格式不兼容；删除并重新生成；正在链接对象，如同没有调试信息一样
groupsock.lib(GroupsockHelper.obj) : warning LNK4208: “”中的 PDB 格式不兼容；删除并重新生成；正在链接对象，如同没有调试信息一样
groupsock.lib(GroupsockHelper.obj) : warning LNK4208: “”中的 PDB 格式不兼容；删除并重新生成；正在链接对象，如同没有调试信息一样
groupsock.lib(GroupsockHelper.obj) : warning LNK4208: “”中的 PDB 格式不兼容；删除并重新生成；正在链接对象，如同没有调试信息一样
groupsock.lib(GroupsockHelper.obj) : warning LNK4208: “”中的 PDB 格式不兼容；删除并重新生成；正在链接对象，如同没有调试信息一样
groupsock.lib(GroupsockHelper.obj) : warning LNK4208: “”中的 PDB 格式不兼容；删除并重新生成；正在链接对象，如同没有调试信息一样
groupsock.lib(GroupsockHelper.obj) : warning LNK4208: “”中的 PDB 格式不兼容；删除并重新生成；正在链接对象，如同没有调试信息一样
groupsock.lib(GroupsockHelper.obj) : warning LNK4208: “”中的 PDB 格式不兼容；删除并重新生成；正在链接对象，如同没有调试信息一样
groupsock.lib(GroupsockHelper.obj) : warning LNK4208: “”中的 PDB 格式不兼容；删除并重新生成；正在链接对象，如同没有调试信息一样
groupsock.lib(GroupsockHelper.obj) : warning LNK4208: “”中的 PDB 格式不兼容；删除并重新生成；正在链接对象，如同没有调试信息一样
groupsock.lib(GroupsockHelper.obj) : warning LNK4208: “”中的 PDB 格式不兼容；删除并重新生成；正在链接对象，如同没有调试信息一样
groupsock.lib(GroupsockHelper.obj) : warning LNK4208: “”中的 PDB 格式不兼容；删除并重新生成；正在链接对象，如同没有调试信息一样
groupsock.lib(GroupsockHelper.obj) : warning LNK4208: “”中的 PDB 格式不兼容；删除并重新生成；正在链接对象，如同没有调试信息一样
groupsock.lib(GroupsockHelper.obj) : warning LNK4208: “”中的 PDB 格式不兼容；删除并重新生成；正在链接对象，如同没有调试信息一样
groupsock.lib(GroupsockHelper.obj) : warning LNK4208: “”中的 PDB 格式不兼容；删除并重新生成；正在链接对象，如同没有调试信息一样
groupsock.lib(GroupsockHelper.obj) : warning LNK4208: “”中的 PDB 格式不兼容；删除并重新生成；正在链接对象，如同没有调试信息一样
groupsock.lib(GroupsockHelper.obj) : warning LNK4208: “”中的 PDB 格式不兼容；删除并重新生成；正在链接对象，如同没有调试信息一样
groupsock.lib(GroupsockHelper.obj) : warning LNK4208: “”中的 PDB 格式不兼容；删除并重新生成；正在链接对象，如同没有调试信息一样
groupsock.lib(GroupsockHelper.obj) : warning LNK4208: “”中的 PDB 格式不兼容；删除并重新生成；正在链接对象，如同没有调试信息一样
groupsock.lib(GroupsockHelper.obj) : warning LNK4208: “”中的 PDB 格式不兼容；删除并重新生成；正在链接对象，如同没有调试信息一样
groupsock.lib(GroupsockHelper.obj) : warning LNK4208: “”中的 PDB 格式不兼容；删除并重新生成；正在链接对象，如同没有调试信息一样
groupsock.lib(GroupsockHelper.obj) : warning LNK4208: “”中的 PDB 格式不兼容；删除并重新生成；正在链接对象，如同没有调试信息一样
groupsock.lib(GroupsockHelper.obj) : warning LNK4208: “”中的 PDB 格式不兼容；删除并重新生成；正在链接对象，如同没有调试信息一样
groupsock.lib(GroupsockHelper.obj) : warning LNK4208: “”中的 PDB 格式不兼容；删除并重新生成；正在链接对象，如同没有调试信息一样
groupsock.lib(GroupsockHelper.obj) : warning LNK4208: “”中的 PDB 格式不兼容；删除并重新生成；正在链接对象，如同没有调试信息一样
groupsock.lib(GroupsockHelper.obj) : warning LNK4208: “”中的 PDB 格式不兼容；删除并重新生成；正在链接对象，如同没有调试信息一样
groupsock.lib(GroupsockHelper.obj) : warning LNK4208: “”中的 PDB 格式不兼容；删除并重新生成；正在链接对象，如同没有调试信息一样
groupsock.lib(GroupsockHelper.obj) : warning LNK4208: “”中的 PDB 格式不兼容；删除并重新生成；正在链接对象，如同没有调试信息一样
groupsock.lib(GroupsockHelper.obj) : warning LNK4208: “”中的 PDB 格式不兼容；删除并重新生成；正在链接对象，如同没有调试信息一样
groupsock.lib(GroupsockHelper.obj) : warning LNK4208: “”中的 PDB 格式不兼容；删除并重新生成；正在链接对象，如同没有调试信息一样
groupsock.lib(GroupsockHelper.obj) : warning LNK4208: “”中的 PDB 格式不兼容；删除并重新生成；正在链接对象，如同没有调试信息一样
groupsock.lib(GroupsockHelper.obj) : warning LNK4208: “”中的 PDB 格式不兼容；删除并重新生成；正在链接对象，如同没有调试信息一样
groupsock.lib(GroupsockHelper.obj) : warning LNK4208: “”中的 PDB 格式不兼容；删除并重新生成；正在链接对象，如同没有调试信息一样
groupsock.lib(GroupsockHelper.obj) : warning LNK4208: “”中的 PDB 格式不兼容；删除并重新生成；正在链接对象，如同没有调试信息一样
groupsock.lib(groupsock.obj) : warning LNK4208: “”中的 PDB 格式不兼容；删除并重新生成；正在链接对象，如同没有调试信息一样
groupsock.lib(groupsock.obj) : warning LNK4208: “”中的 PDB 格式不兼容；删除并重新生成；正在链接对象，如同没有调试信息一样
groupsock.lib(groupsock.obj) : warning LNK4208: “”中的 PDB 格式不兼容；删除并重新生成；正在链接对象，如同没有调试信息一样
groupsock.lib(groupsock.obj) : warning LNK4208: “”中的 PDB 格式不兼容；删除并重新生成；正在链接对象，如同没有调试信息一样
groupsock.lib(groupsock.obj) : warning LNK4208: “”中的 PDB 格式不兼容；删除并重新生成；正在链接对象，如同没有调试信息一样
groupsock.lib(groupsock.obj) : warning LNK4208: “”中的 PDB 格式不兼容；删除并重新生成；正在链接对象，如同没有调试信息一样
groupsock.lib(groupsock.obj) : warning LNK4208: “”中的 PDB 格式不兼容；删除并重新生成；正在链接对象，如同没有调试信息一样
groupsock.lib(groupsock.obj) : warning LNK4208: “”中的 PDB 格式不兼容；删除并重新生成；正在链接对象，如同没有调试信息一样
groupsock.lib(groupsock.obj) : warning LNK4208: “”中的 PDB 格式不兼容；删除并重新生成；正在链接对象，如同没有调试信息一样
groupsock.lib(groupsock.obj) : warning LNK4208: “”中的 PDB 格式不兼容；删除并重新生成；正在链接对象，如同没有调试信息一样
groupsock.lib(groupsock.obj) : warning LNK4208: “”中的 PDB 格式不兼容；删除并重新生成；正在链接对象，如同没有调试信息一样
groupsock.lib(groupsock.obj) : warning LNK4208: “”中的 PDB 格式不兼容；删除并重新生成；正在链接对象，如同没有调试信息一样
groupsock.lib(groupsock.obj) : warning LNK4208: “”中的 PDB 格式不兼容；删除并重新生成；正在链接对象，如同没有调试信息一样
groupsock.lib(groupsock.obj) : warning LNK4208: “”中的 PDB 格式不兼容；删除并重新生成；正在链接对象，如同没有调试信息一样
groupsock.lib(groupsock.obj) : warning LNK4208: “”中的 PDB 格式不兼容；删除并重新生成；正在链接对象，如同没有调试信息一样
groupsock.lib(inet.obj) : warning LNK4208: “”中的 PDB 格式不兼容；删除并重新生成；正在链接对象，如同没有调试信息一样
groupsock.lib(inet.obj) : warning LNK4208: “”中的 PDB 格式不兼容；删除并重新生成；正在链接对象，如同没有调试信息一样
groupsock.lib(inet.obj) : warning LNK4208: “”中的 PDB 格式不兼容；删除并重新生成；正在链接对象，如同没有调试信息一样
groupsock.lib(inet.obj) : warning LNK4208: “”中的 PDB 格式不兼容；删除并重新生成；正在链接对象，如同没有调试信息一样
groupsock.lib(inet.obj) : warning LNK4208: “”中的 PDB 格式不兼容；删除并重新生成；正在链接对象，如同没有调试信息一样
groupsock.lib(groupsock.obj) : warning LNK4208: “”中的 PDB 格式不兼容；删除并重新生成；正在链接对象，如同没有调试信息一样
groupsock.lib(groupsock.obj) : warning LNK4208: “”中的 PDB 格式不兼容；删除并重新生成；正在链接对象，如同没有调试信息一样
groupsock.lib(groupsock.obj) : warning LNK4208: “”中的 PDB 格式不兼容；删除并重新生成；正在链接对象，如同没有调试信息一样
groupsock.lib(inet.obj) : warning LNK4208: “”中的 PDB 格式不兼容；删除并重新生成；正在链接对象，如同没有调试信息一样
groupsock.lib(inet.obj) : warning LNK4208: “”中的 PDB 格式不兼容；删除并重新生成；正在链接对象，如同没有调试信息一样
groupsock.lib(inet.obj) : warning LNK4208: “”中的 PDB 格式不兼容；删除并重新生成；正在链接对象，如同没有调试信息一样
groupsock.lib(inet.obj) : warning LNK4208: “”中的 PDB 格式不兼容；删除并重新生成；正在链接对象，如同没有调试信息一样
groupsock.lib(inet.obj) : warning LNK4208: “”中的 PDB 格式不兼容；删除并重新生成；正在链接对象，如同没有调试信息一样
groupsock.lib(inet.obj) : warning LNK4208: “”中的 PDB 格式不兼容；删除并重新生成；正在链接对象，如同没有调试信息一样
groupsock.lib(inet.obj) : warning LNK4208: “”中的 PDB 格式不兼容；删除并重新生成；正在链接对象，如同没有调试信息一样
groupsock.lib(inet.obj) : warning LNK4208: “”中的 PDB 格式不兼容；删除并重新生成；正在链接对象，如同没有调试信息一样
groupsock.lib(inet.obj) : warning LNK4208: “”中的 PDB 格式不兼容；删除并重新生成；正在链接对象，如同没有调试信息一样
groupsock.lib(inet.obj) : warning LNK4208: “”中的 PDB 格式不兼容；删除并重新生成；正在链接对象，如同没有调试信息一样
groupsock.lib(inet.obj) : warning LNK4208: “”中的 PDB 格式不兼容；删除并重新生成；正在链接对象，如同没有调试信息一样
groupsock.lib(inet.obj) : warning LNK4208: “”中的 PDB 格式不兼容；删除并重新生成；正在链接对象，如同没有调试信息一样
groupsock.lib(inet.obj) : warning LNK4208: “”中的 PDB 格式不兼容；删除并重新生成；正在链接对象，如同没有调试信息一样
groupsock.lib(inet.obj) : warning LNK4208: “”中的 PDB 格式不兼容；删除并重新生成；正在链接对象，如同没有调试信息一样
groupsock.lib(inet.obj) : warning LNK4208: “”中的 PDB 格式不兼容；删除并重新生成；正在链接对象，如同没有调试信息一样
groupsock.lib(inet.obj) : warning LNK4208: “”中的 PDB 格式不兼容；删除并重新生成；正在链接对象，如同没有调试信息一样
groupsock.lib(inet.obj) : warning LNK4208: “”中的 PDB 格式不兼容；删除并重新生成；正在链接对象，如同没有调试信息一样
groupsock.lib(inet.obj) : warning LNK4208: “”中的 PDB 格式不兼容；删除并重新生成；正在链接对象，如同没有调试信息一样
groupsock.lib(inet.obj) : warning LNK4208: “”中的 PDB 格式不兼容；删除并重新生成；正在链接对象，如同没有调试信息一样
groupsock.lib(NetInterface.obj) : warning LNK4208: “”中的 PDB 格式不兼容；删除并重新生成；正在链接对象，如同没有调试信息一样
groupsock.lib(NetInterface.obj) : warning LNK4208: “”中的 PDB 格式不兼容；删除并重新生成；正在链接对象，如同没有调试信息一样
groupsock.lib(NetInterface.obj) : warning LNK4208: “”中的 PDB 格式不兼容；删除并重新生成；正在链接对象，如同没有调试信息一样
groupsock.lib(NetInterface.obj) : warning LNK4208: “”中的 PDB 格式不兼容；删除并重新生成；正在链接对象，如同没有调试信息一样
groupsock.lib(NetInterface.obj) : warning LNK4208: “”中的 PDB 格式不兼容；删除并重新生成；正在链接对象，如同没有调试信息一样
groupsock.lib(NetInterface.obj) : warning LNK4208: “”中的 PDB 格式不兼容；删除并重新生成；正在链接对象，如同没有调试信息一样
groupsock.lib(NetInterface.obj) : warning LNK4208: “”中的 PDB 格式不兼容；删除并重新生成；正在链接对象，如同没有调试信息一样
groupsock.lib(NetInterface.obj) : warning LNK4208: “”中的 PDB 格式不兼容；删除并重新生成；正在链接对象，如同没有调试信息一样
groupsock.lib(NetInterface.obj) : warning LNK4208: “”中的 PDB 格式不兼容；删除并重新生成；正在链接对象，如同没有调试信息一样
groupsock.lib(NetInterface.obj) : warning LNK4208: “”中的 PDB 格式不兼容；删除并重新生成；正在链接对象，如同没有调试信息一样
groupsock.lib(inet.obj) : warning LNK4208: “”中的 PDB 格式不兼容；删除并重新生成；正在链接对象，如同没有调试信息一样
groupsock.lib(inet.obj) : warning LNK4208: “”中的 PDB 格式不兼容；删除并重新生成；正在链接对象，如同没有调试信息一样
groupsock.lib(NetInterface.obj) : warning LNK4208: “”中的 PDB 格式不兼容；删除并重新生成；正在链接对象，如同没有调试信息一样
groupsock.lib(NetInterface.obj) : warning LNK4208: “”中的 PDB 格式不兼容；删除并重新生成；正在链接对象，如同没有调试信息一样
groupsock.lib(NetInterface.obj) : warning LNK4208: “”中的 PDB 格式不兼容；删除并重新生成；正在链接对象，如同没有调试信息一样
groupsock.lib(NetInterface.obj) : warning LNK4208: “”中的 PDB 格式不兼容；删除并重新生成；正在链接对象，如同没有调试信息一样
groupsock.lib(GroupEId.obj) : warning LNK4208: “”中的 PDB 格式不兼容；删除并重新生成；正在链接对象，如同没有调试信息一样
groupsock.lib(GroupEId.obj) : warning LNK4208: “”中的 PDB 格式不兼容；删除并重新生成；正在链接对象，如同没有调试信息一样
groupsock.lib(GroupEId.obj) : warning LNK4208: “”中的 PDB 格式不兼容；删除并重新生成；正在链接对象，如同没有调试信息一样
groupsock.lib(GroupEId.obj) : warning LNK4208: “”中的 PDB 格式不兼容；删除并重新生成；正在链接对象，如同没有调试信息一样
groupsock.lib(GroupEId.obj) : warning LNK4208: “”中的 PDB 格式不兼容；删除并重新生成；正在链接对象，如同没有调试信息一样
groupsock.lib(GroupEId.obj) : warning LNK4208: “”中的 PDB 格式不兼容；删除并重新生成；正在链接对象，如同没有调试信息一样
groupsock.lib(GroupEId.obj) : warning LNK4208: “”中的 PDB 格式不兼容；删除并重新生成；正在链接对象，如同没有调试信息一样
groupsock.lib(GroupEId.obj) : warning LNK4208: “”中的 PDB 格式不兼容；删除并重新生成；正在链接对象，如同没有调试信息一样
groupsock.lib(GroupEId.obj) : warning LNK4208: “”中的 PDB 格式不兼容；删除并重新生成；正在链接对象，如同没有调试信息一样
groupsock.lib(GroupEId.obj) : warning LNK4208: “”中的 PDB 格式不兼容；删除并重新生成；正在链接对象，如同没有调试信息一样
groupsock.lib(NetInterface.obj) : warning LNK4208: “”中的 PDB 格式不兼容；删除并重新生成；正在链接对象，如同没有调试信息一样
groupsock.lib(GroupEId.obj) : warning LNK4208: “”中的 PDB 格式不兼容；删除并重新生成；正在链接对象，如同没有调试信息一样
groupsock.lib(GroupEId.obj) : warning LNK4208: “”中的 PDB 格式不兼容；删除并重新生成；正在链接对象，如同没有调试信息一样
groupsock.lib(GroupEId.obj) : warning LNK4208: “”中的 PDB 格式不兼容；删除并重新生成；正在链接对象，如同没有调试信息一样
groupsock.lib(GroupEId.obj) : warning LNK4208: “”中的 PDB 格式不兼容；删除并重新生成；正在链接对象，如同没有调试信息一样
groupsock.lib(GroupEId.obj) : warning LNK4208: “”中的 PDB 格式不兼容；删除并重新生成；正在链接对象，如同没有调试信息一样
groupsock.lib(GroupEId.obj) : warning LNK4208: “”中的 PDB 格式不兼容；删除并重新生成；正在链接对象，如同没有调试信息一样
BasicUsageEnvironment.lib(BasicUsageEnvironment.obj) : warning LNK4208: “”中的 PDB 格式不兼容；删除并重新生成；正在链接对象，如同没有调试信息一样
BasicUsageEnvironment.lib(BasicUsageEnvironment.obj) : warning LNK4208: “”中的 PDB 格式不兼容；删除并重新生成；正在链接对象，如同没有调试信息一样
BasicUsageEnvironment.lib(BasicUsageEnvironment.obj) : warning LNK4208: “”中的 PDB 格式不兼容；删除并重新生成；正在链接对象，如同没有调试信息一样
BasicUsageEnvironment.lib(BasicUsageEnvironment.obj) : warning LNK4208: “”中的 PDB 格式不兼容；删除并重新生成；正在链接对象，如同没有调试信息一样
BasicUsageEnvironment.lib(BasicUsageEnvironment.obj) : warning LNK4208: “”中的 PDB 格式不兼容；删除并重新生成；正在链接对象，如同没有调试信息一样
BasicUsageEnvironment.lib(BasicUsageEnvironment.obj) : warning LNK4208: “”中的 PDB 格式不兼容；删除并重新生成；正在链接对象，如同没有调试信息一样
BasicUsageEnvironment.lib(BasicUsageEnvironment.obj) : warning LNK4208: “”中的 PDB 格式不兼容；删除并重新生成；正在链接对象，如同没有调试信息一样
BasicUsageEnvironment.lib(BasicUsageEnvironment.obj) : warning LNK4208: “”中的 PDB 格式不兼容；删除并重新生成；正在链接对象，如同没有调试信息一样
BasicUsageEnvironment.lib(BasicUsageEnvironment.obj) : warning LNK4208: “”中的 PDB 格式不兼容；删除并重新生成；正在链接对象，如同没有调试信息一样
groupsock.lib(NetInterface.obj) : warning LNK4208: “”中的 PDB 格式不兼容；删除并重新生成；正在链接对象，如同没有调试信息一样
BasicUsageEnvironment.lib(BasicUsageEnvironment.obj) : warning LNK4208: “”中的 PDB 格式不兼容；删除并重新生成；正在链接对象，如同没有调试信息一样
BasicUsageEnvironment.lib(BasicUsageEnvironment.obj) : warning LNK4208: “”中的 PDB 格式不兼容；删除并重新生成；正在链接对象，如同没有调试信息一样
BasicUsageEnvironment.lib(BasicUsageEnvironment.obj) : warning LNK4208: “”中的 PDB 格式不兼容；删除并重新生成；正在链接对象，如同没有调试信息一样
BasicUsageEnvironment.lib(BasicUsageEnvironment.obj) : warning LNK4208: “”中的 PDB 格式不兼容；删除并重新生成；正在链接对象，如同没有调试信息一样
BasicUsageEnvironment.lib(BasicUsageEnvironment.obj) : warning LNK4208: “”中的 PDB 格式不兼容；删除并重新生成；正在链接对象，如同没有调试信息一样
BasicUsageEnvironment.lib(BasicUsageEnvironment.obj) : warning LNK4208: “”中的 PDB 格式不兼容；删除并重新生成；正在链接对象，如同没有调试信息一样
BasicUsageEnvironment.lib(BasicUsageEnvironment.obj) : warning LNK4208: “”中的 PDB 格式不兼容；删除并重新生成；正在链接对象，如同没有调试信息一样
BasicUsageEnvironment.lib(BasicUsageEnvironment.obj) : warning LNK4208: “”中的 PDB 格式不兼容；删除并重新生成；正在链接对象，如同没有调试信息一样
BasicUsageEnvironment.lib(BasicTaskScheduler.obj) : warning LNK4208: “”中的 PDB 格式不兼容；删除并重新生成；正在链接对象，如同没有调试信息一样
BasicUsageEnvironment.lib(BasicTaskScheduler.obj) : warning LNK4208: “”中的 PDB 格式不兼容；删除并重新生成；正在链接对象，如同没有调试信息一样
BasicUsageEnvironment.lib(BasicUsageEnvironment.obj) : warning LNK4208: “”中的 PDB 格式不兼容；删除并重新生成；正在链接对象，如同没有调试信息一样
BasicUsageEnvironment.lib(BasicUsageEnvironment.obj) : warning LNK4208: “”中的 PDB 格式不兼容；删除并重新生成；正在链接对象，如同没有调试信息一样
BasicUsageEnvironment.lib(BasicTaskScheduler.obj) : warning LNK4208: “”中的 PDB 格式不兼容；删除并重新生成；正在链接对象，如同没有调试信息一样
BasicUsageEnvironment.lib(BasicTaskScheduler.obj) : warning LNK4208: “”中的 PDB 格式不兼容；删除并重新生成；正在链接对象，如同没有调试信息一样
BasicUsageEnvironment.lib(BasicTaskScheduler.obj) : warning LNK4208: “”中的 PDB 格式不兼容；删除并重新生成；正在链接对象，如同没有调试信息一样
BasicUsageEnvironment.lib(BasicTaskScheduler.obj) : warning LNK4208: “”中的 PDB 格式不兼容；删除并重新生成；正在链接对象，如同没有调试信息一样
BasicUsageEnvironment.lib(BasicTaskScheduler.obj) : warning LNK4208: “”中的 PDB 格式不兼容；删除并重新生成；正在链接对象，如同没有调试信息一样
BasicUsageEnvironment.lib(BasicTaskScheduler.obj) : warning LNK4208: “”中的 PDB 格式不兼容；删除并重新生成；正在链接对象，如同没有调试信息一样
BasicUsageEnvironment.lib(BasicTaskScheduler.obj) : warning LNK4208: “”中的 PDB 格式不兼容；删除并重新生成；正在链接对象，如同没有调试信息一样
BasicUsageEnvironment.lib(BasicTaskScheduler.obj) : warning LNK4208: “”中的 PDB 格式不兼容；删除并重新生成；正在链接对象，如同没有调试信息一样
BasicUsageEnvironment.lib(BasicTaskScheduler.obj) : warning LNK4208: “”中的 PDB 格式不兼容；删除并重新生成；正在链接对象，如同没有调试信息一样
BasicUsageEnvironment.lib(BasicTaskScheduler.obj) : warning LNK4208: “”中的 PDB 格式不兼容；删除并重新生成；正在链接对象，如同没有调试信息一样
BasicUsageEnvironment.lib(BasicTaskScheduler.obj) : warning LNK4208: “”中的 PDB 格式不兼容；删除并重新生成；正在链接对象，如同没有调试信息一样
BasicUsageEnvironment.lib(BasicTaskScheduler.obj) : warning LNK4208: “”中的 PDB 格式不兼容；删除并重新生成；正在链接对象，如同没有调试信息一样
BasicUsageEnvironment.lib(BasicTaskScheduler.obj) : warning LNK4208: “”中的 PDB 格式不兼容；删除并重新生成；正在链接对象，如同没有调试信息一样
BasicUsageEnvironment.lib(BasicTaskScheduler.obj) : warning LNK4208: “”中的 PDB 格式不兼容；删除并重新生成；正在链接对象，如同没有调试信息一样
BasicUsageEnvironment.lib(BasicTaskScheduler.obj) : warning LNK4208: “”中的 PDB 格式不兼容；删除并重新生成；正在链接对象，如同没有调试信息一样
BasicUsageEnvironment.lib(BasicTaskScheduler.obj) : warning LNK4208: “”中的 PDB 格式不兼容；删除并重新生成；正在链接对象，如同没有调试信息一样
BasicUsageEnvironment.lib(BasicTaskScheduler.obj) : warning LNK4208: “”中的 PDB 格式不兼容；删除并重新生成；正在链接对象，如同没有调试信息一样
BasicUsageEnvironment.lib(BasicTaskScheduler.obj) : warning LNK4208: “”中的 PDB 格式不兼容；删除并重新生成；正在链接对象，如同没有调试信息一样
BasicUsageEnvironment.lib(BasicTaskScheduler.obj) : warning LNK4208: “”中的 PDB 格式不兼容；删除并重新生成；正在链接对象，如同没有调试信息一样
BasicUsageEnvironment.lib(BasicTaskScheduler.obj) : warning LNK4208: “”中的 PDB 格式不兼容；删除并重新生成；正在链接对象，如同没有调试信息一样
BasicUsageEnvironment.lib(BasicTaskScheduler.obj) : warning LNK4208: “”中的 PDB 格式不兼容；删除并重新生成；正在链接对象，如同没有调试信息一样
BasicUsageEnvironment.lib(BasicTaskScheduler.obj) : warning LNK4208: “”中的 PDB 格式不兼容；删除并重新生成；正在链接对象，如同没有调试信息一样
BasicUsageEnvironment.lib(BasicTaskScheduler.obj) : warning LNK4208: “”中的 PDB 格式不兼容；删除并重新生成；正在链接对象，如同没有调试信息一样
BasicUsageEnvironment.lib(BasicTaskScheduler.obj) : warning LNK4208: “”中的 PDB 格式不兼容；删除并重新生成；正在链接对象，如同没有调试信息一样
BasicUsageEnvironment.lib(BasicTaskScheduler.obj) : warning LNK4208: “”中的 PDB 格式不兼容；删除并重新生成；正在链接对象，如同没有调试信息一样
BasicUsageEnvironment.lib(BasicTaskScheduler.obj) : warning LNK4208: “”中的 PDB 格式不兼容；删除并重新生成；正在链接对象，如同没有调试信息一样
BasicUsageEnvironment.lib(BasicTaskScheduler.obj) : warning LNK4208: “”中的 PDB 格式不兼容；删除并重新生成；正在链接对象，如同没有调试信息一样
BasicUsageEnvironment.lib(BasicTaskScheduler.obj) : warning LNK4208: “”中的 PDB 格式不兼容；删除并重新生成；正在链接对象，如同没有调试信息一样
BasicUsageEnvironment.lib(BasicHashTable.obj) : warning LNK4208: “”中的 PDB 格式不兼容；删除并重新生成；正在链接对象，如同没有调试信息一样
BasicUsageEnvironment.lib(BasicHashTable.obj) : warning LNK4208: “”中的 PDB 格式不兼容；删除并重新生成；正在链接对象，如同没有调试信息一样
BasicUsageEnvironment.lib(BasicHashTable.obj) : warning LNK4208: “”中的 PDB 格式不兼容；删除并重新生成；正在链接对象，如同没有调试信息一样
BasicUsageEnvironment.lib(BasicHashTable.obj) : warning LNK4208: “”中的 PDB 格式不兼容；删除并重新生成；正在链接对象，如同没有调试信息一样
BasicUsageEnvironment.lib(BasicHashTable.obj) : warning LNK4208: “”中的 PDB 格式不兼容；删除并重新生成；正在链接对象，如同没有调试信息一样
BasicUsageEnvironment.lib(BasicTaskScheduler.obj) : warning LNK4208: “”中的 PDB 格式不兼容；删除并重新生成；正在链接对象，如同没有调试信息一样
BasicUsageEnvironment.lib(BasicHashTable.obj) : warning LNK4208: “”中的 PDB 格式不兼容；删除并重新生成；正在链接对象，如同没有调试信息一样
BasicUsageEnvironment.lib(BasicHashTable.obj) : warning LNK4208: “”中的 PDB 格式不兼容；删除并重新生成；正在链接对象，如同没有调试信息一样
BasicUsageEnvironment.lib(BasicHashTable.obj) : warning LNK4208: “”中的 PDB 格式不兼容；删除并重新生成；正在链接对象，如同没有调试信息一样
BasicUsageEnvironment.lib(BasicHashTable.obj) : warning LNK4208: “”中的 PDB 格式不兼容；删除并重新生成；正在链接对象，如同没有调试信息一样
BasicUsageEnvironment.lib(BasicHashTable.obj) : warning LNK4208: “”中的 PDB 格式不兼容；删除并重新生成；正在链接对象，如同没有调试信息一样
BasicUsageEnvironment.lib(BasicUsageEnvironment0.obj) : warning LNK4208: “”中的 PDB 格式不兼容；删除并重新生成；正在链接对象，如同没有调试信息一样
BasicUsageEnvironment.lib(BasicUsageEnvironment0.obj) : warning LNK4208: “”中的 PDB 格式不兼容；删除并重新生成；正在链接对象，如同没有调试信息一样
BasicUsageEnvironment.lib(BasicUsageEnvironment0.obj) : warning LNK4208: “”中的 PDB 格式不兼容；删除并重新生成；正在链接对象，如同没有调试信息一样
BasicUsageEnvironment.lib(BasicUsageEnvironment0.obj) : warning LNK4208: “”中的 PDB 格式不兼容；删除并重新生成；正在链接对象，如同没有调试信息一样
BasicUsageEnvironment.lib(BasicUsageEnvironment0.obj) : warning LNK4208: “”中的 PDB 格式不兼容；删除并重新生成；正在链接对象，如同没有调试信息一样
BasicUsageEnvironment.lib(BasicUsageEnvironment0.obj) : warning LNK4208: “”中的 PDB 格式不兼容；删除并重新生成；正在链接对象，如同没有调试信息一样
BasicUsageEnvironment.lib(BasicUsageEnvironment0.obj) : warning LNK4208: “”中的 PDB 格式不兼容；删除并重新生成；正在链接对象，如同没有调试信息一样
BasicUsageEnvironment.lib(BasicUsageEnvironment0.obj) : warning LNK4208: “”中的 PDB 格式不兼容；删除并重新生成；正在链接对象，如同没有调试信息一样
BasicUsageEnvironment.lib(BasicUsageEnvironment0.obj) : warning LNK4208: “”中的 PDB 格式不兼容；删除并重新生成；正在链接对象，如同没有调试信息一样
BasicUsageEnvironment.lib(BasicUsageEnvironment0.obj) : warning LNK4208: “”中的 PDB 格式不兼容；删除并重新生成；正在链接对象，如同没有调试信息一样
BasicUsageEnvironment.lib(BasicUsageEnvironment0.obj) : warning LNK4208: “”中的 PDB 格式不兼容；删除并重新生成；正在链接对象，如同没有调试信息一样
BasicUsageEnvironment.lib(BasicUsageEnvironment0.obj) : warning LNK4208: “”中的 PDB 格式不兼容；删除并重新生成；正在链接对象，如同没有调试信息一样
BasicUsageEnvironment.lib(BasicUsageEnvironment0.obj) : warning LNK4208: “”中的 PDB 格式不兼容；删除并重新生成；正在链接对象，如同没有调试信息一样
groupsock.lib(inet.obj) : warning LNK4208: “”中的 PDB 格式不兼容；删除并重新生成；正在链接对象，如同没有调试信息一样
BasicUsageEnvironment.lib(BasicUsageEnvironment0.obj) : warning LNK4208: “”中的 PDB 格式不兼容；删除并重新生成；正在链接对象，如同没有调试信息一样
BasicUsageEnvironment.lib(BasicUsageEnvironment0.obj) : warning LNK4208: “”中的 PDB 格式不兼容；删除并重新生成；正在链接对象，如同没有调试信息一样
BasicUsageEnvironment.lib(BasicUsageEnvironment0.obj) : warning LNK4208: “”中的 PDB 格式不兼容；删除并重新生成；正在链接对象，如同没有调试信息一样
BasicUsageEnvironment.lib(BasicUsageEnvironment0.obj) : warning LNK4208: “”中的 PDB 格式不兼容；删除并重新生成；正在链接对象，如同没有调试信息一样
BasicUsageEnvironment.lib(BasicUsageEnvironment0.obj) : warning LNK4208: “”中的 PDB 格式不兼容；删除并重新生成；正在链接对象，如同没有调试信息一样
BasicUsageEnvironment.lib(BasicUsageEnvironment0.obj) : warning LNK4208: “”中的 PDB 格式不兼容；删除并重新生成；正在链接对象，如同没有调试信息一样
BasicUsageEnvironment.lib(BasicUsageEnvironment0.obj) : warning LNK4208: “”中的 PDB 格式不兼容；删除并重新生成；正在链接对象，如同没有调试信息一样
BasicUsageEnvironment.lib(BasicUsageEnvironment0.obj) : warning LNK4208: “”中的 PDB 格式不兼容；删除并重新生成；正在链接对象，如同没有调试信息一样
BasicUsageEnvironment.lib(BasicUsageEnvironment0.obj) : warning LNK4208: “”中的 PDB 格式不兼容；删除并重新生成；正在链接对象，如同没有调试信息一样
BasicUsageEnvironment.lib(DelayQueue.obj) : warning LNK4208: “”中的 PDB 格式不兼容；删除并重新生成；正在链接对象，如同没有调试信息一样
BasicUsageEnvironment.lib(DelayQueue.obj) : warning LNK4208: “”中的 PDB 格式不兼容；删除并重新生成；正在链接对象，如同没有调试信息一样
BasicUsageEnvironment.lib(DelayQueue.obj) : warning LNK4208: “”中的 PDB 格式不兼容；删除并重新生成；正在链接对象，如同没有调试信息一样
BasicUsageEnvironment.lib(DelayQueue.obj) : warning LNK4208: “”中的 PDB 格式不兼容；删除并重新生成；正在链接对象，如同没有调试信息一样
BasicUsageEnvironment.lib(DelayQueue.obj) : warning LNK4208: “”中的 PDB 格式不兼容；删除并重新生成；正在链接对象，如同没有调试信息一样
BasicUsageEnvironment.lib(DelayQueue.obj) : warning LNK4208: “”中的 PDB 格式不兼容；删除并重新生成；正在链接对象，如同没有调试信息一样
BasicUsageEnvironment.lib(DelayQueue.obj) : warning LNK4208: “”中的 PDB 格式不兼容；删除并重新生成；正在链接对象，如同没有调试信息一样
BasicUsageEnvironment.lib(DelayQueue.obj) : warning LNK4208: “”中的 PDB 格式不兼容；删除并重新生成；正在链接对象，如同没有调试信息一样
BasicUsageEnvironment.lib(DelayQueue.obj) : warning LNK4208: “”中的 PDB 格式不兼容；删除并重新生成；正在链接对象，如同没有调试信息一样
BasicUsageEnvironment.lib(DelayQueue.obj) : warning LNK4208: “”中的 PDB 格式不兼容；删除并重新生成；正在链接对象，如同没有调试信息一样
BasicUsageEnvironment.lib(DelayQueue.obj) : warning LNK4208: “”中的 PDB 格式不兼容；删除并重新生成；正在链接对象，如同没有调试信息一样
BasicUsageEnvironment.lib(DelayQueue.obj) : warning LNK4208: “”中的 PDB 格式不兼容；删除并重新生成；正在链接对象，如同没有调试信息一样
BasicUsageEnvironment.lib(DelayQueue.obj) : warning LNK4208: “”中的 PDB 格式不兼容；删除并重新生成；正在链接对象，如同没有调试信息一样
BasicUsageEnvironment.lib(DelayQueue.obj) : warning LNK4208: “”中的 PDB 格式不兼容；删除并重新生成；正在链接对象，如同没有调试信息一样
BasicUsageEnvironment.lib(DelayQueue.obj) : warning LNK4208: “”中的 PDB 格式不兼容；删除并重新生成；正在链接对象，如同没有调试信息一样
BasicUsageEnvironment.lib(DelayQueue.obj) : warning LNK4208: “”中的 PDB 格式不兼容；删除并重新生成；正在链接对象，如同没有调试信息一样
BasicUsageEnvironment.lib(DelayQueue.obj) : warning LNK4208: “”中的 PDB 格式不兼容；删除并重新生成；正在链接对象，如同没有调试信息一样
BasicUsageEnvironment.lib(DelayQueue.obj) : warning LNK4208: “”中的 PDB 格式不兼容；删除并重新生成；正在链接对象，如同没有调试信息一样
BasicUsageEnvironment.lib(DelayQueue.obj) : warning LNK4208: “”中的 PDB 格式不兼容；删除并重新生成；正在链接对象，如同没有调试信息一样
BasicUsageEnvironment.lib(DelayQueue.obj) : warning LNK4208: “”中的 PDB 格式不兼容；删除并重新生成；正在链接对象，如同没有调试信息一样
BasicUsageEnvironment.lib(BasicTaskScheduler0.obj) : warning LNK4208: “”中的 PDB 格式不兼容；删除并重新生成；正在链接对象，如同没有调试信息一样
BasicUsageEnvironment.lib(BasicTaskScheduler0.obj) : warning LNK4208: “”中的 PDB 格式不兼容；删除并重新生成；正在链接对象，如同没有调试信息一样
BasicUsageEnvironment.lib(BasicTaskScheduler0.obj) : warning LNK4208: “”中的 PDB 格式不兼容；删除并重新生成；正在链接对象，如同没有调试信息一样
BasicUsageEnvironment.lib(BasicTaskScheduler0.obj) : warning LNK4208: “”中的 PDB 格式不兼容；删除并重新生成；正在链接对象，如同没有调试信息一样
BasicUsageEnvironment.lib(BasicTaskScheduler0.obj) : warning LNK4208: “”中的 PDB 格式不兼容；删除并重新生成；正在链接对象，如同没有调试信息一样
BasicUsageEnvironment.lib(BasicTaskScheduler0.obj) : warning LNK4208: “”中的 PDB 格式不兼容；删除并重新生成；正在链接对象，如同没有调试信息一样
BasicUsageEnvironment.lib(BasicTaskScheduler0.obj) : warning LNK4208: “”中的 PDB 格式不兼容；删除并重新生成；正在链接对象，如同没有调试信息一样
BasicUsageEnvironment.lib(BasicTaskScheduler0.obj) : warning LNK4208: “”中的 PDB 格式不兼容；删除并重新生成；正在链接对象，如同没有调试信息一样
BasicUsageEnvironment.lib(BasicTaskScheduler0.obj) : warning LNK4208: “”中的 PDB 格式不兼容；删除并重新生成；正在链接对象，如同没有调试信息一样
BasicUsageEnvironment.lib(BasicTaskScheduler0.obj) : warning LNK4208: “”中的 PDB 格式不兼容；删除并重新生成；正在链接对象，如同没有调试信息一样
BasicUsageEnvironment.lib(BasicTaskScheduler.obj) : warning LNK4208: “”中的 PDB 格式不兼容；删除并重新生成；正在链接对象，如同没有调试信息一样
UsageEnvironment.lib(strDup.obj) : warning LNK4208: “”中的 PDB 格式不兼容；删除并重新生成；正在链接对象，如同没有调试信息一样
UsageEnvironment.lib(strDup.obj) : warning LNK4208: “”中的 PDB 格式不兼容；删除并重新生成；正在链接对象，如同没有调试信息一样
UsageEnvironment.lib(strDup.obj) : warning LNK4208: “”中的 PDB 格式不兼容；删除并重新生成；正在链接对象，如同没有调试信息一样
UsageEnvironment.lib(strDup.obj) : warning LNK4208: “”中的 PDB 格式不兼容；删除并重新生成；正在链接对象，如同没有调试信息一样
UsageEnvironment.lib(strDup.obj) : warning LNK4208: “”中的 PDB 格式不兼容；删除并重新生成；正在链接对象，如同没有调试信息一样
UsageEnvironment.lib(strDup.obj) : warning LNK4208: “”中的 PDB 格式不兼容；删除并重新生成；正在链接对象，如同没有调试信息一样
UsageEnvironment.lib(strDup.obj) : warning LNK4208: “”中的 PDB 格式不兼容；删除并重新生成；正在链接对象，如同没有调试信息一样
UsageEnvironment.lib(strDup.obj) : warning LNK4208: “”中的 PDB 格式不兼容；删除并重新生成；正在链接对象，如同没有调试信息一样
UsageEnvironment.lib(strDup.obj) : warning LNK4208: “”中的 PDB 格式不兼容；删除并重新生成；正在链接对象，如同没有调试信息一样
UsageEnvironment.lib(strDup.obj) : warning LNK4208: “”中的 PDB 格式不兼容；删除并重新生成；正在链接对象，如同没有调试信息一样
UsageEnvironment.lib(strDup.obj) : warning LNK4208: “”中的 PDB 格式不兼容；删除并重新生成；正在链接对象，如同没有调试信息一样
UsageEnvironment.lib(HashTable.obj) : warning LNK4208: “”中的 PDB 格式不兼容；删除并重新生成；正在链接对象，如同没有调试信息一样
UsageEnvironment.lib(HashTable.obj) : warning LNK4208: “”中的 PDB 格式不兼容；删除并重新生成；正在链接对象，如同没有调试信息一样
UsageEnvironment.lib(UsageEnvironment.obj) : warning LNK4208: “”中的 PDB 格式不兼容；删除并重新生成；正在链接对象，如同没有调试信息一样
UsageEnvironment.lib(UsageEnvironment.obj) : warning LNK4208: “”中的 PDB 格式不兼容；删除并重新生成；正在链接对象，如同没有调试信息一样
UsageEnvironment.lib(UsageEnvironment.obj) : warning LNK4208: “”中的 PDB 格式不兼容；删除并重新生成；正在链接对象，如同没有调试信息一样
UsageEnvironment.lib(UsageEnvironment.obj) : warning LNK4208: “”中的 PDB 格式不兼容；删除并重新生成；正在链接对象，如同没有调试信息一样
UsageEnvironment.lib(UsageEnvironment.obj) : warning LNK4208: “”中的 PDB 格式不兼容；删除并重新生成；正在链接对象，如同没有调试信息一样
UsageEnvironment.lib(UsageEnvironment.obj) : warning LNK4208: “”中的 PDB 格式不兼容；删除并重新生成；正在链接对象，如同没有调试信息一样
UsageEnvironment.lib(UsageEnvironment.obj) : warning LNK4208: “”中的 PDB 格式不兼容；删除并重新生成；正在链接对象，如同没有调试信息一样
UsageEnvironment.lib(UsageEnvironment.obj) : warning LNK4208: “”中的 PDB 格式不兼容；删除并重新生成；正在链接对象，如同没有调试信息一样
UsageEnvironment.lib(UsageEnvironment.obj) : warning LNK4208: “”中的 PDB 格式不兼容；删除并重新生成；正在链接对象，如同没有调试信息一样
UsageEnvironment.lib(UsageEnvironment.obj) : warning LNK4208: “”中的 PDB 格式不兼容；删除并重新生成；正在链接对象，如同没有调试信息一样
UsageEnvironment.lib(HashTable.obj) : warning LNK4208: “”中的 PDB 格式不兼容；删除并重新生成；正在链接对象，如同没有调试信息一样
UsageEnvironment.lib(HashTable.obj) : warning LNK4208: “”中的 PDB 格式不兼容；删除并重新生成；正在链接对象，如同没有调试信息一样
UsageEnvironment.lib(HashTable.obj) : warning LNK4208: “”中的 PDB 格式不兼容；删除并重新生成；正在链接对象，如同没有调试信息一样
UsageEnvironment.lib(UsageEnvironment.obj) : warning LNK4208: “”中的 PDB 格式不兼容；删除并重新生成；正在链接对象，如同没有调试信息一样
UsageEnvironment.lib(UsageEnvironment.obj) : warning LNK4208: “”中的 PDB 格式不兼容；删除并重新生成；正在链接对象，如同没有调试信息一样
UsageEnvironment.lib(UsageEnvironment.obj) : warning LNK4208: “”中的 PDB 格式不兼容；删除并重新生成；正在链接对象，如同没有调试信息一样
UsageEnvironment.lib(UsageEnvironment.obj) : warning LNK4208: “”中的 PDB 格式不兼容；删除并重新生成；正在链接对象，如同没有调试信息一样
UsageEnvironment.lib(UsageEnvironment.obj) : warning LNK4208: “”中的 PDB 格式不兼容；删除并重新生成；正在链接对象，如同没有调试信息一样
UsageEnvironment.lib(UsageEnvironment.obj) : warning LNK4208: “”中的 PDB 格式不兼容；删除并重新生成；正在链接对象，如同没有调试信息一样
UsageEnvironment.lib(UsageEnvironment.obj) : warning LNK4208: “”中的 PDB 格式不兼容；删除并重新生成；正在链接对象，如同没有调试信息一样
UsageEnvironment.lib(UsageEnvironment.obj) : warning LNK4208: “”中的 PDB 格式不兼容；删除并重新生成；正在链接对象，如同没有调试信息一样
UsageEnvironment.lib(UsageEnvironment.obj) : warning LNK4208: “”中的 PDB 格式不兼容；删除并重新生成；正在链接对象，如同没有调试信息一样
UsageEnvironment.lib(UsageEnvironment.obj) : warning LNK4208: “”中的 PDB 格式不兼容；删除并重新生成；正在链接对象，如同没有调试信息一样
UsageEnvironment.lib(UsageEnvironment.obj) : warning LNK4208: “”中的 PDB 格式不兼容；删除并重新生成；正在链接对象，如同没有调试信息一样
UsageEnvironment.lib(UsageEnvironment.obj) : warning LNK4208: “”中的 PDB 格式不兼容；删除并重新生成；正在链接对象，如同没有调试信息一样
UsageEnvironment.lib(UsageEnvironment.obj) : warning LNK4208: “”中的 PDB 格式不兼容；删除并重新生成；正在链接对象，如同没有调试信息一样
UsageEnvironment.lib(UsageEnvironment.obj) : warning LNK4208: “”中的 PDB 格式不兼容；删除并重新生成；正在链接对象，如同没有调试信息一样
UsageEnvironment.lib(UsageEnvironment.obj) : warning LNK4208: “”中的 PDB 格式不兼容；删除并重新生成；正在链接对象，如同没有调试信息一样
UsageEnvironment.lib(UsageEnvironment.obj) : warning LNK4208: “”中的 PDB 格式不兼容；删除并重新生成；正在链接对象，如同没有调试信息一样
UsageEnvironment.lib(UsageEnvironment.obj) : warning LNK4208: “”中的 PDB 格式不兼容；删除并重新生成；正在链接对象，如同没有调试信息一样
UsageEnvironment.lib(UsageEnvironment.obj) : warning LNK4208: “”中的 PDB 格式不兼容；删除并重新生成；正在链接对象，如同没有调试信息一样
UsageEnvironment.lib(UsageEnvironment.obj) : warning LNK4208: “”中的 PDB 格式不兼容；删除并重新生成；正在链接对象，如同没有调试信息一样
UsageEnvironment.lib(UsageEnvironment.obj) : warning LNK4208: “”中的 PDB 格式不兼容；删除并重新生成；正在链接对象，如同没有调试信息一样
UsageEnvironment.lib(UsageEnvironment.obj) : warning LNK4208: “”中的 PDB 格式不兼容；删除并重新生成；正在链接对象，如同没有调试信息一样
UsageEnvironment.lib(UsageEnvironment.obj) : warning LNK4208: “”中的 PDB 格式不兼容；删除并重新生成；正在链接对象，如同没有调试信息一样
UsageEnvironment.lib(UsageEnvironment.obj) : warning LNK4208: “”中的 PDB 格式不兼容；删除并重新生成；正在链接对象，如同没有调试信息一样
UsageEnvironment.lib(UsageEnvironment.obj) : warning LNK4208: “”中的 PDB 格式不兼容；删除并重新生成；正在链接对象，如同没有调试信息一样
UsageEnvironment.lib(UsageEnvironment.obj) : warning LNK4208: “”中的 PDB 格式不兼容；删除并重新生成；正在链接对象，如同没有调试信息一样
UsageEnvironment.lib(UsageEnvironment.obj) : warning LNK4208: “”中的 PDB 格式不兼容；删除并重新生成；正在链接对象，如同没有调试信息一样
UsageEnvironment.lib(UsageEnvironment.obj) : warning LNK4208: “”中的 PDB 格式不兼容；删除并重新生成；正在链接对象，如同没有调试信息一样
UsageEnvironment.lib(UsageEnvironment.obj) : warning LNK4208: “”中的 PDB 格式不兼容；删除并重新生成；正在链接对象，如同没有调试信息一样
UsageEnvironment.lib(UsageEnvironment.obj) : warning LNK4208: “”中的 PDB 格式不兼容；删除并重新生成；正在链接对象，如同没有调试信息一样
UsageEnvironment.lib(UsageEnvironment.obj) : warning LNK4208: “”中的 PDB 格式不兼容；删除并重新生成；正在链接对象，如同没有调试信息一样
UsageEnvironment.lib(UsageEnvironment.obj) : warning LNK4208: “”中的 PDB 格式不兼容；删除并重新生成；正在链接对象，如同没有调试信息一样
UsageEnvironment.lib(UsageEnvironment.obj) : warning LNK4208: “”中的 PDB 格式不兼容；删除并重新生成；正在链接对象，如同没有调试信息一样
UsageEnvironment.lib(UsageEnvironment.obj) : warning LNK4208: “”中的 PDB 格式不兼容；删除并重新生成；正在链接对象，如同没有调试信息一样
UsageEnvironment.lib(UsageEnvironment.obj) : warning LNK4208: “”中的 PDB 格式不兼容；删除并重新生成；正在链接对象，如同没有调试信息一样
UsageEnvironment.lib(UsageEnvironment.obj) : warning LNK4208: “”中的 PDB 格式不兼容；删除并重新生成；正在链接对象，如同没有调试信息一样
UsageEnvironment.lib(UsageEnvironment.obj) : warning LNK4208: “”中的 PDB 格式不兼容；删除并重新生成；正在链接对象，如同没有调试信息一样
UsageEnvironment.lib(UsageEnvironment.obj) : warning LNK4208: “”中的 PDB 格式不兼容；删除并重新生成；正在链接对象，如同没有调试信息一样
UsageEnvironment.lib(UsageEnvironment.obj) : warning LNK4208: “”中的 PDB 格式不兼容；删除并重新生成；正在链接对象，如同没有调试信息一样
UsageEnvironment.lib(UsageEnvironment.obj) : warning LNK4208: “”中的 PDB 格式不兼容；删除并重新生成；正在链接对象，如同没有调试信息一样
UsageEnvironment.lib(UsageEnvironment.obj) : warning LNK4208: “”中的 PDB 格式不兼容；删除并重新生成；正在链接对象，如同没有调试信息一样
UsageEnvironment.lib(UsageEnvironment.obj) : warning LNK4208: “”中的 PDB 格式不兼容；删除并重新生成；正在链接对象，如同没有调试信息一样
UsageEnvironment.lib(UsageEnvironment.obj) : warning LNK4208: “”中的 PDB 格式不兼容；删除并重新生成；正在链接对象，如同没有调试信息一样
UsageEnvironment.lib(UsageEnvironment.obj) : warning LNK4208: “”中的 PDB 格式不兼容；删除并重新生成；正在链接对象，如同没有调试信息一样
UsageEnvironment.lib(UsageEnvironment.obj) : warning LNK4208: “”中的 PDB 格式不兼容；删除并重新生成；正在链接对象，如同没有调试信息一样
UsageEnvironment.lib(UsageEnvironment.obj) : warning LNK4208: “”中的 PDB 格式不兼容；删除并重新生成；正在链接对象，如同没有调试信息一样
UsageEnvironment.lib(UsageEnvironment.obj) : warning LNK4208: “”中的 PDB 格式不兼容；删除并重新生成；正在链接对象，如同没有调试信息一样
UsageEnvironment.lib(UsageEnvironment.obj) : warning LNK4208: “”中的 PDB 格式不兼容；删除并重新生成；正在链接对象，如同没有调试信息一样
UsageEnvironment.lib(UsageEnvironment.obj) : warning LNK4208: “”中的 PDB 格式不兼容；删除并重新生成；正在链接对象，如同没有调试信息一样
UsageEnvironment.lib(UsageEnvironment.obj) : warning LNK4208: “”中的 PDB 格式不兼容；删除并重新生成；正在链接对象，如同没有调试信息一样
UsageEnvironment.lib(UsageEnvironment.obj) : warning LNK4208: “”中的 PDB 格式不兼容；删除并重新生成；正在链接对象，如同没有调试信息一样
UsageEnvironment.lib(UsageEnvironment.obj) : warning LNK4208: “”中的 PDB 格式不兼容；删除并重新生成；正在链接对象，如同没有调试信息一样
UsageEnvironment.lib(UsageEnvironment.obj) : warning LNK4208: “”中的 PDB 格式不兼容；删除并重新生成；正在链接对象，如同没有调试信息一样
UsageEnvironment.lib(UsageEnvironment.obj) : warning LNK4208: “”中的 PDB 格式不兼容；删除并重新生成；正在链接对象，如同没有调试信息一样
UsageEnvironment.lib(UsageEnvironment.obj) : warning LNK4208: “”中的 PDB 格式不兼容；删除并重新生成；正在链接对象，如同没有调试信息一样
UsageEnvironment.lib(UsageEnvironment.obj) : warning LNK4208: “”中的 PDB 格式不兼容；删除并重新生成；正在链接对象，如同没有调试信息一样
UsageEnvironment.lib(UsageEnvironment.obj) : warning LNK4208: “”中的 PDB 格式不兼容；删除并重新生成；正在链接对象，如同没有调试信息一样
UsageEnvironment.lib(UsageEnvironment.obj) : warning LNK4208: “”中的 PDB 格式不兼容；删除并重新生成；正在链接对象，如同没有调试信息一样
UsageEnvironment.lib(UsageEnvironment.obj) : warning LNK4208: “”中的 PDB 格式不兼容；删除并重新生成；正在链接对象，如同没有调试信息一样
UsageEnvironment.lib(UsageEnvironment.obj) : warning LNK4208: “”中的 PDB 格式不兼容；删除并重新生成；正在链接对象，如同没有调试信息一样
UsageEnvironment.lib(UsageEnvironment.obj) : warning LNK4208: “”中的 PDB 格式不兼容；删除并重新生成；正在链接对象，如同没有调试信息一样
UsageEnvironment.lib(UsageEnvironment.obj) : warning LNK4208: “”中的 PDB 格式不兼容；删除并重新生成；正在链接对象，如同没有调试信息一样
UsageEnvironment.lib(UsageEnvironment.obj) : warning LNK4208: “”中的 PDB 格式不兼容；删除并重新生成；正在链接对象，如同没有调试信息一样
UsageEnvironment.lib(UsageEnvironment.obj) : warning LNK4208: “”中的 PDB 格式不兼容；删除并重新生成；正在链接对象，如同没有调试信息一样
UsageEnvironment.lib(UsageEnvironment.obj) : warning LNK4208: “”中的 PDB 格式不兼容；删除并重新生成；正在链接对象，如同没有调试信息一样
UsageEnvironment.lib(UsageEnvironment.obj) : warning LNK4208: “”中的 PDB 格式不兼容；删除并重新生成；正在链接对象，如同没有调试信息一样
UsageEnvironment.lib(UsageEnvironment.obj) : warning LNK4208: “”中的 PDB 格式不兼容；删除并重新生成；正在链接对象，如同没有调试信息一样
UsageEnvironment.lib(UsageEnvironment.obj) : warning LNK4208: “”中的 PDB 格式不兼容；删除并重新生成；正在链接对象，如同没有调试信息一样
UsageEnvironment.lib(UsageEnvironment.obj) : warning LNK4208: “”中的 PDB 格式不兼容；删除并重新生成；正在链接对象，如同没有调试信息一样
UsageEnvironment.lib(UsageEnvironment.obj) : warning LNK4208: “”中的 PDB 格式不兼容；删除并重新生成；正在链接对象，如同没有调试信息一样
UsageEnvironment.lib(UsageEnvironment.obj) : warning LNK4208: “”中的 PDB 格式不兼容；删除并重新生成；正在链接对象，如同没有调试信息一样
UsageEnvironment.lib(UsageEnvironment.obj) : warning LNK4208: “”中的 PDB 格式不兼容；删除并重新生成；正在链接对象，如同没有调试信息一样
UsageEnvironment.lib(UsageEnvironment.obj) : warning LNK4208: “”中的 PDB 格式不兼容；删除并重新生成；正在链接对象，如同没有调试信息一样
UsageEnvironment.lib(UsageEnvironment.obj) : warning LNK4208: “”中的 PDB 格式不兼容；删除并重新生成；正在链接对象，如同没有调试信息一样
UsageEnvironment.lib(UsageEnvironment.obj) : warning LNK4208: “”中的 PDB 格式不兼容；删除并重新生成；正在链接对象，如同没有调试信息一样
UsageEnvironment.lib(UsageEnvironment.obj) : warning LNK4208: “”中的 PDB 格式不兼容；删除并重新生成；正在链接对象，如同没有调试信息一样
UsageEnvironment.lib(UsageEnvironment.obj) : warning LNK4208: “”中的 PDB 格式不兼容；删除并重新生成；正在链接对象，如同没有调试信息一样
UsageEnvironment.lib(UsageEnvironment.obj) : warning LNK4208: “”中的 PDB 格式不兼容；删除并重新生成；正在链接对象，如同没有调试信息一样
UsageEnvironment.lib(UsageEnvironment.obj) : warning LNK4208: “”中的 PDB 格式不兼容；删除并重新生成；正在链接对象，如同没有调试信息一样
UsageEnvironment.lib(UsageEnvironment.obj) : warning LNK4208: “”中的 PDB 格式不兼容；删除并重新生成；正在链接对象，如同没有调试信息一样
UsageEnvironment.lib(UsageEnvironment.obj) : warning LNK4208: “”中的 PDB 格式不兼容；删除并重新生成；正在链接对象，如同没有调试信息一样
UsageEnvironment.lib(UsageEnvironment.obj) : warning LNK4208: “”中的 PDB 格式不兼容；删除并重新生成；正在链接对象，如同没有调试信息一样
UsageEnvironment.lib(UsageEnvironment.obj) : warning LNK4208: “”中的 PDB 格式不兼容；删除并重新生成；正在链接对象，如同没有调试信息一样
UsageEnvironment.lib(UsageEnvironment.obj) : warning LNK4208: “”中的 PDB 格式不兼容；删除并重新生成；正在链接对象，如同没有调试信息一样
UsageEnvironment.lib(UsageEnvironment.obj) : warning LNK4208: “”中的 PDB 格式不兼容；删除并重新生成；正在链接对象，如同没有调试信息一样
UsageEnvironment.lib(UsageEnvironment.obj) : warning LNK4208: “”中的 PDB 格式不兼容；删除并重新生成；正在链接对象，如同没有调试信息一样
UsageEnvironment.lib(UsageEnvironment.obj) : warning LNK4208: “”中的 PDB 格式不兼容；删除并重新生成；正在链接对象，如同没有调试信息一样
UsageEnvironment.lib(UsageEnvironment.obj) : warning LNK4208: “”中的 PDB 格式不兼容；删除并重新生成；正在链接对象，如同没有调试信息一样
UsageEnvironment.lib(UsageEnvironment.obj) : warning LNK4208: “”中的 PDB 格式不兼容；删除并重新生成；正在链接对象，如同没有调试信息一样
UsageEnvironment.lib(UsageEnvironment.obj) : warning LNK4208: “”中的 PDB 格式不兼容；删除并重新生成；正在链接对象，如同没有调试信息一样
UsageEnvironment.lib(UsageEnvironment.obj) : warning LNK4208: “”中的 PDB 格式不兼容；删除并重新生成；正在链接对象，如同没有调试信息一样
UsageEnvironment.lib(UsageEnvironment.obj) : warning LNK4208: “”中的 PDB 格式不兼容；删除并重新生成；正在链接对象，如同没有调试信息一样
UsageEnvironment.lib(UsageEnvironment.obj) : warning LNK4208: “”中的 PDB 格式不兼容；删除并重新生成；正在链接对象，如同没有调试信息一样
UsageEnvironment.lib(UsageEnvironment.obj) : warning LNK4208: “”中的 PDB 格式不兼容；删除并重新生成；正在链接对象，如同没有调试信息一样
UsageEnvironment.lib(UsageEnvironment.obj) : warning LNK4208: “”中的 PDB 格式不兼容；删除并重新生成；正在链接对象，如同没有调试信息一样
UsageEnvironment.lib(UsageEnvironment.obj) : warning LNK4208: “”中的 PDB 格式不兼容；删除并重新生成；正在链接对象，如同没有调试信息一样
UsageEnvironment.lib(UsageEnvironment.obj) : warning LNK4208: “”中的 PDB 格式不兼容；删除并重新生成；正在链接对象，如同没有调试信息一样
UsageEnvironment.lib(UsageEnvironment.obj) : warning LNK4208: “”中的 PDB 格式不兼容；删除并重新生成；正在链接对象，如同没有调试信息一样
UsageEnvironment.lib(UsageEnvironment.obj) : warning LNK4208: “”中的 PDB 格式不兼容；删除并重新生成；正在链接对象，如同没有调试信息一样
UsageEnvironment.lib(UsageEnvironment.obj) : warning LNK4208: “”中的 PDB 格式不兼容；删除并重新生成；正在链接对象，如同没有调试信息一样
UsageEnvironment.lib(UsageEnvironment.obj) : warning LNK4208: “”中的 PDB 格式不兼容；删除并重新生成；正在链接对象，如同没有调试信息一样
UsageEnvironment.lib(UsageEnvironment.obj) : warning LNK4208: “”中的 PDB 格式不兼容；删除并重新生成；正在链接对象，如同没有调试信息一样
UsageEnvironment.lib(UsageEnvironment.obj) : warning LNK4208: “”中的 PDB 格式不兼容；删除并重新生成；正在链接对象，如同没有调试信息一样
UsageEnvironment.lib(UsageEnvironment.obj) : warning LNK4208: “”中的 PDB 格式不兼容；删除并重新生成；正在链接对象，如同没有调试信息一样
UsageEnvironment.lib(UsageEnvironment.obj) : warning LNK4208: “”中的 PDB 格式不兼容；删除并重新生成；正在链接对象，如同没有调试信息一样
UsageEnvironment.lib(UsageEnvironment.obj) : warning LNK4208: “”中的 PDB 格式不兼容；删除并重新生成；正在链接对象，如同没有调试信息一样
UsageEnvironment.lib(UsageEnvironment.obj) : warning LNK4208: “”中的 PDB 格式不兼容；删除并重新生成；正在链接对象，如同没有调试信息一样
UsageEnvironment.lib(UsageEnvironment.obj) : warning LNK4208: “”中的 PDB 格式不兼容；删除并重新生成；正在链接对象，如同没有调试信息一样
UsageEnvironment.lib(UsageEnvironment.obj) : warning LNK4208: “”中的 PDB 格式不兼容；删除并重新生成；正在链接对象，如同没有调试信息一样
UsageEnvironment.lib(UsageEnvironment.obj) : warning LNK4208: “”中的 PDB 格式不兼容；删除并重新生成；正在链接对象，如同没有调试信息一样
UsageEnvironment.lib(UsageEnvironment.obj) : warning LNK4208: “”中的 PDB 格式不兼容；删除并重新生成；正在链接对象，如同没有调试信息一样
UsageEnvironment.lib(UsageEnvironment.obj) : warning LNK4208: “”中的 PDB 格式不兼容；删除并重新生成；正在链接对象，如同没有调试信息一样
UsageEnvironment.lib(UsageEnvironment.obj) : warning LNK4208: “”中的 PDB 格式不兼容；删除并重新生成；正在链接对象，如同没有调试信息一样
UsageEnvironment.lib(UsageEnvironment.obj) : warning LNK4208: “”中的 PDB 格式不兼容；删除并重新生成；正在链接对象，如同没有调试信息一样
UsageEnvironment.lib(UsageEnvironment.obj) : warning LNK4208: “”中的 PDB 格式不兼容；删除并重新生成；正在链接对象，如同没有调试信息一样
UsageEnvironment.lib(UsageEnvironment.obj) : warning LNK4208: “”中的 PDB 格式不兼容；删除并重新生成；正在链接对象，如同没有调试信息一样
UsageEnvironment.lib(UsageEnvironment.obj) : warning LNK4208: “”中的 PDB 格式不兼容；删除并重新生成；正在链接对象，如同没有调试信息一样
UsageEnvironment.lib(UsageEnvironment.obj) : warning LNK4208: “”中的 PDB 格式不兼容；删除并重新生成；正在链接对象，如同没有调试信息一样
UsageEnvironment.lib(UsageEnvironment.obj) : warning LNK4208: “”中的 PDB 格式不兼容；删除并重新生成；正在链接对象，如同没有调试信息一样
UsageEnvironment.lib(UsageEnvironment.obj) : warning LNK4208: “”中的 PDB 格式不兼容；删除并重新生成；正在链接对象，如同没有调试信息一样
UsageEnvironment.lib(UsageEnvironment.obj) : warning LNK4208: “”中的 PDB 格式不兼容；删除并重新生成；正在链接对象，如同没有调试信息一样
UsageEnvironment.lib(UsageEnvironment.obj) : warning LNK4208: “”中的 PDB 格式不兼容；删除并重新生成；正在链接对象，如同没有调试信息一样
UsageEnvironment.lib(UsageEnvironment.obj) : warning LNK4208: “”中的 PDB 格式不兼容；删除并重新生成；正在链接对象，如同没有调试信息一样
UsageEnvironment.lib(UsageEnvironment.obj) : warning LNK4208: “”中的 PDB 格式不兼容；删除并重新生成；正在链接对象，如同没有调试信息一样
UsageEnvironment.lib(UsageEnvironment.obj) : warning LNK4208: “”中的 PDB 格式不兼容；删除并重新生成；正在链接对象，如同没有调试信息一样
UsageEnvironment.lib(UsageEnvironment.obj) : warning LNK4208: “”中的 PDB 格式不兼容；删除并重新生成；正在链接对象，如同没有调试信息一样
UsageEnvironment.lib(UsageEnvironment.obj) : warning LNK4208: “”中的 PDB 格式不兼容；删除并重新生成；正在链接对象，如同没有调试信息一样
UsageEnvironment.lib(UsageEnvironment.obj) : warning LNK4208: “”中的 PDB 格式不兼容；删除并重新生成；正在链接对象，如同没有调试信息一样
UsageEnvironment.lib(UsageEnvironment.obj) : warning LNK4208: “”中的 PDB 格式不兼容；删除并重新生成；正在链接对象，如同没有调试信息一样
UsageEnvironment.lib(UsageEnvironment.obj) : warning LNK4208: “”中的 PDB 格式不兼容；删除并重新生成；正在链接对象，如同没有调试信息一样
UsageEnvironment.lib(UsageEnvironment.obj) : warning LNK4208: “”中的 PDB 格式不兼容；删除并重新生成；正在链接对象，如同没有调试信息一样
UsageEnvironment.lib(UsageEnvironment.obj) : warning LNK4208: “”中的 PDB 格式不兼容；删除并重新生成；正在链接对象，如同没有调试信息一样
UsageEnvironment.lib(UsageEnvironment.obj) : warning LNK4208: “”中的 PDB 格式不兼容；删除并重新生成；正在链接对象，如同没有调试信息一样
UsageEnvironment.lib(UsageEnvironment.obj) : warning LNK4208: “”中的 PDB 格式不兼容；删除并重新生成；正在链接对象，如同没有调试信息一样
UsageEnvironment.lib(UsageEnvironment.obj) : warning LNK4208: “”中的 PDB 格式不兼容；删除并重新生成；正在链接对象，如同没有调试信息一样
UsageEnvironment.lib(UsageEnvironment.obj) : warning LNK4208: “”中的 PDB 格式不兼容；删除并重新生成；正在链接对象，如同没有调试信息一样
UsageEnvironment.lib(UsageEnvironment.obj) : warning LNK4208: “”中的 PDB 格式不兼容；删除并重新生成；正在链接对象，如同没有调试信息一样
UsageEnvironment.lib(UsageEnvironment.obj) : warning LNK4208: “”中的 PDB 格式不兼容；删除并重新生成；正在链接对象，如同没有调试信息一样
UsageEnvironment.lib(UsageEnvironment.obj) : warning LNK4208: “”中的 PDB 格式不兼容；删除并重新生成；正在链接对象，如同没有调试信息一样
UsageEnvironment.lib(UsageEnvironment.obj) : warning LNK4208: “”中的 PDB 格式不兼容；删除并重新生成；正在链接对象，如同没有调试信息一样
UsageEnvironment.lib(UsageEnvironment.obj) : warning LNK4208: “”中的 PDB 格式不兼容；删除并重新生成；正在链接对象，如同没有调试信息一样
UsageEnvironment.lib(UsageEnvironment.obj) : warning LNK4208: “”中的 PDB 格式不兼容；删除并重新生成；正在链接对象，如同没有调试信息一样
UsageEnvironment.lib(UsageEnvironment.obj) : warning LNK4208: “”中的 PDB 格式不兼容；删除并重新生成；正在链接对象，如同没有调试信息一样
UsageEnvironment.lib(UsageEnvironment.obj) : warning LNK4208: “”中的 PDB 格式不兼容；删除并重新生成；正在链接对象，如同没有调试信息一样
UsageEnvironment.lib(UsageEnvironment.obj) : warning LNK4208: “”中的 PDB 格式不兼容；删除并重新生成；正在链接对象，如同没有调试信息一样
UsageEnvironment.lib(UsageEnvironment.obj) : warning LNK4208: “”中的 PDB 格式不兼容；删除并重新生成；正在链接对象，如同没有调试信息一样
UsageEnvironment.lib(UsageEnvironment.obj) : warning LNK4208: “”中的 PDB 格式不兼容；删除并重新生成；正在链接对象，如同没有调试信息一样
UsageEnvironment.lib(UsageEnvironment.obj) : warning LNK4208: “”中的 PDB 格式不兼容；删除并重新生成；正在链接对象，如同没有调试信息一样
UsageEnvironment.lib(UsageEnvironment.obj) : warning LNK4208: “”中的 PDB 格式不兼容；删除并重新生成；正在链接对象，如同没有调试信息一样
UsageEnvironment.lib(UsageEnvironment.obj) : warning LNK4208: “”中的 PDB 格式不兼容；删除并重新生成；正在链接对象，如同没有调试信息一样
UsageEnvironment.lib(UsageEnvironment.obj) : warning LNK4208: “”中的 PDB 格式不兼容；删除并重新生成；正在链接对象，如同没有调试信息一样
UsageEnvironment.lib(UsageEnvironment.obj) : warning LNK4208: “”中的 PDB 格式不兼容；删除并重新生成；正在链接对象，如同没有调试信息一样
UsageEnvironment.lib(UsageEnvironment.obj) : warning LNK4208: “”中的 PDB 格式不兼容；删除并重新生成；正在链接对象，如同没有调试信息一样
UsageEnvironment.lib(UsageEnvironment.obj) : warning LNK4208: “”中的 PDB 格式不兼容；删除并重新生成；正在链接对象，如同没有调试信息一样
UsageEnvironment.lib(UsageEnvironment.obj) : warning LNK4208: “”中的 PDB 格式不兼容；删除并重新生成；正在链接对象，如同没有调试信息一样
UsageEnvironment.lib(UsageEnvironment.obj) : warning LNK4208: “”中的 PDB 格式不兼容；删除并重新生成；正在链接对象，如同没有调试信息一样
UsageEnvironment.lib(UsageEnvironment.obj) : warning LNK4208: “”中的 PDB 格式不兼容；删除并重新生成；正在链接对象，如同没有调试信息一样
UsageEnvironment.lib(UsageEnvironment.obj) : warning LNK4208: “”中的 PDB 格式不兼容；删除并重新生成；正在链接对象，如同没有调试信息一样
UsageEnvironment.lib(UsageEnvironment.obj) : warning LNK4208: “”中的 PDB 格式不兼容；删除并重新生成；正在链接对象，如同没有调试信息一样
UsageEnvironment.lib(UsageEnvironment.obj) : warning LNK4208: “”中的 PDB 格式不兼容；删除并重新生成；正在链接对象，如同没有调试信息一样
UsageEnvironment.lib(UsageEnvironment.obj) : warning LNK4208: “”中的 PDB 格式不兼容；删除并重新生成；正在链接对象，如同没有调试信息一样
UsageEnvironment.lib(UsageEnvironment.obj) : warning LNK4208: “”中的 PDB 格式不兼容；删除并重新生成；正在链接对象，如同没有调试信息一样
UsageEnvironment.lib(UsageEnvironment.obj) : warning LNK4208: “”中的 PDB 格式不兼容；删除并重新生成；正在链接对象，如同没有调试信息一样
UsageEnvironment.lib(UsageEnvironment.obj) : warning LNK4208: “”中的 PDB 格式不兼容；删除并重新生成；正在链接对象，如同没有调试信息一样
UsageEnvironment.lib(UsageEnvironment.obj) : warning LNK4208: “”中的 PDB 格式不兼容；删除并重新生成；正在链接对象，如同没有调试信息一样
UsageEnvironment.lib(UsageEnvironment.obj) : warning LNK4208: “”中的 PDB 格式不兼容；删除并重新生成；正在链接对象，如同没有调试信息一样
UsageEnvironment.lib(UsageEnvironment.obj) : warning LNK4208: “”中的 PDB 格式不兼容；删除并重新生成；正在链接对象，如同没有调试信息一样
UsageEnvironment.lib(UsageEnvironment.obj) : warning LNK4208: “”中的 PDB 格式不兼容；删除并重新生成；正在链接对象，如同没有调试信息一样
UsageEnvironment.lib(UsageEnvironment.obj) : warning LNK4208: “”中的 PDB 格式不兼容；删除并重新生成；正在链接对象，如同没有调试信息一样
UsageEnvironment.lib(UsageEnvironment.obj) : warning LNK4208: “”中的 PDB 格式不兼容；删除并重新生成；正在链接对象，如同没有调试信息一样
UsageEnvironment.lib(UsageEnvironment.obj) : warning LNK4208: “”中的 PDB 格式不兼容；删除并重新生成；正在链接对象，如同没有调试信息一样
UsageEnvironment.lib(UsageEnvironment.obj) : warning LNK4208: “”中的 PDB 格式不兼容；删除并重新生成；正在链接对象，如同没有调试信息一样
UsageEnvironment.lib(UsageEnvironment.obj) : warning LNK4208: “”中的 PDB 格式不兼容；删除并重新生成；正在链接对象，如同没有调试信息一样
UsageEnvironment.lib(UsageEnvironment.obj) : warning LNK4208: “”中的 PDB 格式不兼容；删除并重新生成；正在链接对象，如同没有调试信息一样
UsageEnvironment.lib(UsageEnvironment.obj) : warning LNK4208: “”中的 PDB 格式不兼容；删除并重新生成；正在链接对象，如同没有调试信息一样
UsageEnvironment.lib(UsageEnvironment.obj) : warning LNK4208: “”中的 PDB 格式不兼容；删除并重新生成；正在链接对象，如同没有调试信息一样
UsageEnvironment.lib(UsageEnvironment.obj) : warning LNK4208: “”中的 PDB 格式不兼容；删除并重新生成；正在链接对象，如同没有调试信息一样
UsageEnvironment.lib(UsageEnvironment.obj) : warning LNK4208: “”中的 PDB 格式不兼容；删除并重新生成；正在链接对象，如同没有调试信息一样
UsageEnvironment.lib(UsageEnvironment.obj) : warning LNK4208: “”中的 PDB 格式不兼容；删除并重新生成；正在链接对象，如同没有调试信息一样
UsageEnvironment.lib(UsageEnvironment.obj) : warning LNK4208: “”中的 PDB 格式不兼容；删除并重新生成；正在链接对象，如同没有调试信息一样
UsageEnvironment.lib(UsageEnvironment.obj) : warning LNK4208: “”中的 PDB 格式不兼容；删除并重新生成；正在链接对象，如同没有调试信息一样
UsageEnvironment.lib(UsageEnvironment.obj) : warning LNK4208: “”中的 PDB 格式不兼容；删除并重新生成；正在链接对象，如同没有调试信息一样
UsageEnvironment.lib(UsageEnvironment.obj) : warning LNK4208: “”中的 PDB 格式不兼容；删除并重新生成；正在链接对象，如同没有调试信息一样
UsageEnvironment.lib(UsageEnvironment.obj) : warning LNK4208: “”中的 PDB 格式不兼容；删除并重新生成；正在链接对象，如同没有调试信息一样
UsageEnvironment.lib(UsageEnvironment.obj) : warning LNK4208: “”中的 PDB 格式不兼容；删除并重新生成；正在链接对象，如同没有调试信息一样
UsageEnvironment.lib(UsageEnvironment.obj) : warning LNK4208: “”中的 PDB 格式不兼容；删除并重新生成；正在链接对象，如同没有调试信息一样
UsageEnvironment.lib(UsageEnvironment.obj) : warning LNK4208: “”中的 PDB 格式不兼容；删除并重新生成；正在链接对象，如同没有调试信息一样
UsageEnvironment.lib(UsageEnvironment.obj) : warning LNK4208: “”中的 PDB 格式不兼容；删除并重新生成；正在链接对象，如同没有调试信息一样
UsageEnvironment.lib(UsageEnvironment.obj) : warning LNK4208: “”中的 PDB 格式不兼容；删除并重新生成；正在链接对象，如同没有调试信息一样
UsageEnvironment.lib(UsageEnvironment.obj) : warning LNK4208: “”中的 PDB 格式不兼容；删除并重新生成；正在链接对象，如同没有调试信息一样
UsageEnvironment.lib(UsageEnvironment.obj) : warning LNK4208: “”中的 PDB 格式不兼容；删除并重新生成；正在链接对象，如同没有调试信息一样
UsageEnvironment.lib(UsageEnvironment.obj) : warning LNK4208: “”中的 PDB 格式不兼容；删除并重新生成；正在链接对象，如同没有调试信息一样
UsageEnvironment.lib(UsageEnvironment.obj) : warning LNK4208: “”中的 PDB 格式不兼容；删除并重新生成；正在链接对象，如同没有调试信息一样
UsageEnvironment.lib(UsageEnvironment.obj) : warning LNK4208: “”中的 PDB 格式不兼容；删除并重新生成；正在链接对象，如同没有调试信息一样
UsageEnvironment.lib(UsageEnvironment.obj) : warning LNK4208: “”中的 PDB 格式不兼容；删除并重新生成；正在链接对象，如同没有调试信息一样
UsageEnvironment.lib(UsageEnvironment.obj) : warning LNK4208: “”中的 PDB 格式不兼容；删除并重新生成；正在链接对象，如同没有调试信息一样
UsageEnvironment.lib(UsageEnvironment.obj) : warning LNK4208: “”中的 PDB 格式不兼容；删除并重新生成；正在链接对象，如同没有调试信息一样
UsageEnvironment.lib(UsageEnvironment.obj) : warning LNK4208: “”中的 PDB 格式不兼容；删除并重新生成；正在链接对象，如同没有调试信息一样
UsageEnvironment.lib(UsageEnvironment.obj) : warning LNK4208: “”中的 PDB 格式不兼容；删除并重新生成；正在链接对象，如同没有调试信息一样
UsageEnvironment.lib(UsageEnvironment.obj) : warning LNK4208: “”中的 PDB 格式不兼容；删除并重新生成；正在链接对象，如同没有调试信息一样
UsageEnvironment.lib(UsageEnvironment.obj) : warning LNK4208: “”中的 PDB 格式不兼容；删除并重新生成；正在链接对象，如同没有调试信息一样
UsageEnvironment.lib(UsageEnvironment.obj) : warning LNK4208: “”中的 PDB 格式不兼容；删除并重新生成；正在链接对象，如同没有调试信息一样
UsageEnvironment.lib(UsageEnvironment.obj) : warning LNK4208: “”中的 PDB 格式不兼容；删除并重新生成；正在链接对象，如同没有调试信息一样
UsageEnvironment.lib(UsageEnvironment.obj) : warning LNK4208: “”中的 PDB 格式不兼容；删除并重新生成；正在链接对象，如同没有调试信息一样
UsageEnvironment.lib(UsageEnvironment.obj) : warning LNK4208: “”中的 PDB 格式不兼容；删除并重新生成；正在链接对象，如同没有调试信息一样
UsageEnvironment.lib(UsageEnvironment.obj) : warning LNK4208: “”中的 PDB 格式不兼容；删除并重新生成；正在链接对象，如同没有调试信息一样
UsageEnvironment.lib(UsageEnvironment.obj) : warning LNK4208: “”中的 PDB 格式不兼容；删除并重新生成；正在链接对象，如同没有调试信息一样
UsageEnvironment.lib(UsageEnvironment.obj) : warning LNK4208: “”中的 PDB 格式不兼容；删除并重新生成；正在链接对象，如同没有调试信息一样
UsageEnvironment.lib(UsageEnvironment.obj) : warning LNK4208: “”中的 PDB 格式不兼容；删除并重新生成；正在链接对象，如同没有调试信息一样
UsageEnvironment.lib(UsageEnvironment.obj) : warning LNK4208: “”中的 PDB 格式不兼容；删除并重新生成；正在链接对象，如同没有调试信息一样
UsageEnvironment.lib(UsageEnvironment.obj) : warning LNK4208: “”中的 PDB 格式不兼容；删除并重新生成；正在链接对象，如同没有调试信息一样
UsageEnvironment.lib(UsageEnvironment.obj) : warning LNK4208: “”中的 PDB 格式不兼容；删除并重新生成；正在链接对象，如同没有调试信息一样
UsageEnvironment.lib(UsageEnvironment.obj) : warning LNK4208: “”中的 PDB 格式不兼容；删除并重新生成；正在链接对象，如同没有调试信息一样
UsageEnvironment.lib(UsageEnvironment.obj) : warning LNK4208: “”中的 PDB 格式不兼容；删除并重新生成；正在链接对象，如同没有调试信息一样
UsageEnvironment.lib(UsageEnvironment.obj) : warning LNK4208: “”中的 PDB 格式不兼容；删除并重新生成；正在链接对象，如同没有调试信息一样
UsageEnvironment.lib(UsageEnvironment.obj) : warning LNK4208: “”中的 PDB 格式不兼容；删除并重新生成；正在链接对象，如同没有调试信息一样
UsageEnvironment.lib(UsageEnvironment.obj) : warning LNK4208: “”中的 PDB 格式不兼容；删除并重新生成；正在链接对象，如同没有调试信息一样
UsageEnvironment.lib(UsageEnvironment.obj) : warning LNK4208: “”中的 PDB 格式不兼容；删除并重新生成；正在链接对象，如同没有调试信息一样
UsageEnvironment.lib(UsageEnvironment.obj) : warning LNK4208: “”中的 PDB 格式不兼容；删除并重新生成；正在链接对象，如同没有调试信息一样
UsageEnvironment.lib(UsageEnvironment.obj) : warning LNK4208: “”中的 PDB 格式不兼容；删除并重新生成；正在链接对象，如同没有调试信息一样
UsageEnvironment.lib(UsageEnvironment.obj) : warning LNK4208: “”中的 PDB 格式不兼容；删除并重新生成；正在链接对象，如同没有调试信息一样
UsageEnvironment.lib(UsageEnvironment.obj) : warning LNK4208: “”中的 PDB 格式不兼容；删除并重新生成；正在链接对象，如同没有调试信息一样
UsageEnvironment.lib(UsageEnvironment.obj) : warning LNK4208: “”中的 PDB 格式不兼容；删除并重新生成；正在链接对象，如同没有调试信息一样
UsageEnvironment.lib(UsageEnvironment.obj) : warning LNK4208: “”中的 PDB 格式不兼容；删除并重新生成；正在链接对象，如同没有调试信息一样
UsageEnvironment.lib(UsageEnvironment.obj) : warning LNK4208: “”中的 PDB 格式不兼容；删除并重新生成；正在链接对象，如同没有调试信息一样
UsageEnvironment.lib(UsageEnvironment.obj) : warning LNK4208: “”中的 PDB 格式不兼容；删除并重新生成；正在链接对象，如同没有调试信息一样
UsageEnvironment.lib(UsageEnvironment.obj) : warning LNK4208: “”中的 PDB 格式不兼容；删除并重新生成；正在链接对象，如同没有调试信息一样
UsageEnvironment.lib(UsageEnvironment.obj) : warning LNK4208: “”中的 PDB 格式不兼容；删除并重新生成；正在链接对象，如同没有调试信息一样
UsageEnvironment.lib(UsageEnvironment.obj) : warning LNK4208: “”中的 PDB 格式不兼容；删除并重新生成；正在链接对象，如同没有调试信息一样
UsageEnvironment.lib(UsageEnvironment.obj) : warning LNK4208: “”中的 PDB 格式不兼容；删除并重新生成；正在链接对象，如同没有调试信息一样
UsageEnvironment.lib(UsageEnvironment.obj) : warning LNK4208: “”中的 PDB 格式不兼容；删除并重新生成；正在链接对象，如同没有调试信息一样
UsageEnvironment.lib(UsageEnvironment.obj) : warning LNK4208: “”中的 PDB 格式不兼容；删除并重新生成；正在链接对象，如同没有调试信息一样
UsageEnvironment.lib(UsageEnvironment.obj) : warning LNK4208: “”中的 PDB 格式不兼容；删除并重新生成；正在链接对象，如同没有调试信息一样
UsageEnvironment.lib(UsageEnvironment.obj) : warning LNK4208: “”中的 PDB 格式不兼容；删除并重新生成；正在链接对象，如同没有调试信息一样
UsageEnvironment.lib(UsageEnvironment.obj) : warning LNK4208: “”中的 PDB 格式不兼容；删除并重新生成；正在链接对象，如同没有调试信息一样
UsageEnvironment.lib(UsageEnvironment.obj) : warning LNK4208: “”中的 PDB 格式不兼容；删除并重新生成；正在链接对象，如同没有调试信息一样
UsageEnvironment.lib(UsageEnvironment.obj) : warning LNK4208: “”中的 PDB 格式不兼容；删除并重新生成；正在链接对象，如同没有调试信息一样
UsageEnvironment.lib(UsageEnvironment.obj) : warning LNK4208: “”中的 PDB 格式不兼容；删除并重新生成；正在链接对象，如同没有调试信息一样
UsageEnvironment.lib(UsageEnvironment.obj) : warning LNK4208: “”中的 PDB 格式不兼容；删除并重新生成；正在链接对象，如同没有调试信息一样
UsageEnvironment.lib(UsageEnvironment.obj) : warning LNK4208: “”中的 PDB 格式不兼容；删除并重新生成；正在链接对象，如同没有调试信息一样
UsageEnvironment.lib(UsageEnvironment.obj) : warning LNK4208: “”中的 PDB 格式不兼容；删除并重新生成；正在链接对象，如同没有调试信息一样
UsageEnvironment.lib(UsageEnvironment.obj) : warning LNK4208: “”中的 PDB 格式不兼容；删除并重新生成；正在链接对象，如同没有调试信息一样
UsageEnvironment.lib(UsageEnvironment.obj) : warning LNK4208: “”中的 PDB 格式不兼容；删除并重新生成；正在链接对象，如同没有调试信息一样
UsageEnvironment.lib(UsageEnvironment.obj) : warning LNK4208: “”中的 PDB 格式不兼容；删除并重新生成；正在链接对象，如同没有调试信息一样
UsageEnvironment.lib(UsageEnvironment.obj) : warning LNK4208: “”中的 PDB 格式不兼容；删除并重新生成；正在链接对象，如同没有调试信息一样
UsageEnvironment.lib(UsageEnvironment.obj) : warning LNK4208: “”中的 PDB 格式不兼容；删除并重新生成；正在链接对象，如同没有调试信息一样
UsageEnvironment.lib(UsageEnvironment.obj) : warning LNK4208: “”中的 PDB 格式不兼容；删除并重新生成；正在链接对象，如同没有调试信息一样
UsageEnvironment.lib(UsageEnvironment.obj) : warning LNK4208: “”中的 PDB 格式不兼容；删除并重新生成；正在链接对象，如同没有调试信息一样
UsageEnvironment.lib(UsageEnvironment.obj) : warning LNK4208: “”中的 PDB 格式不兼容；删除并重新生成；正在链接对象，如同没有调试信息一样
UsageEnvironment.lib(UsageEnvironment.obj) : warning LNK4208: “”中的 PDB 格式不兼容；删除并重新生成；正在链接对象，如同没有调试信息一样
UsageEnvironment.lib(UsageEnvironment.obj) : warning LNK4208: “”中的 PDB 格式不兼容；删除并重新生成；正在链接对象，如同没有调试信息一样
UsageEnvironment.lib(UsageEnvironment.obj) : warning LNK4208: “”中的 PDB 格式不兼容；删除并重新生成；正在链接对象，如同没有调试信息一样
UsageEnvironment.lib(UsageEnvironment.obj) : warning LNK4208: “”中的 PDB 格式不兼容；删除并重新生成；正在链接对象，如同没有调试信息一样
UsageEnvironment.lib(UsageEnvironment.obj) : warning LNK4208: “”中的 PDB 格式不兼容；删除并重新生成；正在链接对象，如同没有调试信息一样
UsageEnvironment.lib(UsageEnvironment.obj) : warning LNK4208: “”中的 PDB 格式不兼容；删除并重新生成；正在链接对象，如同没有调试信息一样
UsageEnvironment.lib(UsageEnvironment.obj) : warning LNK4208: “”中的 PDB 格式不兼容；删除并重新生成；正在链接对象，如同没有调试信息一样
UsageEnvironment.lib(UsageEnvironment.obj) : warning LNK4208: “”中的 PDB 格式不兼容；删除并重新生成；正在链接对象，如同没有调试信息一样
UsageEnvironment.lib(UsageEnvironment.obj) : warning LNK4208: “”中的 PDB 格式不兼容；删除并重新生成；正在链接对象，如同没有调试信息一样
UsageEnvironment.lib(UsageEnvironment.obj) : warning LNK4208: “”中的 PDB 格式不兼容；删除并重新生成；正在链接对象，如同没有调试信息一样
UsageEnvironment.lib(UsageEnvironment.obj) : warning LNK4208: “”中的 PDB 格式不兼容；删除并重新生成；正在链接对象，如同没有调试信息一样
UsageEnvironment.lib(UsageEnvironment.obj) : warning LNK4208: “”中的 PDB 格式不兼容；删除并重新生成；正在链接对象，如同没有调试信息一样
UsageEnvironment.lib(UsageEnvironment.obj) : warning LNK4208: “”中的 PDB 格式不兼容；删除并重新生成；正在链接对象，如同没有调试信息一样
UsageEnvironment.lib(UsageEnvironment.obj) : warning LNK4208: “”中的 PDB 格式不兼容；删除并重新生成；正在链接对象，如同没有调试信息一样
UsageEnvironment.lib(UsageEnvironment.obj) : warning LNK4208: “”中的 PDB 格式不兼容；删除并重新生成；正在链接对象，如同没有调试信息一样
UsageEnvironment.lib(UsageEnvironment.obj) : warning LNK4208: “”中的 PDB 格式不兼容；删除并重新生成；正在链接对象，如同没有调试信息一样
UsageEnvironment.lib(UsageEnvironment.obj) : warning LNK4208: “”中的 PDB 格式不兼容；删除并重新生成；正在链接对象，如同没有调试信息一样
UsageEnvironment.lib(UsageEnvironment.obj) : warning LNK4208: “”中的 PDB 格式不兼容；删除并重新生成；正在链接对象，如同没有调试信息一样
UsageEnvironment.lib(UsageEnvironment.obj) : warning LNK4208: “”中的 PDB 格式不兼容；删除并重新生成；正在链接对象，如同没有调试信息一样
UsageEnvironment.lib(UsageEnvironment.obj) : warning LNK4208: “”中的 PDB 格式不兼容；删除并重新生成；正在链接对象，如同没有调试信息一样
UsageEnvironment.lib(UsageEnvironment.obj) : warning LNK4208: “”中的 PDB 格式不兼容；删除并重新生成；正在链接对象，如同没有调试信息一样
UsageEnvironment.lib(UsageEnvironment.obj) : warning LNK4208: “”中的 PDB 格式不兼容；删除并重新生成；正在链接对象，如同没有调试信息一样
UsageEnvironment.lib(UsageEnvironment.obj) : warning LNK4208: “”中的 PDB 格式不兼容；删除并重新生成；正在链接对象，如同没有调试信息一样
UsageEnvironment.lib(UsageEnvironment.obj) : warning LNK4208: “”中的 PDB 格式不兼容；删除并重新生成；正在链接对象，如同没有调试信息一样
UsageEnvironment.lib(UsageEnvironment.obj) : warning LNK4208: “”中的 PDB 格式不兼容；删除并重新生成；正在链接对象，如同没有调试信息一样
UsageEnvironment.lib(UsageEnvironment.obj) : warning LNK4208: “”中的 PDB 格式不兼容；删除并重新生成；正在链接对象，如同没有调试信息一样
UsageEnvironment.lib(UsageEnvironment.obj) : warning LNK4208: “”中的 PDB 格式不兼容；删除并重新生成；正在链接对象，如同没有调试信息一样
UsageEnvironment.lib(UsageEnvironment.obj) : warning LNK4208: “”中的 PDB 格式不兼容；删除并重新生成；正在链接对象，如同没有调试信息一样
UsageEnvironment.lib(UsageEnvironment.obj) : warning LNK4208: “”中的 PDB 格式不兼容；删除并重新生成；正在链接对象，如同没有调试信息一样
UsageEnvironment.lib(UsageEnvironment.obj) : warning LNK4208: “”中的 PDB 格式不兼容；删除并重新生成；正在链接对象，如同没有调试信息一样
UsageEnvironment.lib(UsageEnvironment.obj) : warning LNK4208: “”中的 PDB 格式不兼容；删除并重新生成；正在链接对象，如同没有调试信息一样
UsageEnvironment.lib(UsageEnvironment.obj) : warning LNK4208: “”中的 PDB 格式不兼容；删除并重新生成；正在链接对象，如同没有调试信息一样
UsageEnvironment.lib(UsageEnvironment.obj) : warning LNK4208: “”中的 PDB 格式不兼容；删除并重新生成；正在链接对象，如同没有调试信息一样
UsageEnvironment.lib(UsageEnvironment.obj) : warning LNK4208: “”中的 PDB 格式不兼容；删除并重新生成；正在链接对象，如同没有调试信息一样
UsageEnvironment.lib(UsageEnvironment.obj) : warning LNK4208: “”中的 PDB 格式不兼容；删除并重新生成；正在链接对象，如同没有调试信息一样
UsageEnvironment.lib(UsageEnvironment.obj) : warning LNK4208: “”中的 PDB 格式不兼容；删除并重新生成；正在链接对象，如同没有调试信息一样
UsageEnvironment.lib(UsageEnvironment.obj) : warning LNK4208: “”中的 PDB 格式不兼容；删除并重新生成；正在链接对象，如同没有调试信息一样
UsageEnvironment.lib(UsageEnvironment.obj) : warning LNK4208: “”中的 PDB 格式不兼容；删除并重新生成；正在链接对象，如同没有调试信息一样
UsageEnvironment.lib(UsageEnvironment.obj) : warning LNK4208: “”中的 PDB 格式不兼容；删除并重新生成；正在链接对象，如同没有调试信息一样
UsageEnvironment.lib(UsageEnvironment.obj) : warning LNK4208: “”中的 PDB 格式不兼容；删除并重新生成；正在链接对象，如同没有调试信息一样
UsageEnvironment.lib(UsageEnvironment.obj) : warning LNK4208: “”中的 PDB 格式不兼容；删除并重新生成；正在链接对象，如同没有调试信息一样
UsageEnvironment.lib(UsageEnvironment.obj) : warning LNK4208: “”中的 PDB 格式不兼容；删除并重新生成；正在链接对象，如同没有调试信息一样
UsageEnvironment.lib(UsageEnvironment.obj) : warning LNK4208: “”中的 PDB 格式不兼容；删除并重新生成；正在链接对象，如同没有调试信息一样
UsageEnvironment.lib(UsageEnvironment.obj) : warning LNK4208: “”中的 PDB 格式不兼容；删除并重新生成；正在链接对象，如同没有调试信息一样
Ws2_32.lib(WS2_32.dll) : warning LNK4208: “”中的 PDB 格式不兼容；删除并重新生成；正在链接对象，如同没有调试信息一样
Ws2_32.lib(WS2_32.dll) : warning LNK4208: “”中的 PDB 格式不兼容；删除并重新生成；正在链接对象，如同没有调试信息一样
Ws2_32.lib(WS2_32.dll) : warning LNK4208: “”中的 PDB 格式不兼容；删除并重新生成；正在链接对象，如同没有调试信息一样
Ws2_32.lib(WS2_32.dll) : warning LNK4208: “”中的 PDB 格式不兼容；删除并重新生成；正在链接对象，如同没有调试信息一样
Ws2_32.lib(WS2_32.dll) : warning LNK4208: “”中的 PDB 格式不兼容；删除并重新生成；正在链接对象，如同没有调试信息一样
Ws2_32.lib(WS2_32.dll) : warning LNK4208: “”中的 PDB 格式不兼容；删除并重新生成；正在链接对象，如同没有调试信息一样
Ws2_32.lib(WS2_32.dll) : warning LNK4208: “”中的 PDB 格式不兼容；删除并重新生成；正在链接对象，如同没有调试信息一样
Ws2_32.lib(WS2_32.dll) : warning LNK4208: “”中的 PDB 格式不兼容；删除并重新生成；正在链接对象，如同没有调试信息一样
Ws2_32.lib(WS2_32.dll) : warning LNK4208: “”中的 PDB 格式不兼容；删除并重新生成；正在链接对象，如同没有调试信息一样
Ws2_32.lib(WS2_32.dll) : warning LNK4208: “”中的 PDB 格式不兼容；删除并重新生成；正在链接对象，如同没有调试信息一样
Ws2_32.lib(WS2_32.dll) : warning LNK4208: “”中的 PDB 格式不兼容；删除并重新生成；正在链接对象，如同没有调试信息一样
Ws2_32.lib(WS2_32.dll) : warning LNK4208: “”中的 PDB 格式不兼容；删除并重新生成；正在链接对象，如同没有调试信息一样
Ws2_32.lib(WS2_32.dll) : warning LNK4208: “”中的 PDB 格式不兼容；删除并重新生成；正在链接对象，如同没有调试信息一样
Ws2_32.lib(WS2_32.dll) : warning LNK4208: “”中的 PDB 格式不兼容；删除并重新生成；正在链接对象，如同没有调试信息一样
Ws2_32.lib(WS2_32.dll) : warning LNK4208: “”中的 PDB 格式不兼容；删除并重新生成；正在链接对象，如同没有调试信息一样
Ws2_32.lib(WS2_32.dll) : warning LNK4208: “”中的 PDB 格式不兼容；删除并重新生成；正在链接对象，如同没有调试信息一样
Ws2_32.lib(WS2_32.dll) : warning LNK4208: “”中的 PDB 格式不兼容；删除并重新生成；正在链接对象，如同没有调试信息一样
Ws2_32.lib(WS2_32.dll) : warning LNK4208: “”中的 PDB 格式不兼容；删除并重新生成；正在链接对象，如同没有调试信息一样
Ws2_32.lib(WS2_32.dll) : warning LNK4208: “”中的 PDB 格式不兼容；删除并重新生成；正在链接对象，如同没有调试信息一样
Ws2_32.lib(WS2_32.dll) : warning LNK4208: “”中的 PDB 格式不兼容；删除并重新生成；正在链接对象，如同没有调试信息一样
Ws2_32.lib(WS2_32.dll) : warning LNK4208: “”中的 PDB 格式不兼容；删除并重新生成；正在链接对象，如同没有调试信息一样
Ws2_32.lib(WS2_32.dll) : warning LNK4208: “”中的 PDB 格式不兼容；删除并重新生成；正在链接对象，如同没有调试信息一样
Ws2_32.lib(WS2_32.dll) : warning LNK4208: “”中的 PDB 格式不兼容；删除并重新生成；正在链接对象，如同没有调试信息一样
Ws2_32.lib(WS2_32.dll) : warning LNK4208: “”中的 PDB 格式不兼容；删除并重新生成；正在链接对象，如同没有调试信息一样
Ws2_32.lib(WS2_32.dll) : warning LNK4208: “”中的 PDB 格式不兼容；删除并重新生成；正在链接对象，如同没有调试信息一样
Ws2_32.lib(WS2_32.dll) : warning LNK4208: “”中的 PDB 格式不兼容；删除并重新生成；正在链接对象，如同没有调试信息一样
Ws2_32.lib(WS2_32.dll) : warning LNK4208: “”中的 PDB 格式不兼容；删除并重新生成；正在链接对象，如同没有调试信息一样
Ws2_32.lib(WS2_32.dll) : warning LNK4208: “”中的 PDB 格式不兼容；删除并重新生成；正在链接对象，如同没有调试信息一样
Ws2_32.lib(WS2_32.dll) : warning LNK4208: “”中的 PDB 格式不兼容；删除并重新生成；正在链接对象，如同没有调试信息一样
Ws2_32.lib(WS2_32.dll) : warning LNK4208: “”中的 PDB 格式不兼容；删除并重新生成；正在链接对象，如同没有调试信息一样
Ws2_32.lib(WS2_32.dll) : warning LNK4208: “”中的 PDB 格式不兼容；删除并重新生成；正在链接对象，如同没有调试信息一样
Ws2_32.lib(WS2_32.dll) : warning LNK4208: “”中的 PDB 格式不兼容；删除并重新生成；正在链接对象，如同没有调试信息一样
Ws2_32.lib(WS2_32.dll) : warning LNK4208: “”中的 PDB 格式不兼容；删除并重新生成；正在链接对象，如同没有调试信息一样
Ws2_32.lib(WS2_32.dll) : warning LNK4208: “”中的 PDB 格式不兼容；删除并重新生成；正在链接对象，如同没有调试信息一样
Ws2_32.lib(WS2_32.dll) : warning LNK4208: “”中的 PDB 格式不兼容；删除并重新生成；正在链接对象，如同没有调试信息一样
Ws2_32.lib(WS2_32.dll) : warning LNK4208: “”中的 PDB 格式不兼容；删除并重新生成；正在链接对象，如同没有调试信息一样
Ws2_32.lib(WS2_32.dll) : warning LNK4208: “”中的 PDB 格式不兼容；删除并重新生成；正在链接对象，如同没有调试信息一样
Ws2_32.lib(WS2_32.dll) : warning LNK4208: “”中的 PDB 格式不兼容；删除并重新生成；正在链接对象，如同没有调试信息一样
Ws2_32.lib(WS2_32.dll) : warning LNK4208: “”中的 PDB 格式不兼容；删除并重新生成；正在链接对象，如同没有调试信息一样
Ws2_32.lib(WS2_32.dll) : warning LNK4208: “”中的 PDB 格式不兼容；删除并重新生成；正在链接对象，如同没有调试信息一样
Ws2_32.lib(WS2_32.dll) : warning LNK4208: “”中的 PDB 格式不兼容；删除并重新生成；正在链接对象，如同没有调试信息一样
Ws2_32.lib(WS2_32.dll) : warning LNK4208: “”中的 PDB 格式不兼容；删除并重新生成；正在链接对象，如同没有调试信息一样
Ws2_32.lib(WS2_32.dll) : warning LNK4208: “”中的 PDB 格式不兼容；删除并重新生成；正在链接对象，如同没有调试信息一样
Ws2_32.lib(WS2_32.dll) : warning LNK4208: “”中的 PDB 格式不兼容；删除并重新生成；正在链接对象，如同没有调试信息一样
Ws2_32.lib(WS2_32.dll) : warning LNK4208: “”中的 PDB 格式不兼容；删除并重新生成；正在链接对象，如同没有调试信息一样
Ws2_32.lib(WS2_32.dll) : warning LNK4208: “”中的 PDB 格式不兼容；删除并重新生成；正在链接对象，如同没有调试信息一样
Ws2_32.lib(WS2_32.dll) : warning LNK4208: “”中的 PDB 格式不兼容；删除并重新生成；正在链接对象，如同没有调试信息一样
Ws2_32.lib(WS2_32.dll) : warning LNK4208: “”中的 PDB 格式不兼容；删除并重新生成；正在链接对象，如同没有调试信息一样
Ws2_32.lib(WS2_32.dll) : warning LNK4208: “”中的 PDB 格式不兼容；删除并重新生成；正在链接对象，如同没有调试信息一样
Ws2_32.lib(WS2_32.dll) : warning LNK4208: “”中的 PDB 格式不兼容；删除并重新生成；正在链接对象，如同没有调试信息一样
Ws2_32.lib(WS2_32.dll) : warning LNK4208: “”中的 PDB 格式不兼容；删除并重新生成；正在链接对象，如同没有调试信息一样
Ws2_32.lib(WS2_32.dll) : warning LNK4208: “”中的 PDB 格式不兼容；删除并重新生成；正在链接对象，如同没有调试信息一样
Ws2_32.lib(WS2_32.dll) : warning LNK4208: “”中的 PDB 格式不兼容；删除并重新生成；正在链接对象，如同没有调试信息一样
Ws2_32.lib(WS2_32.dll) : warning LNK4208: “”中的 PDB 格式不兼容；删除并重新生成；正在链接对象，如同没有调试信息一样
Ws2_32.lib(WS2_32.dll) : warning LNK4208: “”中的 PDB 格式不兼容；删除并重新生成；正在链接对象，如同没有调试信息一样
Ws2_32.lib(WS2_32.dll) : warning LNK4208: “”中的 PDB 格式不兼容；删除并重新生成；正在链接对象，如同没有调试信息一样
Ws2_32.lib(WS2_32.dll) : warning LNK4208: “”中的 PDB 格式不兼容；删除并重新生成；正在链接对象，如同没有调试信息一样
Ws2_32.lib(WS2_32.dll) : warning LNK4208: “”中的 PDB 格式不兼容；删除并重新生成；正在链接对象，如同没有调试信息一样
Ws2_32.lib(WS2_32.dll) : warning LNK4208: “”中的 PDB 格式不兼容；删除并重新生成；正在链接对象，如同没有调试信息一样
Ws2_32.lib(WS2_32.dll) : warning LNK4208: “”中的 PDB 格式不兼容；删除并重新生成；正在链接对象，如同没有调试信息一样
Ws2_32.lib(WS2_32.dll) : warning LNK4208: “”中的 PDB 格式不兼容；删除并重新生成；正在链接对象，如同没有调试信息一样
Ws2_32.lib(WS2_32.dll) : warning LNK4208: “”中的 PDB 格式不兼容；删除并重新生成；正在链接对象，如同没有调试信息一样
Ws2_32.lib(WS2_32.dll) : warning LNK4208: “”中的 PDB 格式不兼容；删除并重新生成；正在链接对象，如同没有调试信息一样
Ws2_32.lib(WS2_32.dll) : warning LNK4208: “”中的 PDB 格式不兼容；删除并重新生成；正在链接对象，如同没有调试信息一样
Ws2_32.lib(WS2_32.dll) : warning LNK4208: “”中的 PDB 格式不兼容；删除并重新生成；正在链接对象，如同没有调试信息一样
Ws2_32.lib(WS2_32.dll) : warning LNK4208: “”中的 PDB 格式不兼容；删除并重新生成；正在链接对象，如同没有调试信息一样
Ws2_32.lib(WS2_32.dll) : warning LNK4208: “”中的 PDB 格式不兼容；删除并重新生成；正在链接对象，如同没有调试信息一样
Ws2_32.lib(WS2_32.dll) : warning LNK4208: “”中的 PDB 格式不兼容；删除并重新生成；正在链接对象，如同没有调试信息一样
Ws2_32.lib(WS2_32.dll) : warning LNK4208: “”中的 PDB 格式不兼容；删除并重新生成；正在链接对象，如同没有调试信息一样
Ws2_32.lib(WS2_32.dll) : warning LNK4208: “”中的 PDB 格式不兼容；删除并重新生成；正在链接对象，如同没有调试信息一样
Ws2_32.lib(WS2_32.dll) : warning LNK4208: “”中的 PDB 格式不兼容；删除并重新生成；正在链接对象，如同没有调试信息一样
Ws2_32.lib(WS2_32.dll) : warning LNK4208: “”中的 PDB 格式不兼容；删除并重新生成；正在链接对象，如同没有调试信息一样
kernel32.lib(KERNEL32.dll) : warning LNK4208: “”中的 PDB 格式不兼容；删除并重新生成；正在链接对象，如同没有调试信息一样
kernel32.lib(KERNEL32.dll) : warning LNK4208: “”中的 PDB 格式不兼容；删除并重新生成；正在链接对象，如同没有调试信息一样
kernel32.lib(KERNEL32.dll) : warning LNK4208: “”中的 PDB 格式不兼容；删除并重新生成；正在链接对象，如同没有调试信息一样
kernel32.lib(KERNEL32.dll) : warning LNK4208: “”中的 PDB 格式不兼容；删除并重新生成；正在链接对象，如同没有调试信息一样
kernel32.lib(KERNEL32.dll) : warning LNK4208: “”中的 PDB 格式不兼容；删除并重新生成；正在链接对象，如同没有调试信息一样
kernel32.lib(KERNEL32.dll) : warning LNK4208: “”中的 PDB 格式不兼容；删除并重新生成；正在链接对象，如同没有调试信息一样
kernel32.lib(KERNEL32.dll) : warning LNK4208: “”中的 PDB 格式不兼容；删除并重新生成；正在链接对象，如同没有调试信息一样
kernel32.lib(KERNEL32.dll) : warning LNK4208: “”中的 PDB 格式不兼容；删除并重新生成；正在链接对象，如同没有调试信息一样
kernel32.lib(KERNEL32.dll) : warning LNK4208: “”中的 PDB 格式不兼容；删除并重新生成；正在链接对象，如同没有调试信息一样
kernel32.lib(KERNEL32.dll) : warning LNK4208: “”中的 PDB 格式不兼容；删除并重新生成；正在链接对象，如同没有调试信息一样
kernel32.lib(KERNEL32.dll) : warning LNK4208: “”中的 PDB 格式不兼容；删除并重新生成；正在链接对象，如同没有调试信息一样
kernel32.lib(KERNEL32.dll) : warning LNK4208: “”中的 PDB 格式不兼容；删除并重新生成；正在链接对象，如同没有调试信息一样
kernel32.lib(KERNEL32.dll) : warning LNK4208: “”中的 PDB 格式不兼容；删除并重新生成；正在链接对象，如同没有调试信息一样
kernel32.lib(KERNEL32.dll) : warning LNK4208: “”中的 PDB 格式不兼容；删除并重新生成；正在链接对象，如同没有调试信息一样
kernel32.lib(KERNEL32.dll) : warning LNK4208: “”中的 PDB 格式不兼容；删除并重新生成；正在链接对象，如同没有调试信息一样
kernel32.lib(KERNEL32.dll) : warning LNK4208: “”中的 PDB 格式不兼容；删除并重新生成；正在链接对象，如同没有调试信息一样
kernel32.lib(KERNEL32.dll) : warning LNK4208: “”中的 PDB 格式不兼容；删除并重新生成；正在链接对象，如同没有调试信息一样
kernel32.lib(KERNEL32.dll) : warning LNK4208: “”中的 PDB 格式不兼容；删除并重新生成；正在链接对象，如同没有调试信息一样
kernel32.lib(KERNEL32.dll) : warning LNK4208: “”中的 PDB 格式不兼容；删除并重新生成；正在链接对象，如同没有调试信息一样
kernel32.lib(KERNEL32.dll) : warning LNK4208: “”中的 PDB 格式不兼容；删除并重新生成；正在链接对象，如同没有调试信息一样
kernel32.lib(KERNEL32.dll) : warning LNK4208: “”中的 PDB 格式不兼容；删除并重新生成；正在链接对象，如同没有调试信息一样
kernel32.lib(KERNEL32.dll) : warning LNK4208: “”中的 PDB 格式不兼容；删除并重新生成；正在链接对象，如同没有调试信息一样
kernel32.lib(KERNEL32.dll) : warning LNK4208: “”中的 PDB 格式不兼容；删除并重新生成；正在链接对象，如同没有调试信息一样
kernel32.lib(KERNEL32.dll) : warning LNK4208: “”中的 PDB 格式不兼容；删除并重新生成；正在链接对象，如同没有调试信息一样
kernel32.lib(KERNEL32.dll) : warning LNK4208: “”中的 PDB 格式不兼容；删除并重新生成；正在链接对象，如同没有调试信息一样
kernel32.lib(KERNEL32.dll) : warning LNK4208: “”中的 PDB 格式不兼容；删除并重新生成；正在链接对象，如同没有调试信息一样
kernel32.lib(KERNEL32.dll) : warning LNK4208: “”中的 PDB 格式不兼容；删除并重新生成；正在链接对象，如同没有调试信息一样
kernel32.lib(KERNEL32.dll) : warning LNK4208: “”中的 PDB 格式不兼容；删除并重新生成；正在链接对象，如同没有调试信息一样
kernel32.lib(KERNEL32.dll) : warning LNK4208: “”中的 PDB 格式不兼容；删除并重新生成；正在链接对象，如同没有调试信息一样
kernel32.lib(KERNEL32.dll) : warning LNK4208: “”中的 PDB 格式不兼容；删除并重新生成；正在链接对象，如同没有调试信息一样
kernel32.lib(KERNEL32.dll) : warning LNK4208: “”中的 PDB 格式不兼容；删除并重新生成；正在链接对象，如同没有调试信息一样
kernel32.lib(KERNEL32.dll) : warning LNK4208: “”中的 PDB 格式不兼容；删除并重新生成；正在链接对象，如同没有调试信息一样
kernel32.lib(KERNEL32.dll) : warning LNK4208: “”中的 PDB 格式不兼容；删除并重新生成；正在链接对象，如同没有调试信息一样
kernel32.lib(KERNEL32.dll) : warning LNK4208: “”中的 PDB 格式不兼容；删除并重新生成；正在链接对象，如同没有调试信息一样
kernel32.lib(KERNEL32.dll) : warning LNK4208: “”中的 PDB 格式不兼容；删除并重新生成；正在链接对象，如同没有调试信息一样
kernel32.lib(KERNEL32.dll) : warning LNK4208: “”中的 PDB 格式不兼容；删除并重新生成；正在链接对象，如同没有调试信息一样
kernel32.lib(KERNEL32.dll) : warning LNK4208: “”中的 PDB 格式不兼容；删除并重新生成；正在链接对象，如同没有调试信息一样
kernel32.lib(KERNEL32.dll) : warning LNK4208: “”中的 PDB 格式不兼容；删除并重新生成；正在链接对象，如同没有调试信息一样
kernel32.lib(KERNEL32.dll) : warning LNK4208: “”中的 PDB 格式不兼容；删除并重新生成；正在链接对象，如同没有调试信息一样
kernel32.lib(KERNEL32.dll) : warning LNK4208: “”中的 PDB 格式不兼容；删除并重新生成；正在链接对象，如同没有调试信息一样
kernel32.lib(KERNEL32.dll) : warning LNK4208: “”中的 PDB 格式不兼容；删除并重新生成；正在链接对象，如同没有调试信息一样
kernel32.lib(KERNEL32.dll) : warning LNK4208: “”中的 PDB 格式不兼容；删除并重新生成；正在链接对象，如同没有调试信息一样
kernel32.lib(KERNEL32.dll) : warning LNK4208: “”中的 PDB 格式不兼容；删除并重新生成；正在链接对象，如同没有调试信息一样
kernel32.lib(KERNEL32.dll) : warning LNK4208: “”中的 PDB 格式不兼容；删除并重新生成；正在链接对象，如同没有调试信息一样
kernel32.lib(KERNEL32.dll) : warning LNK4208: “”中的 PDB 格式不兼容；删除并重新生成；正在链接对象，如同没有调试信息一样
kernel32.lib(KERNEL32.dll) : warning LNK4208: “”中的 PDB 格式不兼容；删除并重新生成；正在链接对象，如同没有调试信息一样
kernel32.lib(KERNEL32.dll) : warning LNK4208: “”中的 PDB 格式不兼容；删除并重新生成；正在链接对象，如同没有调试信息一样
kernel32.lib(KERNEL32.dll) : warning LNK4208: “”中的 PDB 格式不兼容；删除并重新生成；正在链接对象，如同没有调试信息一样
kernel32.lib(KERNEL32.dll) : warning LNK4208: “”中的 PDB 格式不兼容；删除并重新生成；正在链接对象，如同没有调试信息一样
kernel32.lib(KERNEL32.dll) : warning LNK4208: “”中的 PDB 格式不兼容；删除并重新生成；正在链接对象，如同没有调试信息一样
kernel32.lib(KERNEL32.dll) : warning LNK4208: “”中的 PDB 格式不兼容；删除并重新生成；正在链接对象，如同没有调试信息一样
kernel32.lib(KERNEL32.dll) : warning LNK4208: “”中的 PDB 格式不兼容；删除并重新生成；正在链接对象，如同没有调试信息一样
kernel32.lib(KERNEL32.dll) : warning LNK4208: “”中的 PDB 格式不兼容；删除并重新生成；正在链接对象，如同没有调试信息一样
kernel32.lib(KERNEL32.dll) : warning LNK4208: “”中的 PDB 格式不兼容；删除并重新生成；正在链接对象，如同没有调试信息一样
kernel32.lib(KERNEL32.dll) : warning LNK4208: “”中的 PDB 格式不兼容；删除并重新生成；正在链接对象，如同没有调试信息一样
kernel32.lib(KERNEL32.dll) : warning LNK4208: “”中的 PDB 格式不兼容；删除并重新生成；正在链接对象，如同没有调试信息一样
kernel32.lib(KERNEL32.dll) : warning LNK4208: “”中的 PDB 格式不兼容；删除并重新生成；正在链接对象，如同没有调试信息一样
kernel32.lib(KERNEL32.dll) : warning LNK4208: “”中的 PDB 格式不兼容；删除并重新生成；正在链接对象，如同没有调试信息一样
kernel32.lib(KERNEL32.dll) : warning LNK4208: “”中的 PDB 格式不兼容；删除并重新生成；正在链接对象，如同没有调试信息一样
kernel32.lib(KERNEL32.dll) : warning LNK4208: “”中的 PDB 格式不兼容；删除并重新生成；正在链接对象，如同没有调试信息一样
kernel32.lib(KERNEL32.dll) : warning LNK4208: “”中的 PDB 格式不兼容；删除并重新生成；正在链接对象，如同没有调试信息一样
kernel32.lib(KERNEL32.dll) : warning LNK4208: “”中的 PDB 格式不兼容；删除并重新生成；正在链接对象，如同没有调试信息一样
kernel32.lib(KERNEL32.dll) : warning LNK4208: “”中的 PDB 格式不兼容；删除并重新生成；正在链接对象，如同没有调试信息一样
kernel32.lib(KERNEL32.dll) : warning LNK4208: “”中的 PDB 格式不兼容；删除并重新生成；正在链接对象，如同没有调试信息一样
kernel32.lib(KERNEL32.dll) : warning LNK4208: “”中的 PDB 格式不兼容；删除并重新生成；正在链接对象，如同没有调试信息一样
kernel32.lib(KERNEL32.dll) : warning LNK4208: “”中的 PDB 格式不兼容；删除并重新生成；正在链接对象，如同没有调试信息一样
kernel32.lib(KERNEL32.dll) : warning LNK4208: “”中的 PDB 格式不兼容；删除并重新生成；正在链接对象，如同没有调试信息一样
kernel32.lib(KERNEL32.dll) : warning LNK4208: “”中的 PDB 格式不兼容；删除并重新生成；正在链接对象，如同没有调试信息一样
kernel32.lib(KERNEL32.dll) : warning LNK4208: “”中的 PDB 格式不兼容；删除并重新生成；正在链接对象，如同没有调试信息一样
kernel32.lib(KERNEL32.dll) : warning LNK4208: “”中的 PDB 格式不兼容；删除并重新生成；正在链接对象，如同没有调试信息一样
kernel32.lib(KERNEL32.dll) : warning LNK4208: “”中的 PDB 格式不兼容；删除并重新生成；正在链接对象，如同没有调试信息一样
kernel32.lib(KERNEL32.dll) : warning LNK4208: “”中的 PDB 格式不兼容；删除并重新生成；正在链接对象，如同没有调试信息一样
kernel32.lib(KERNEL32.dll) : warning LNK4208: “”中的 PDB 格式不兼容；删除并重新生成；正在链接对象，如同没有调试信息一样
kernel32.lib(KERNEL32.dll) : warning LNK4208: “”中的 PDB 格式不兼容；删除并重新生成；正在链接对象，如同没有调试信息一样
kernel32.lib(KERNEL32.dll) : warning LNK4208: “”中的 PDB 格式不兼容；删除并重新生成；正在链接对象，如同没有调试信息一样
kernel32.lib(KERNEL32.dll) : warning LNK4208: “”中的 PDB 格式不兼容；删除并重新生成；正在链接对象，如同没有调试信息一样
kernel32.lib(KERNEL32.dll) : warning LNK4208: “”中的 PDB 格式不兼容；删除并重新生成；正在链接对象，如同没有调试信息一样
kernel32.lib(KERNEL32.dll) : warning LNK4208: “”中的 PDB 格式不兼容；删除并重新生成；正在链接对象，如同没有调试信息一样
kernel32.lib(KERNEL32.dll) : warning LNK4208: “”中的 PDB 格式不兼容；删除并重新生成；正在链接对象，如同没有调试信息一样
kernel32.lib(KERNEL32.dll) : warning LNK4208: “”中的 PDB 格式不兼容；删除并重新生成；正在链接对象，如同没有调试信息一样
kernel32.lib(KERNEL32.dll) : warning LNK4208: “”中的 PDB 格式不兼容；删除并重新生成；正在链接对象，如同没有调试信息一样
kernel32.lib(KERNEL32.dll) : warning LNK4208: “”中的 PDB 格式不兼容；删除并重新生成；正在链接对象，如同没有调试信息一样
kernel32.lib(KERNEL32.dll) : warning LNK4208: “”中的 PDB 格式不兼容；删除并重新生成；正在链接对象，如同没有调试信息一样
kernel32.lib(KERNEL32.dll) : warning LNK4208: “”中的 PDB 格式不兼容；删除并重新生成；正在链接对象，如同没有调试信息一样
kernel32.lib(KERNEL32.dll) : warning LNK4208: “”中的 PDB 格式不兼容；删除并重新生成；正在链接对象，如同没有调试信息一样
kernel32.lib(KERNEL32.dll) : warning LNK4208: “”中的 PDB 格式不兼容；删除并重新生成；正在链接对象，如同没有调试信息一样
kernel32.lib(KERNEL32.dll) : warning LNK4208: “”中的 PDB 格式不兼容；删除并重新生成；正在链接对象，如同没有调试信息一样
kernel32.lib(KERNEL32.dll) : warning LNK4208: “”中的 PDB 格式不兼容；删除并重新生成；正在链接对象，如同没有调试信息一样
kernel32.lib(KERNEL32.dll) : warning LNK4208: “”中的 PDB 格式不兼容；删除并重新生成；正在链接对象，如同没有调试信息一样
kernel32.lib(KERNEL32.dll) : warning LNK4208: “”中的 PDB 格式不兼容；删除并重新生成；正在链接对象，如同没有调试信息一样
kernel32.lib(KERNEL32.dll) : warning LNK4208: “”中的 PDB 格式不兼容；删除并重新生成；正在链接对象，如同没有调试信息一样
kernel32.lib(KERNEL32.dll) : warning LNK4208: “”中的 PDB 格式不兼容；删除并重新生成；正在链接对象，如同没有调试信息一样
kernel32.lib(KERNEL32.dll) : warning LNK4208: “”中的 PDB 格式不兼容；删除并重新生成；正在链接对象，如同没有调试信息一样
kernel32.lib(KERNEL32.dll) : warning LNK4208: “”中的 PDB 格式不兼容；删除并重新生成；正在链接对象，如同没有调试信息一样
kernel32.lib(KERNEL32.dll) : warning LNK4208: “”中的 PDB 格式不兼容；删除并重新生成；正在链接对象，如同没有调试信息一样
kernel32.lib(KERNEL32.dll) : warning LNK4208: “”中的 PDB 格式不兼容；删除并重新生成；正在链接对象，如同没有调试信息一样
kernel32.lib(KERNEL32.dll) : warning LNK4208: “”中的 PDB 格式不兼容；删除并重新生成；正在链接对象，如同没有调试信息一样
kernel32.lib(KERNEL32.dll) : warning LNK4208: “”中的 PDB 格式不兼容；删除并重新生成；正在链接对象，如同没有调试信息一样
kernel32.lib(KERNEL32.dll) : warning LNK4208: “”中的 PDB 格式不兼容；删除并重新生成；正在链接对象，如同没有调试信息一样
kernel32.lib(KERNEL32.dll) : warning LNK4208: “”中的 PDB 格式不兼容；删除并重新生成；正在链接对象，如同没有调试信息一样
kernel32.lib(KERNEL32.dll) : warning LNK4208: “”中的 PDB 格式不兼容；删除并重新生成；正在链接对象，如同没有调试信息一样
kernel32.lib(KERNEL32.dll) : warning LNK4208: “”中的 PDB 格式不兼容；删除并重新生成；正在链接对象，如同没有调试信息一样
kernel32.lib(KERNEL32.dll) : warning LNK4208: “”中的 PDB 格式不兼容；删除并重新生成；正在链接对象，如同没有调试信息一样
kernel32.lib(KERNEL32.dll) : warning LNK4208: “”中的 PDB 格式不兼容；删除并重新生成；正在链接对象，如同没有调试信息一样
kernel32.lib(KERNEL32.dll) : warning LNK4208: “”中的 PDB 格式不兼容；删除并重新生成；正在链接对象，如同没有调试信息一样
kernel32.lib(KERNEL32.dll) : warning LNK4208: “”中的 PDB 格式不兼容；删除并重新生成；正在链接对象，如同没有调试信息一样
kernel32.lib(KERNEL32.dll) : warning LNK4208: “”中的 PDB 格式不兼容；删除并重新生成；正在链接对象，如同没有调试信息一样
kernel32.lib(KERNEL32.dll) : warning LNK4208: “”中的 PDB 格式不兼容；删除并重新生成；正在链接对象，如同没有调试信息一样
kernel32.lib(KERNEL32.dll) : warning LNK4208: “”中的 PDB 格式不兼容；删除并重新生成；正在链接对象，如同没有调试信息一样
kernel32.lib(KERNEL32.dll) : warning LNK4208: “”中的 PDB 格式不兼容；删除并重新生成；正在链接对象，如同没有调试信息一样
kernel32.lib(KERNEL32.dll) : warning LNK4208: “”中的 PDB 格式不兼容；删除并重新生成；正在链接对象，如同没有调试信息一样
kernel32.lib(KERNEL32.dll) : warning LNK4208: “”中的 PDB 格式不兼容；删除并重新生成；正在链接对象，如同没有调试信息一样
kernel32.lib(KERNEL32.dll) : warning LNK4208: “”中的 PDB 格式不兼容；删除并重新生成；正在链接对象，如同没有调试信息一样
kernel32.lib(KERNEL32.dll) : warning LNK4208: “”中的 PDB 格式不兼容；删除并重新生成；正在链接对象，如同没有调试信息一样
kernel32.lib(KERNEL32.dll) : warning LNK4208: “”中的 PDB 格式不兼容；删除并重新生成；正在链接对象，如同没有调试信息一样
kernel32.lib(KERNEL32.dll) : warning LNK4208: “”中的 PDB 格式不兼容；删除并重新生成；正在链接对象，如同没有调试信息一样
kernel32.lib(KERNEL32.dll) : warning LNK4208: “”中的 PDB 格式不兼容；删除并重新生成；正在链接对象，如同没有调试信息一样
kernel32.lib(KERNEL32.dll) : warning LNK4208: “”中的 PDB 格式不兼容；删除并重新生成；正在链接对象，如同没有调试信息一样
kernel32.lib(KERNEL32.dll) : warning LNK4208: “”中的 PDB 格式不兼容；删除并重新生成；正在链接对象，如同没有调试信息一样
kernel32.lib(KERNEL32.dll) : warning LNK4208: “”中的 PDB 格式不兼容；删除并重新生成；正在链接对象，如同没有调试信息一样
kernel32.lib(KERNEL32.dll) : warning LNK4208: “”中的 PDB 格式不兼容；删除并重新生成；正在链接对象，如同没有调试信息一样
kernel32.lib(KERNEL32.dll) : warning LNK4208: “”中的 PDB 格式不兼容；删除并重新生成；正在链接对象，如同没有调试信息一样
kernel32.lib(KERNEL32.dll) : warning LNK4208: “”中的 PDB 格式不兼容；删除并重新生成；正在链接对象，如同没有调试信息一样
kernel32.lib(KERNEL32.dll) : warning LNK4208: “”中的 PDB 格式不兼容；删除并重新生成；正在链接对象，如同没有调试信息一样
kernel32.lib(KERNEL32.dll) : warning LNK4208: “”中的 PDB 格式不兼容；删除并重新生成；正在链接对象，如同没有调试信息一样
kernel32.lib(KERNEL32.dll) : warning LNK4208: “”中的 PDB 格式不兼容；删除并重新生成；正在链接对象，如同没有调试信息一样
kernel32.lib(KERNEL32.dll) : warning LNK4208: “”中的 PDB 格式不兼容；删除并重新生成；正在链接对象，如同没有调试信息一样
kernel32.lib(KERNEL32.dll) : warning LNK4208: “”中的 PDB 格式不兼容；删除并重新生成；正在链接对象，如同没有调试信息一样
kernel32.lib(KERNEL32.dll) : warning LNK4208: “”中的 PDB 格式不兼容；删除并重新生成；正在链接对象，如同没有调试信息一样
kernel32.lib(KERNEL32.dll) : warning LNK4208: “”中的 PDB 格式不兼容；删除并重新生成；正在链接对象，如同没有调试信息一样
kernel32.lib(KERNEL32.dll) : warning LNK4208: “”中的 PDB 格式不兼容；删除并重新生成；正在链接对象，如同没有调试信息一样
kernel32.lib(KERNEL32.dll) : warning LNK4208: “”中的 PDB 格式不兼容；删除并重新生成；正在链接对象，如同没有调试信息一样
kernel32.lib(KERNEL32.dll) : warning LNK4208: “”中的 PDB 格式不兼容；删除并重新生成；正在链接对象，如同没有调试信息一样
kernel32.lib(KERNEL32.dll) : warning LNK4208: “”中的 PDB 格式不兼容；删除并重新生成；正在链接对象，如同没有调试信息一样
kernel32.lib(KERNEL32.dll) : warning LNK4208: “”中的 PDB 格式不兼容；删除并重新生成；正在链接对象，如同没有调试信息一样
kernel32.lib(KERNEL32.dll) : warning LNK4208: “”中的 PDB 格式不兼容；删除并重新生成；正在链接对象，如同没有调试信息一样
kernel32.lib(KERNEL32.dll) : warning LNK4208: “”中的 PDB 格式不兼容；删除并重新生成；正在链接对象，如同没有调试信息一样
kernel32.lib(KERNEL32.dll) : warning LNK4208: “”中的 PDB 格式不兼容；删除并重新生成；正在链接对象，如同没有调试信息一样
kernel32.lib(KERNEL32.dll) : warning LNK4208: “”中的 PDB 格式不兼容；删除并重新生成；正在链接对象，如同没有调试信息一样
kernel32.lib(KERNEL32.dll) : warning LNK4208: “”中的 PDB 格式不兼容；删除并重新生成；正在链接对象，如同没有调试信息一样
kernel32.lib(KERNEL32.dll) : warning LNK4208: “”中的 PDB 格式不兼容；删除并重新生成；正在链接对象，如同没有调试信息一样
kernel32.lib(KERNEL32.dll) : warning LNK4208: “”中的 PDB 格式不兼容；删除并重新生成；正在链接对象，如同没有调试信息一样
kernel32.lib(KERNEL32.dll) : warning LNK4208: “”中的 PDB 格式不兼容；删除并重新生成；正在链接对象，如同没有调试信息一样
kernel32.lib(KERNEL32.dll) : warning LNK4208: “”中的 PDB 格式不兼容；删除并重新生成；正在链接对象，如同没有调试信息一样
kernel32.lib(KERNEL32.dll) : warning LNK4208: “”中的 PDB 格式不兼容；删除并重新生成；正在链接对象，如同没有调试信息一样
kernel32.lib(KERNEL32.dll) : warning LNK4208: “”中的 PDB 格式不兼容；删除并重新生成；正在链接对象，如同没有调试信息一样
kernel32.lib(KERNEL32.dll) : warning LNK4208: “”中的 PDB 格式不兼容；删除并重新生成；正在链接对象，如同没有调试信息一样
kernel32.lib(KERNEL32.dll) : warning LNK4208: “”中的 PDB 格式不兼容；删除并重新生成；正在链接对象，如同没有调试信息一样
kernel32.lib(KERNEL32.dll) : warning LNK4208: “”中的 PDB 格式不兼容；删除并重新生成；正在链接对象，如同没有调试信息一样
kernel32.lib(KERNEL32.dll) : warning LNK4208: “”中的 PDB 格式不兼容；删除并重新生成；正在链接对象，如同没有调试信息一样
kernel32.lib(KERNEL32.dll) : warning LNK4208: “”中的 PDB 格式不兼容；删除并重新生成；正在链接对象，如同没有调试信息一样
kernel32.lib(KERNEL32.dll) : warning LNK4208: “”中的 PDB 格式不兼容；删除并重新生成；正在链接对象，如同没有调试信息一样
kernel32.lib(KERNEL32.dll) : warning LNK4208: “”中的 PDB 格式不兼容；删除并重新生成；正在链接对象，如同没有调试信息一样
kernel32.lib(KERNEL32.dll) : warning LNK4208: “”中的 PDB 格式不兼容；删除并重新生成；正在链接对象，如同没有调试信息一样
kernel32.lib(KERNEL32.dll) : warning LNK4208: “”中的 PDB 格式不兼容；删除并重新生成；正在链接对象，如同没有调试信息一样
kernel32.lib(KERNEL32.dll) : warning LNK4208: “”中的 PDB 格式不兼容；删除并重新生成；正在链接对象，如同没有调试信息一样
kernel32.lib(KERNEL32.dll) : warning LNK4208: “”中的 PDB 格式不兼容；删除并重新生成；正在链接对象，如同没有调试信息一样
kernel32.lib(KERNEL32.dll) : warning LNK4208: “”中的 PDB 格式不兼容；删除并重新生成；正在链接对象，如同没有调试信息一样
kernel32.lib(KERNEL32.dll) : warning LNK4208: “”中的 PDB 格式不兼容；删除并重新生成；正在链接对象，如同没有调试信息一样
kernel32.lib(KERNEL32.dll) : warning LNK4208: “”中的 PDB 格式不兼容；删除并重新生成；正在链接对象，如同没有调试信息一样
kernel32.lib(KERNEL32.dll) : warning LNK4208: “”中的 PDB 格式不兼容；删除并重新生成；正在链接对象，如同没有调试信息一样
kernel32.lib(KERNEL32.dll) : warning LNK4208: “”中的 PDB 格式不兼容；删除并重新生成；正在链接对象，如同没有调试信息一样
kernel32.lib(KERNEL32.dll) : warning LNK4208: “”中的 PDB 格式不兼容；删除并重新生成；正在链接对象，如同没有调试信息一样
kernel32.lib(KERNEL32.dll) : warning LNK4208: “”中的 PDB 格式不兼容；删除并重新生成；正在链接对象，如同没有调试信息一样
kernel32.lib(KERNEL32.dll) : warning LNK4208: “”中的 PDB 格式不兼容；删除并重新生成；正在链接对象，如同没有调试信息一样
kernel32.lib(KERNEL32.dll) : warning LNK4208: “”中的 PDB 格式不兼容；删除并重新生成；正在链接对象，如同没有调试信息一样
kernel32.lib(KERNEL32.dll) : warning LNK4208: “”中的 PDB 格式不兼容；删除并重新生成；正在链接对象，如同没有调试信息一样
kernel32.lib(KERNEL32.dll) : warning LNK4208: “”中的 PDB 格式不兼容；删除并重新生成；正在链接对象，如同没有调试信息一样
kernel32.lib(KERNEL32.dll) : warning LNK4208: “”中的 PDB 格式不兼容；删除并重新生成；正在链接对象，如同没有调试信息一样
kernel32.lib(KERNEL32.dll) : warning LNK4208: “”中的 PDB 格式不兼容；删除并重新生成；正在链接对象，如同没有调试信息一样
kernel32.lib(KERNEL32.dll) : warning LNK4208: “”中的 PDB 格式不兼容；删除并重新生成；正在链接对象，如同没有调试信息一样
kernel32.lib(KERNEL32.dll) : warning LNK4208: “”中的 PDB 格式不兼容；删除并重新生成；正在链接对象，如同没有调试信息一样
kernel32.lib(KERNEL32.dll) : warning LNK4208: “”中的 PDB 格式不兼容；删除并重新生成；正在链接对象，如同没有调试信息一样
kernel32.lib(KERNEL32.dll) : warning LNK4208: “”中的 PDB 格式不兼容；删除并重新生成；正在链接对象，如同没有调试信息一样
kernel32.lib(KERNEL32.dll) : warning LNK4208: “”中的 PDB 格式不兼容；删除并重新生成；正在链接对象，如同没有调试信息一样
kernel32.lib(KERNEL32.dll) : warning LNK4208: “”中的 PDB 格式不兼容；删除并重新生成；正在链接对象，如同没有调试信息一样
kernel32.lib(KERNEL32.dll) : warning LNK4208: “”中的 PDB 格式不兼容；删除并重新生成；正在链接对象，如同没有调试信息一样
kernel32.lib(KERNEL32.dll) : warning LNK4208: “”中的 PDB 格式不兼容；删除并重新生成；正在链接对象，如同没有调试信息一样
kernel32.lib(KERNEL32.dll) : warning LNK4208: “”中的 PDB 格式不兼容；删除并重新生成；正在链接对象，如同没有调试信息一样
kernel32.lib(KERNEL32.dll) : warning LNK4208: “”中的 PDB 格式不兼容；删除并重新生成；正在链接对象，如同没有调试信息一样
kernel32.lib(KERNEL32.dll) : warning LNK4208: “”中的 PDB 格式不兼容；删除并重新生成；正在链接对象，如同没有调试信息一样
kernel32.lib(KERNEL32.dll) : warning LNK4208: “”中的 PDB 格式不兼容；删除并重新生成；正在链接对象，如同没有调试信息一样
kernel32.lib(KERNEL32.dll) : warning LNK4208: “”中的 PDB 格式不兼容；删除并重新生成；正在链接对象，如同没有调试信息一样
kernel32.lib(KERNEL32.dll) : warning LNK4208: “”中的 PDB 格式不兼容；删除并重新生成；正在链接对象，如同没有调试信息一样
ffCompress.lib(ffCompress.dll) : warning LNK4208: “”中的 PDB 格式不兼容；删除并重新生成；正在链接对象，如同没有调试信息一样
ffCompress.lib(ffCompress.dll) : warning LNK4208: “”中的 PDB 格式不兼容；删除并重新生成；正在链接对象，如同没有调试信息一样
ffCompress.lib(ffCompress.dll) : warning LNK4208: “”中的 PDB 格式不兼容；删除并重新生成；正在链接对象，如同没有调试信息一样
ffCompress.lib(ffCompress.dll) : warning LNK4208: “”中的 PDB 格式不兼容；删除并重新生成；正在链接对象，如同没有调试信息一样
ffCompress.lib(ffCompress.dll) : warning LNK4208: “”中的 PDB 格式不兼容；删除并重新生成；正在链接对象，如同没有调试信息一样
ffCompress.lib(ffCompress.dll) : warning LNK4208: “”中的 PDB 格式不兼容；删除并重新生成；正在链接对象，如同没有调试信息一样
qisPublic.lib(qisPublic.dll) : warning LNK4208: “”中的 PDB 格式不兼容；删除并重新生成；正在链接对象，如同没有调试信息一样
qisPublic.lib(qisPublic.dll) : warning LNK4208: “”中的 PDB 格式不兼容；删除并重新生成；正在链接对象，如同没有调试信息一样
qisPublic.lib(qisPublic.dll) : warning LNK4208: “”中的 PDB 格式不兼容；删除并重新生成；正在链接对象，如同没有调试信息一样
qisPublic.lib(qisPublic.dll) : warning LNK4208: “”中的 PDB 格式不兼容；删除并重新生成；正在链接对象，如同没有调试信息一样
qisPublic.lib(qisPublic.dll) : warning LNK4208: “”中的 PDB 格式不兼容；删除并重新生成；正在链接对象，如同没有调试信息一样
qisPublic.lib(qisPublic.dll) : warning LNK4208: “”中的 PDB 格式不兼容；删除并重新生成；正在链接对象，如同没有调试信息一样
qisPublic.lib(qisPublic.dll) : warning LNK4208: “”中的 PDB 格式不兼容；删除并重新生成；正在链接对象，如同没有调试信息一样
qisPublic.lib(qisPublic.dll) : warning LNK4208: “”中的 PDB 格式不兼容；删除并重新生成；正在链接对象，如同没有调试信息一样
qisPublic.lib(qisPublic.dll) : warning LNK4208: “”中的 PDB 格式不兼容；删除并重新生成；正在链接对象，如同没有调试信息一样
qisPublic.lib(qisPublic.dll) : warning LNK4208: “”中的 PDB 格式不兼容；删除并重新生成；正在链接对象，如同没有调试信息一样
qisPublic.lib(qisPublic.dll) : warning LNK4208: “”中的 PDB 格式不兼容；删除并重新生成；正在链接对象，如同没有调试信息一样
qisPublic.lib(qisPublic.dll) : warning LNK4208: “”中的 PDB 格式不兼容；删除并重新生成；正在链接对象，如同没有调试信息一样
qisPublic.lib(qisPublic.dll) : warning LNK4208: “”中的 PDB 格式不兼容；删除并重新生成；正在链接对象，如同没有调试信息一样
qisPublic.lib(qisPublic.dll) : warning LNK4208: “”中的 PDB 格式不兼容；删除并重新生成；正在链接对象，如同没有调试信息一样
qisPublic.lib(qisPublic.dll) : warning LNK4208: “”中的 PDB 格式不兼容；删除并重新生成；正在链接对象，如同没有调试信息一样
qisPublic.lib(qisPublic.dll) : warning LNK4208: “”中的 PDB 格式不兼容；删除并重新生成；正在链接对象，如同没有调试信息一样
qisPublic.lib(qisPublic.dll) : warning LNK4208: “”中的 PDB 格式不兼容；删除并重新生成；正在链接对象，如同没有调试信息一样
qisPublic.lib(qisPublic.dll) : warning LNK4208: “”中的 PDB 格式不兼容；删除并重新生成；正在链接对象，如同没有调试信息一样
qisPublic.lib(qisPublic.dll) : warning LNK4208: “”中的 PDB 格式不兼容；删除并重新生成；正在链接对象，如同没有调试信息一样
qisPublic.lib(qisPublic.dll) : warning LNK4208: “”中的 PDB 格式不兼容；删除并重新生成；正在链接对象，如同没有调试信息一样
qisPublic.lib(qisPublic.dll) : warning LNK4208: “”中的 PDB 格式不兼容；删除并重新生成；正在链接对象，如同没有调试信息一样
qisPublic.lib(qisPublic.dll) : warning LNK4208: “”中的 PDB 格式不兼容；删除并重新生成；正在链接对象，如同没有调试信息一样
qisPublic.lib(qisPublic.dll) : warning LNK4208: “”中的 PDB 格式不兼容；删除并重新生成；正在链接对象，如同没有调试信息一样
qisPublic.lib(qisPublic.dll) : warning LNK4208: “”中的 PDB 格式不兼容；删除并重新生成；正在链接对象，如同没有调试信息一样
qisPublic.lib(qisPublic.dll) : warning LNK4208: “”中的 PDB 格式不兼容；删除并重新生成；正在链接对象，如同没有调试信息一样
qisPublic.lib(qisPublic.dll) : warning LNK4208: “”中的 PDB 格式不兼容；删除并重新生成；正在链接对象，如同没有调试信息一样
qisPublic.lib(qisPublic.dll) : warning LNK4208: “”中的 PDB 格式不兼容；删除并重新生成；正在链接对象，如同没有调试信息一样
qisPublic.lib(qisPublic.dll) : warning LNK4208: “”中的 PDB 格式不兼容；删除并重新生成；正在链接对象，如同没有调试信息一样
qisPublic.lib(qisPublic.dll) : warning LNK4208: “”中的 PDB 格式不兼容；删除并重新生成；正在链接对象，如同没有调试信息一样
qisPublic.lib(qisPublic.dll) : warning LNK4208: “”中的 PDB 格式不兼容；删除并重新生成；正在链接对象，如同没有调试信息一样
qisPublic.lib(qisPublic.dll) : warning LNK4208: “”中的 PDB 格式不兼容；删除并重新生成；正在链接对象，如同没有调试信息一样
qisPublic.lib(qisPublic.dll) : warning LNK4208: “”中的 PDB 格式不兼容；删除并重新生成；正在链接对象，如同没有调试信息一样
qisPublic.lib(qisPublic.dll) : warning LNK4208: “”中的 PDB 格式不兼容；删除并重新生成；正在链接对象，如同没有调试信息一样
qisPublic.lib(qisPublic.dll) : warning LNK4208: “”中的 PDB 格式不兼容；删除并重新生成；正在链接对象，如同没有调试信息一样
qisPublic.lib(qisPublic.dll) : warning LNK4208: “”中的 PDB 格式不兼容；删除并重新生成；正在链接对象，如同没有调试信息一样
qisPublic.lib(qisPublic.dll) : warning LNK4208: “”中的 PDB 格式不兼容；删除并重新生成；正在链接对象，如同没有调试信息一样
qisPublic.lib(qisPublic.dll) : warning LNK4208: “”中的 PDB 格式不兼容；删除并重新生成；正在链接对象，如同没有调试信息一样
qisPublic.lib(qisPublic.dll) : warning LNK4208: “”中的 PDB 格式不兼容；删除并重新生成；正在链接对象，如同没有调试信息一样
qisPublic.lib(qisPublic.dll) : warning LNK4208: “”中的 PDB 格式不兼容；删除并重新生成；正在链接对象，如同没有调试信息一样
qisPublic.lib(qisPublic.dll) : warning LNK4208: “”中的 PDB 格式不兼容；删除并重新生成；正在链接对象，如同没有调试信息一样
qisPublic.lib(qisPublic.dll) : warning LNK4208: “”中的 PDB 格式不兼容；删除并重新生成；正在链接对象，如同没有调试信息一样
qisPublic.lib(qisPublic.dll) : warning LNK4208: “”中的 PDB 格式不兼容；删除并重新生成；正在链接对象，如同没有调试信息一样
qisPublic.lib(qisPublic.dll) : warning LNK4208: “”中的 PDB 格式不兼容；删除并重新生成；正在链接对象，如同没有调试信息一样
qisPublic.lib(qisPublic.dll) : warning LNK4208: “”中的 PDB 格式不兼容；删除并重新生成；正在链接对象，如同没有调试信息一样
qisPublic.lib(qisPublic.dll) : warning LNK4208: “”中的 PDB 格式不兼容；删除并重新生成；正在链接对象，如同没有调试信息一样
qisPublic.lib(qisPublic.dll) : warning LNK4208: “”中的 PDB 格式不兼容；删除并重新生成；正在链接对象，如同没有调试信息一样
qisPublic.lib(qisPublic.dll) : warning LNK4208: “”中的 PDB 格式不兼容；删除并重新生成；正在链接对象，如同没有调试信息一样
qisPublic.lib(qisPublic.dll) : warning LNK4208: “”中的 PDB 格式不兼容；删除并重新生成；正在链接对象，如同没有调试信息一样
qisPublic.lib(qisPublic.dll) : warning LNK4208: “”中的 PDB 格式不兼容；删除并重新生成；正在链接对象，如同没有调试信息一样
qisPublic.lib(qisPublic.dll) : warning LNK4208: “”中的 PDB 格式不兼容；删除并重新生成；正在链接对象，如同没有调试信息一样
qisPublic.lib(qisPublic.dll) : warning LNK4208: “”中的 PDB 格式不兼容；删除并重新生成；正在链接对象，如同没有调试信息一样
qisPublic.lib(qisPublic.dll) : warning LNK4208: “”中的 PDB 格式不兼容；删除并重新生成；正在链接对象，如同没有调试信息一样
qisPublic.lib(qisPublic.dll) : warning LNK4208: “”中的 PDB 格式不兼容；删除并重新生成；正在链接对象，如同没有调试信息一样
qisPublic.lib(qisPublic.dll) : warning LNK4208: “”中的 PDB 格式不兼容；删除并重新生成；正在链接对象，如同没有调试信息一样
qisPublic.lib(qisPublic.dll) : warning LNK4208: “”中的 PDB 格式不兼容；删除并重新生成；正在链接对象，如同没有调试信息一样
qisPublic.lib(qisPublic.dll) : warning LNK4208: “”中的 PDB 格式不兼容；删除并重新生成；正在链接对象，如同没有调试信息一样
qisPublic.lib(qisPublic.dll) : warning LNK4208: “”中的 PDB 格式不兼容；删除并重新生成；正在链接对象，如同没有调试信息一样
qisPublic.lib(qisPublic.dll) : warning LNK4208: “”中的 PDB 格式不兼容；删除并重新生成；正在链接对象，如同没有调试信息一样
qisPublic.lib(qisPublic.dll) : warning LNK4208: “”中的 PDB 格式不兼容；删除并重新生成；正在链接对象，如同没有调试信息一样
qisPublic.lib(qisPublic.dll) : warning LNK4208: “”中的 PDB 格式不兼容；删除并重新生成；正在链接对象，如同没有调试信息一样
qisPublic.lib(qisPublic.dll) : warning LNK4208: “”中的 PDB 格式不兼容；删除并重新生成；正在链接对象，如同没有调试信息一样
qisPublic.lib(qisPublic.dll) : warning LNK4208: “”中的 PDB 格式不兼容；删除并重新生成；正在链接对象，如同没有调试信息一样
qisPublic.lib(qisPublic.dll) : warning LNK4208: “”中的 PDB 格式不兼容；删除并重新生成；正在链接对象，如同没有调试信息一样
qisPublic.lib(qisPublic.dll) : warning LNK4208: “”中的 PDB 格式不兼容；删除并重新生成；正在链接对象，如同没有调试信息一样
qisPublic.lib(qisPublic.dll) : warning LNK4208: “”中的 PDB 格式不兼容；删除并重新生成；正在链接对象，如同没有调试信息一样
qisPublic.lib(qisPublic.dll) : warning LNK4208: “”中的 PDB 格式不兼容；删除并重新生成；正在链接对象，如同没有调试信息一样
qisPublic.lib(qisPublic.dll) : warning LNK4208: “”中的 PDB 格式不兼容；删除并重新生成；正在链接对象，如同没有调试信息一样
qisPublic.lib(qisPublic.dll) : warning LNK4208: “”中的 PDB 格式不兼容；删除并重新生成；正在链接对象，如同没有调试信息一样
qisPublic.lib(qisPublic.dll) : warning LNK4208: “”中的 PDB 格式不兼容；删除并重新生成；正在链接对象，如同没有调试信息一样
qisPublic.lib(qisPublic.dll) : warning LNK4208: “”中的 PDB 格式不兼容；删除并重新生成；正在链接对象，如同没有调试信息一样
qisPublic.lib(qisPublic.dll) : warning LNK4208: “”中的 PDB 格式不兼容；删除并重新生成；正在链接对象，如同没有调试信息一样
qisPublic.lib(qisPublic.dll) : warning LNK4208: “”中的 PDB 格式不兼容；删除并重新生成；正在链接对象，如同没有调试信息一样
MSVCRTD.lib(stack.obj) : warning LNK4208: “”中的 PDB 格式不兼容；删除并重新生成；正在链接对象，如同没有调试信息一样
qisPublic.lib(qisPublic.dll) : warning LNK4208: “”中的 PDB 格式不兼容；删除并重新生成；正在链接对象，如同没有调试信息一样
qisPublic.lib(qisPublic.dll) : warning LNK4208: “”中的 PDB 格式不兼容；删除并重新生成；正在链接对象，如同没有调试信息一样
MSVCRTD.lib(stack.obj) : warning LNK4208: “”中的 PDB 格式不兼容；删除并重新生成；正在链接对象，如同没有调试信息一样
MSVCRTD.lib(stack.obj) : warning LNK4208: “”中的 PDB 格式不兼容；删除并重新生成；正在链接对象，如同没有调试信息一样
MSVCRTD.lib(stack.obj) : warning LNK4208: “”中的 PDB 格式不兼容；删除并重新生成；正在链接对象，如同没有调试信息一样
MSVCRTD.lib(stack.obj) : warning LNK4208: “”中的 PDB 格式不兼容；删除并重新生成；正在链接对象，如同没有调试信息一样
MSVCRTD.lib(init.obj) : warning LNK4208: “”中的 PDB 格式不兼容；删除并重新生成；正在链接对象，如同没有调试信息一样
MSVCRTD.lib(init.obj) : warning LNK4208: “”中的 PDB 格式不兼容；删除并重新生成；正在链接对象，如同没有调试信息一样
MSVCRTD.lib(init.obj) : warning LNK4208: “”中的 PDB 格式不兼容；删除并重新生成；正在链接对象，如同没有调试信息一样
MSVCRTD.lib(init.obj) : warning LNK4208: “”中的 PDB 格式不兼容；删除并重新生成；正在链接对象，如同没有调试信息一样
MSVCRTD.lib(init.obj) : warning LNK4208: “”中的 PDB 格式不兼容；删除并重新生成；正在链接对象，如同没有调试信息一样
MSVCRTD.lib(init.obj) : warning LNK4208: “”中的 PDB 格式不兼容；删除并重新生成；正在链接对象，如同没有调试信息一样
MSVCRTD.lib(init.obj) : warning LNK4208: “”中的 PDB 格式不兼容；删除并重新生成；正在链接对象，如同没有调试信息一样
MSVCRTD.lib(init.obj) : warning LNK4208: “”中的 PDB 格式不兼容；删除并重新生成；正在链接对象，如同没有调试信息一样
MSVCRTD.lib(init.obj) : warning LNK4208: “”中的 PDB 格式不兼容；删除并重新生成；正在链接对象，如同没有调试信息一样
MSVCRTD.lib(init.obj) : warning LNK4208: “”中的 PDB 格式不兼容；删除并重新生成；正在链接对象，如同没有调试信息一样
MSVCRTD.lib(init.obj) : warning LNK4208: “”中的 PDB 格式不兼容；删除并重新生成；正在链接对象，如同没有调试信息一样
MSVCRTD.lib(init.obj) : warning LNK4208: “”中的 PDB 格式不兼容；删除并重新生成；正在链接对象，如同没有调试信息一样
MSVCRTD.lib(init.obj) : warning LNK4208: “”中的 PDB 格式不兼容；删除并重新生成；正在链接对象，如同没有调试信息一样
MSVCRTD.lib(init.obj) : warning LNK4208: “”中的 PDB 格式不兼容；删除并重新生成；正在链接对象，如同没有调试信息一样
MSVCRTD.lib(init.obj) : warning LNK4208: “”中的 PDB 格式不兼容；删除并重新生成；正在链接对象，如同没有调试信息一样
MSVCRTD.lib(init.obj) : warning LNK4208: “”中的 PDB 格式不兼容；删除并重新生成；正在链接对象，如同没有调试信息一样
MSVCRTD.lib(init.obj) : warning LNK4208: “”中的 PDB 格式不兼容；删除并重新生成；正在链接对象，如同没有调试信息一样
MSVCRTD.lib(init.obj) : warning LNK4208: “”中的 PDB 格式不兼容；删除并重新生成；正在链接对象，如同没有调试信息一样
MSVCRTD.lib(init.obj) : warning LNK4208: “”中的 PDB 格式不兼容；删除并重新生成；正在链接对象，如同没有调试信息一样
MSVCRTD.lib(init.obj) : warning LNK4208: “”中的 PDB 格式不兼容；删除并重新生成；正在链接对象，如同没有调试信息一样
MSVCRTD.lib(init.obj) : warning LNK4208: “”中的 PDB 格式不兼容；删除并重新生成；正在链接对象，如同没有调试信息一样
MSVCRTD.lib(init.obj) : warning LNK4208: “”中的 PDB 格式不兼容；删除并重新生成；正在链接对象，如同没有调试信息一样
MSVCRTD.lib(init.obj) : warning LNK4208: “”中的 PDB 格式不兼容；删除并重新生成；正在链接对象，如同没有调试信息一样
MSVCRTD.lib(init.obj) : warning LNK4208: “”中的 PDB 格式不兼容；删除并重新生成；正在链接对象，如同没有调试信息一样
MSVCRTD.lib(init.obj) : warning LNK4208: “”中的 PDB 格式不兼容；删除并重新生成；正在链接对象，如同没有调试信息一样
MSVCRTD.lib(debugger_jmc.obj) : warning LNK4208: “”中的 PDB 格式不兼容；删除并重新生成；正在链接对象，如同没有调试信息一样
MSVCRTD.lib(debugger_jmc.obj) : warning LNK4208: “”中的 PDB 格式不兼容；删除并重新生成；正在链接对象，如同没有调试信息一样
MSVCRTD.lib(debugger_jmc.obj) : warning LNK4208: “”中的 PDB 格式不兼容；删除并重新生成；正在链接对象，如同没有调试信息一样
MSVCRTD.lib(debugger_jmc.obj) : warning LNK4208: “”中的 PDB 格式不兼容；删除并重新生成；正在链接对象，如同没有调试信息一样
MSVCRTD.lib(debugger_jmc.obj) : warning LNK4208: “”中的 PDB 格式不兼容；删除并重新生成；正在链接对象，如同没有调试信息一样
MSVCRTD.lib(debugger_jmc.obj) : warning LNK4208: “”中的 PDB 格式不兼容；删除并重新生成；正在链接对象，如同没有调试信息一样
MSVCRTD.lib(init.obj) : warning LNK4208: “”中的 PDB 格式不兼容；删除并重新生成；正在链接对象，如同没有调试信息一样
MSVCRTD.lib(debugger_jmc.obj) : warning LNK4208: “”中的 PDB 格式不兼容；删除并重新生成；正在链接对象，如同没有调试信息一样
MSVCRTD.lib(debugger_jmc.obj) : warning LNK4208: “”中的 PDB 格式不兼容；删除并重新生成；正在链接对象，如同没有调试信息一样
MSVCRTD.lib(debugger_jmc.obj) : warning LNK4208: “”中的 PDB 格式不兼容；删除并重新生成；正在链接对象，如同没有调试信息一样
MSVCRTD.lib(debugger_jmc.obj) : warning LNK4208: “”中的 PDB 格式不兼容；删除并重新生成；正在链接对象，如同没有调试信息一样
MSVCRTD.lib(gshandler.obj) : warning LNK4208: “”中的 PDB 格式不兼容；删除并重新生成；正在链接对象，如同没有调试信息一样
MSVCRTD.lib(gshandler.obj) : warning LNK4208: “”中的 PDB 格式不兼容；删除并重新生成；正在链接对象，如同没有调试信息一样
MSVCRTD.lib(gshandler.obj) : warning LNK4208: “”中的 PDB 格式不兼容；删除并重新生成；正在链接对象，如同没有调试信息一样
MSVCRTD.lib(gshandler.obj) : warning LNK4208: “”中的 PDB 格式不兼容；删除并重新生成；正在链接对象，如同没有调试信息一样
MSVCRTD.lib(gshandler.obj) : warning LNK4208: “”中的 PDB 格式不兼容；删除并重新生成；正在链接对象，如同没有调试信息一样
MSVCRTD.lib(gshandler.obj) : warning LNK4208: “”中的 PDB 格式不兼容；删除并重新生成；正在链接对象，如同没有调试信息一样
MSVCRTD.lib(gshandler.obj) : warning LNK4208: “”中的 PDB 格式不兼容；删除并重新生成；正在链接对象，如同没有调试信息一样
MSVCRTD.lib(gshandler.obj) : warning LNK4208: “”中的 PDB 格式不兼容；删除并重新生成；正在链接对象，如同没有调试信息一样
MSVCRTD.lib(debugger_jmc.obj) : warning LNK4208: “”中的 PDB 格式不兼容；删除并重新生成；正在链接对象，如同没有调试信息一样
MSVCRTD.lib(gs_cookie.obj) : warning LNK4208: “”中的 PDB 格式不兼容；删除并重新生成；正在链接对象，如同没有调试信息一样
MSVCRTD.lib(gs_cookie.obj) : warning LNK4208: “”中的 PDB 格式不兼容；删除并重新生成；正在链接对象，如同没有调试信息一样
MSVCRTD.lib(gs_cookie.obj) : warning LNK4208: “”中的 PDB 格式不兼容；删除并重新生成；正在链接对象，如同没有调试信息一样
MSVCRTD.lib(gs_cookie.obj) : warning LNK4208: “”中的 PDB 格式不兼容；删除并重新生成；正在链接对象，如同没有调试信息一样
MSVCRTD.lib(amdsecgs.obj) : warning LNK4208: “”中的 PDB 格式不兼容；删除并重新生成；正在链接对象，如同没有调试信息一样
MSVCRTD.lib(fltused.obj) : warning LNK4208: “”中的 PDB 格式不兼容；删除并重新生成；正在链接对象，如同没有调试信息一样
MSVCRTD.lib(fltused.obj) : warning LNK4208: “”中的 PDB 格式不兼容；删除并重新生成；正在链接对象，如同没有调试信息一样
MSVCRTD.lib(fltused.obj) : warning LNK4208: “”中的 PDB 格式不兼容；删除并重新生成；正在链接对象，如同没有调试信息一样
MSVCRTD.lib(fltused.obj) : warning LNK4208: “”中的 PDB 格式不兼容；删除并重新生成；正在链接对象，如同没有调试信息一样
MSVCRTD.lib(fltused.obj) : warning LNK4208: “”中的 PDB 格式不兼容；删除并重新生成；正在链接对象，如同没有调试信息一样
MSVCRTD.lib(fltused.obj) : warning LNK4208: “”中的 PDB 格式不兼容；删除并重新生成；正在链接对象，如同没有调试信息一样
MSVCRTD.lib(fltused.obj) : warning LNK4208: “”中的 PDB 格式不兼容；删除并重新生成；正在链接对象，如同没有调试信息一样
MSVCRTD.lib(fltused.obj) : warning LNK4208: “”中的 PDB 格式不兼容；删除并重新生成；正在链接对象，如同没有调试信息一样
MSVCRTD.lib(fltused.obj) : warning LNK4208: “”中的 PDB 格式不兼容；删除并重新生成；正在链接对象，如同没有调试信息一样
MSVCRTD.lib(fltused.obj) : warning LNK4208: “”中的 PDB 格式不兼容；删除并重新生成；正在链接对象，如同没有调试信息一样
MSVCRTD.lib(fltused.obj) : warning LNK4208: “”中的 PDB 格式不兼容；删除并重新生成；正在链接对象，如同没有调试信息一样
MSVCRTD.lib(fltused.obj) : warning LNK4208: “”中的 PDB 格式不兼容；删除并重新生成；正在链接对象，如同没有调试信息一样
MSVCRTD.lib(fltused.obj) : warning LNK4208: “”中的 PDB 格式不兼容；删除并重新生成；正在链接对象，如同没有调试信息一样
MSVCRTD.lib(fltused.obj) : warning LNK4208: “”中的 PDB 格式不兼容；删除并重新生成；正在链接对象，如同没有调试信息一样
MSVCRTD.lib(fltused.obj) : warning LNK4208: “”中的 PDB 格式不兼容；删除并重新生成；正在链接对象，如同没有调试信息一样
MSVCRTD.lib(fltused.obj) : warning LNK4208: “”中的 PDB 格式不兼容；删除并重新生成；正在链接对象，如同没有调试信息一样
MSVCRTD.lib(fltused.obj) : warning LNK4208: “”中的 PDB 格式不兼容；删除并重新生成；正在链接对象，如同没有调试信息一样
MSVCRTD.lib(fltused.obj) : warning LNK4208: “”中的 PDB 格式不兼容；删除并重新生成；正在链接对象，如同没有调试信息一样
MSVCRTD.lib(fltused.obj) : warning LNK4208: “”中的 PDB 格式不兼容；删除并重新生成；正在链接对象，如同没有调试信息一样
MSVCRTD.lib(fltused.obj) : warning LNK4208: “”中的 PDB 格式不兼容；删除并重新生成；正在链接对象，如同没有调试信息一样
MSVCRTD.lib(fltused.obj) : warning LNK4208: “”中的 PDB 格式不兼容；删除并重新生成；正在链接对象，如同没有调试信息一样
MSVCRTD.lib(fltused.obj) : warning LNK4208: “”中的 PDB 格式不兼容；删除并重新生成；正在链接对象，如同没有调试信息一样
MSVCRTD.lib(fltused.obj) : warning LNK4208: “”中的 PDB 格式不兼容；删除并重新生成；正在链接对象，如同没有调试信息一样
MSVCRTD.lib(fltused.obj) : warning LNK4208: “”中的 PDB 格式不兼容；删除并重新生成；正在链接对象，如同没有调试信息一样
MSVCRTD.lib(fltused.obj) : warning LNK4208: “”中的 PDB 格式不兼容；删除并重新生成；正在链接对象，如同没有调试信息一样
MSVCRTD.lib(fltused.obj) : warning LNK4208: “”中的 PDB 格式不兼容；删除并重新生成；正在链接对象，如同没有调试信息一样
MSVCRTD.lib(fltused.obj) : warning LNK4208: “”中的 PDB 格式不兼容；删除并重新生成；正在链接对象，如同没有调试信息一样
MSVCRTD.lib(fltused.obj) : warning LNK4208: “”中的 PDB 格式不兼容；删除并重新生成；正在链接对象，如同没有调试信息一样
MSVCRTD.lib(fltused.obj) : warning LNK4208: “”中的 PDB 格式不兼容；删除并重新生成；正在链接对象，如同没有调试信息一样
MSVCRTD.lib(fltused.obj) : warning LNK4208: “”中的 PDB 格式不兼容；删除并重新生成；正在链接对象，如同没有调试信息一样
MSVCRTD.lib(fltused.obj) : warning LNK4208: “”中的 PDB 格式不兼容；删除并重新生成；正在链接对象，如同没有调试信息一样
MSVCRTD.lib(fltused.obj) : warning LNK4208: “”中的 PDB 格式不兼容；删除并重新生成；正在链接对象，如同没有调试信息一样
MSVCRTD.lib(ehvecdtr.obj) : warning LNK4208: “”中的 PDB 格式不兼容；删除并重新生成；正在链接对象，如同没有调试信息一样
MSVCRTD.lib(ehvecdtr.obj) : warning LNK4208: “”中的 PDB 格式不兼容；删除并重新生成；正在链接对象，如同没有调试信息一样
MSVCRTD.lib(ehvecdtr.obj) : warning LNK4208: “”中的 PDB 格式不兼容；删除并重新生成；正在链接对象，如同没有调试信息一样
MSVCRTD.lib(ehvecdtr.obj) : warning LNK4208: “”中的 PDB 格式不兼容；删除并重新生成；正在链接对象，如同没有调试信息一样
MSVCRTD.lib(ehvecdtr.obj) : warning LNK4208: “”中的 PDB 格式不兼容；删除并重新生成；正在链接对象，如同没有调试信息一样
MSVCRTD.lib(ehvecdtr.obj) : warning LNK4208: “”中的 PDB 格式不兼容；删除并重新生成；正在链接对象，如同没有调试信息一样
MSVCRTD.lib(ehvecdtr.obj) : warning LNK4208: “”中的 PDB 格式不兼容；删除并重新生成；正在链接对象，如同没有调试信息一样
MSVCRTD.lib(new_scalar.obj) : warning LNK4208: “”中的 PDB 格式不兼容；删除并重新生成；正在链接对象，如同没有调试信息一样
MSVCRTD.lib(ehvecdtr.obj) : warning LNK4208: “”中的 PDB 格式不兼容；删除并重新生成；正在链接对象，如同没有调试信息一样
MSVCRTD.lib(new_scalar.obj) : warning LNK4208: “”中的 PDB 格式不兼容；删除并重新生成；正在链接对象，如同没有调试信息一样
MSVCRTD.lib(new_scalar.obj) : warning LNK4208: “”中的 PDB 格式不兼容；删除并重新生成；正在链接对象，如同没有调试信息一样
MSVCRTD.lib(delete_scalar_size.obj) : warning LNK4208: “”中的 PDB 格式不兼容；删除并重新生成；正在链接对象，如同没有调试信息一样
MSVCRTD.lib(new_scalar.obj) : warning LNK4208: “”中的 PDB 格式不兼容；删除并重新生成；正在链接对象，如同没有调试信息一样
MSVCRTD.lib(delete_scalar_size.obj) : warning LNK4208: “”中的 PDB 格式不兼容；删除并重新生成；正在链接对象，如同没有调试信息一样
MSVCRTD.lib(delete_scalar_size.obj) : warning LNK4208: “”中的 PDB 格式不兼容；删除并重新生成；正在链接对象，如同没有调试信息一样
MSVCRTD.lib(delete_scalar_size.obj) : warning LNK4208: “”中的 PDB 格式不兼容；删除并重新生成；正在链接对象，如同没有调试信息一样
MSVCRTD.lib(delete_scalar_size.obj) : warning LNK4208: “”中的 PDB 格式不兼容；删除并重新生成；正在链接对象，如同没有调试信息一样
MSVCRTD.lib(delete_scalar_size.obj) : warning LNK4208: “”中的 PDB 格式不兼容；删除并重新生成；正在链接对象，如同没有调试信息一样
MSVCRTD.lib(delete_scalar_size.obj) : warning LNK4208: “”中的 PDB 格式不兼容；删除并重新生成；正在链接对象，如同没有调试信息一样
MSVCRTD.lib(delete_scalar_size.obj) : warning LNK4208: “”中的 PDB 格式不兼容；删除并重新生成；正在链接对象，如同没有调试信息一样
MSVCRTD.lib(delete_scalar_size.obj) : warning LNK4208: “”中的 PDB 格式不兼容；删除并重新生成；正在链接对象，如同没有调试信息一样
MSVCRTD.lib(delete_scalar_size.obj) : warning LNK4208: “”中的 PDB 格式不兼容；删除并重新生成；正在链接对象，如同没有调试信息一样
MSVCRTD.lib(delete_scalar_size.obj) : warning LNK4208: “”中的 PDB 格式不兼容；删除并重新生成；正在链接对象，如同没有调试信息一样
MSVCRTD.lib(delete_scalar_size.obj) : warning LNK4208: “”中的 PDB 格式不兼容；删除并重新生成；正在链接对象，如同没有调试信息一样
MSVCRTD.lib(delete_scalar_size.obj) : warning LNK4208: “”中的 PDB 格式不兼容；删除并重新生成；正在链接对象，如同没有调试信息一样
MSVCRTD.lib(delete_scalar_size.obj) : warning LNK4208: “”中的 PDB 格式不兼容；删除并重新生成；正在链接对象，如同没有调试信息一样
MSVCRTD.lib(delete_scalar_size.obj) : warning LNK4208: “”中的 PDB 格式不兼容；删除并重新生成；正在链接对象，如同没有调试信息一样
MSVCRTD.lib(delete_scalar_size.obj) : warning LNK4208: “”中的 PDB 格式不兼容；删除并重新生成；正在链接对象，如同没有调试信息一样
MSVCRTD.lib(delete_scalar_size.obj) : warning LNK4208: “”中的 PDB 格式不兼容；删除并重新生成；正在链接对象，如同没有调试信息一样
MSVCRTD.lib(delete_scalar_size.obj) : warning LNK4208: “”中的 PDB 格式不兼容；删除并重新生成；正在链接对象，如同没有调试信息一样
MSVCRTD.lib(new_array.obj) : warning LNK4208: “”中的 PDB 格式不兼容；删除并重新生成；正在链接对象，如同没有调试信息一样
MSVCRTD.lib(new_array.obj) : warning LNK4208: “”中的 PDB 格式不兼容；删除并重新生成；正在链接对象，如同没有调试信息一样
MSVCRTD.lib(new_array.obj) : warning LNK4208: “”中的 PDB 格式不兼容；删除并重新生成；正在链接对象，如同没有调试信息一样
MSVCRTD.lib(new_array.obj) : warning LNK4208: “”中的 PDB 格式不兼容；删除并重新生成；正在链接对象，如同没有调试信息一样
MSVCRTD.lib(new_array.obj) : warning LNK4208: “”中的 PDB 格式不兼容；删除并重新生成；正在链接对象，如同没有调试信息一样
MSVCRTD.lib(new_array.obj) : warning LNK4208: “”中的 PDB 格式不兼容；删除并重新生成；正在链接对象，如同没有调试信息一样
MSVCRTD.lib(new_array.obj) : warning LNK4208: “”中的 PDB 格式不兼容；删除并重新生成；正在链接对象，如同没有调试信息一样
MSVCRTD.lib(new_array.obj) : warning LNK4208: “”中的 PDB 格式不兼容；删除并重新生成；正在链接对象，如同没有调试信息一样
MSVCRTD.lib(new_array.obj) : warning LNK4208: “”中的 PDB 格式不兼容；删除并重新生成；正在链接对象，如同没有调试信息一样
MSVCRTD.lib(new_array.obj) : warning LNK4208: “”中的 PDB 格式不兼容；删除并重新生成；正在链接对象，如同没有调试信息一样
MSVCRTD.lib(new_array.obj) : warning LNK4208: “”中的 PDB 格式不兼容；删除并重新生成；正在链接对象，如同没有调试信息一样
MSVCRTD.lib(new_array.obj) : warning LNK4208: “”中的 PDB 格式不兼容；删除并重新生成；正在链接对象，如同没有调试信息一样
MSVCRTD.lib(new_array.obj) : warning LNK4208: “”中的 PDB 格式不兼容；删除并重新生成；正在链接对象，如同没有调试信息一样
MSVCRTD.lib(ehvecdtr.obj) : warning LNK4208: “”中的 PDB 格式不兼容；删除并重新生成；正在链接对象，如同没有调试信息一样
MSVCRTD.lib(new_array.obj) : warning LNK4208: “”中的 PDB 格式不兼容；删除并重新生成；正在链接对象，如同没有调试信息一样
MSVCRTD.lib(new_array.obj) : warning LNK4208: “”中的 PDB 格式不兼容；删除并重新生成；正在链接对象，如同没有调试信息一样
MSVCRTD.lib(new_array.obj) : warning LNK4208: “”中的 PDB 格式不兼容；删除并重新生成；正在链接对象，如同没有调试信息一样
MSVCRTD.lib(new_array.obj) : warning LNK4208: “”中的 PDB 格式不兼容；删除并重新生成；正在链接对象，如同没有调试信息一样
MSVCRTD.lib(delete_array.obj) : warning LNK4208: “”中的 PDB 格式不兼容；删除并重新生成；正在链接对象，如同没有调试信息一样
MSVCRTD.lib(delete_array.obj) : warning LNK4208: “”中的 PDB 格式不兼容；删除并重新生成；正在链接对象，如同没有调试信息一样
MSVCRTD.lib(delete_array.obj) : warning LNK4208: “”中的 PDB 格式不兼容；删除并重新生成；正在链接对象，如同没有调试信息一样
MSVCRTD.lib(delete_array.obj) : warning LNK4208: “”中的 PDB 格式不兼容；删除并重新生成；正在链接对象，如同没有调试信息一样
MSVCRTD.lib(delete_array.obj) : warning LNK4208: “”中的 PDB 格式不兼容；删除并重新生成；正在链接对象，如同没有调试信息一样
MSVCRTD.lib(delete_array.obj) : warning LNK4208: “”中的 PDB 格式不兼容；删除并重新生成；正在链接对象，如同没有调试信息一样
MSVCRTD.lib(delete_array.obj) : warning LNK4208: “”中的 PDB 格式不兼容；删除并重新生成；正在链接对象，如同没有调试信息一样
MSVCRTD.lib(delete_array.obj) : warning LNK4208: “”中的 PDB 格式不兼容；删除并重新生成；正在链接对象，如同没有调试信息一样
MSVCRTD.lib(delete_array.obj) : warning LNK4208: “”中的 PDB 格式不兼容；删除并重新生成；正在链接对象，如同没有调试信息一样
MSVCRTD.lib(delete_array.obj) : warning LNK4208: “”中的 PDB 格式不兼容；删除并重新生成；正在链接对象，如同没有调试信息一样
MSVCRTD.lib(delete_array.obj) : warning LNK4208: “”中的 PDB 格式不兼容；删除并重新生成；正在链接对象，如同没有调试信息一样
MSVCRTD.lib(delete_array.obj) : warning LNK4208: “”中的 PDB 格式不兼容；删除并重新生成；正在链接对象，如同没有调试信息一样
MSVCRTD.lib(delete_array.obj) : warning LNK4208: “”中的 PDB 格式不兼容；删除并重新生成；正在链接对象，如同没有调试信息一样
MSVCRTD.lib(delete_array.obj) : warning LNK4208: “”中的 PDB 格式不兼容；删除并重新生成；正在链接对象，如同没有调试信息一样
MSVCRTD.lib(delete_array.obj) : warning LNK4208: “”中的 PDB 格式不兼容；删除并重新生成；正在链接对象，如同没有调试信息一样
MSVCRTD.lib(delete_array.obj) : warning LNK4208: “”中的 PDB 格式不兼容；删除并重新生成；正在链接对象，如同没有调试信息一样
MSVCRTD.lib(delete_array.obj) : warning LNK4208: “”中的 PDB 格式不兼容；删除并重新生成；正在链接对象，如同没有调试信息一样
MSVCRTD.lib(delete_array.obj) : warning LNK4208: “”中的 PDB 格式不兼容；删除并重新生成；正在链接对象，如同没有调试信息一样
MSVCRTD.lib(delete_array.obj) : warning LNK4208: “”中的 PDB 格式不兼容；删除并重新生成；正在链接对象，如同没有调试信息一样
MSVCRTD.lib(delete_array.obj) : warning LNK4208: “”中的 PDB 格式不兼容；删除并重新生成；正在链接对象，如同没有调试信息一样
MSVCRTD.lib(delete_array.obj) : warning LNK4208: “”中的 PDB 格式不兼容；删除并重新生成；正在链接对象，如同没有调试信息一样
MSVCRTD.lib(delete_array.obj) : warning LNK4208: “”中的 PDB 格式不兼容；删除并重新生成；正在链接对象，如同没有调试信息一样
MSVCRTD.lib(delete_array.obj) : warning LNK4208: “”中的 PDB 格式不兼容；删除并重新生成；正在链接对象，如同没有调试信息一样
MSVCRTD.lib(delete_array_size.obj) : warning LNK4208: “”中的 PDB 格式不兼容；删除并重新生成；正在链接对象，如同没有调试信息一样
MSVCRTD.lib(delete_array_size.obj) : warning LNK4208: “”中的 PDB 格式不兼容；删除并重新生成；正在链接对象，如同没有调试信息一样
MSVCRTD.lib(delete_array_size.obj) : warning LNK4208: “”中的 PDB 格式不兼容；删除并重新生成；正在链接对象，如同没有调试信息一样
MSVCRTD.lib(delete_array_size.obj) : warning LNK4208: “”中的 PDB 格式不兼容；删除并重新生成；正在链接对象，如同没有调试信息一样
MSVCRTD.lib(gshandlereh4.obj) : warning LNK4208: “”中的 PDB 格式不兼容；删除并重新生成；正在链接对象，如同没有调试信息一样
MSVCRTD.lib(gshandlereh4.obj) : warning LNK4208: “”中的 PDB 格式不兼容；删除并重新生成；正在链接对象，如同没有调试信息一样
MSVCRTD.lib(gshandlereh4.obj) : warning LNK4208: “”中的 PDB 格式不兼容；删除并重新生成；正在链接对象，如同没有调试信息一样
MSVCRTD.lib(gshandlereh4.obj) : warning LNK4208: “”中的 PDB 格式不兼容；删除并重新生成；正在链接对象，如同没有调试信息一样
MSVCRTD.lib(gshandlereh4.obj) : warning LNK4208: “”中的 PDB 格式不兼容；删除并重新生成；正在链接对象，如同没有调试信息一样
MSVCRTD.lib(gshandlereh4.obj) : warning LNK4208: “”中的 PDB 格式不兼容；删除并重新生成；正在链接对象，如同没有调试信息一样
MSVCRTD.lib(std_type_info_static.obj) : warning LNK4208: “”中的 PDB 格式不兼容；删除并重新生成；正在链接对象，如同没有调试信息一样
MSVCRTD.lib(std_type_info_static.obj) : warning LNK4208: “”中的 PDB 格式不兼容；删除并重新生成；正在链接对象，如同没有调试信息一样
MSVCRTD.lib(std_type_info_static.obj) : warning LNK4208: “”中的 PDB 格式不兼容；删除并重新生成；正在链接对象，如同没有调试信息一样
MSVCRTD.lib(std_type_info_static.obj) : warning LNK4208: “”中的 PDB 格式不兼容；删除并重新生成；正在链接对象，如同没有调试信息一样
MSVCRTD.lib(std_type_info_static.obj) : warning LNK4208: “”中的 PDB 格式不兼容；删除并重新生成；正在链接对象，如同没有调试信息一样
MSVCRTD.lib(dll_dllmain.obj) : warning LNK4208: “”中的 PDB 格式不兼容；删除并重新生成；正在链接对象，如同没有调试信息一样
MSVCRTD.lib(dll_dllmain.obj) : warning LNK4208: “”中的 PDB 格式不兼容；删除并重新生成；正在链接对象，如同没有调试信息一样
MSVCRTD.lib(dll_dllmain.obj) : warning LNK4208: “”中的 PDB 格式不兼容；删除并重新生成；正在链接对象，如同没有调试信息一样
MSVCRTD.lib(dll_dllmain.obj) : warning LNK4208: “”中的 PDB 格式不兼容；删除并重新生成；正在链接对象，如同没有调试信息一样
MSVCRTD.lib(dll_dllmain.obj) : warning LNK4208: “”中的 PDB 格式不兼容；删除并重新生成；正在链接对象，如同没有调试信息一样
MSVCRTD.lib(dll_dllmain.obj) : warning LNK4208: “”中的 PDB 格式不兼容；删除并重新生成；正在链接对象，如同没有调试信息一样
MSVCRTD.lib(dll_dllmain.obj) : warning LNK4208: “”中的 PDB 格式不兼容；删除并重新生成；正在链接对象，如同没有调试信息一样
MSVCRTD.lib(dll_dllmain.obj) : warning LNK4208: “”中的 PDB 格式不兼容；删除并重新生成；正在链接对象，如同没有调试信息一样
MSVCRTD.lib(dll_dllmain.obj) : warning LNK4208: “”中的 PDB 格式不兼容；删除并重新生成；正在链接对象，如同没有调试信息一样
MSVCRTD.lib(dll_dllmain.obj) : warning LNK4208: “”中的 PDB 格式不兼容；删除并重新生成；正在链接对象，如同没有调试信息一样
MSVCRTD.lib(dll_dllmain.obj) : warning LNK4208: “”中的 PDB 格式不兼容；删除并重新生成；正在链接对象，如同没有调试信息一样
MSVCRTD.lib(dll_dllmain.obj) : warning LNK4208: “”中的 PDB 格式不兼容；删除并重新生成；正在链接对象，如同没有调试信息一样
MSVCRTD.lib(gs_report.obj) : warning LNK4208: “”中的 PDB 格式不兼容；删除并重新生成；正在链接对象，如同没有调试信息一样
MSVCRTD.lib(gs_report.obj) : warning LNK4208: “”中的 PDB 格式不兼容；删除并重新生成；正在链接对象，如同没有调试信息一样
MSVCRTD.lib(gs_report.obj) : warning LNK4208: “”中的 PDB 格式不兼容；删除并重新生成；正在链接对象，如同没有调试信息一样
MSVCRTD.lib(gs_report.obj) : warning LNK4208: “”中的 PDB 格式不兼容；删除并重新生成；正在链接对象，如同没有调试信息一样
MSVCRTD.lib(gs_report.obj) : warning LNK4208: “”中的 PDB 格式不兼容；删除并重新生成；正在链接对象，如同没有调试信息一样
MSVCRTD.lib(gs_report.obj) : warning LNK4208: “”中的 PDB 格式不兼容；删除并重新生成；正在链接对象，如同没有调试信息一样
MSVCRTD.lib(gs_report.obj) : warning LNK4208: “”中的 PDB 格式不兼容；删除并重新生成；正在链接对象，如同没有调试信息一样
MSVCRTD.lib(gs_report.obj) : warning LNK4208: “”中的 PDB 格式不兼容；删除并重新生成；正在链接对象，如同没有调试信息一样
MSVCRTD.lib(gs_report.obj) : warning LNK4208: “”中的 PDB 格式不兼容；删除并重新生成；正在链接对象，如同没有调试信息一样
MSVCRTD.lib(gs_report.obj) : warning LNK4208: “”中的 PDB 格式不兼容；删除并重新生成；正在链接对象，如同没有调试信息一样
MSVCRTD.lib(gs_report.obj) : warning LNK4208: “”中的 PDB 格式不兼容；删除并重新生成；正在链接对象，如同没有调试信息一样
MSVCRTD.lib(gs_report.obj) : warning LNK4208: “”中的 PDB 格式不兼容；删除并重新生成；正在链接对象，如同没有调试信息一样
MSVCRTD.lib(gs_report.obj) : warning LNK4208: “”中的 PDB 格式不兼容；删除并重新生成；正在链接对象，如同没有调试信息一样
MSVCRTD.lib(error.obj) : warning LNK4208: “”中的 PDB 格式不兼容；删除并重新生成；正在链接对象，如同没有调试信息一样
MSVCRTD.lib(error.obj) : warning LNK4208: “”中的 PDB 格式不兼容；删除并重新生成；正在链接对象，如同没有调试信息一样
MSVCRTD.lib(error.obj) : warning LNK4208: “”中的 PDB 格式不兼容；删除并重新生成；正在链接对象，如同没有调试信息一样
MSVCRTD.lib(error.obj) : warning LNK4208: “”中的 PDB 格式不兼容；删除并重新生成；正在链接对象，如同没有调试信息一样
MSVCRTD.lib(error.obj) : warning LNK4208: “”中的 PDB 格式不兼容；删除并重新生成；正在链接对象，如同没有调试信息一样
MSVCRTD.lib(error.obj) : warning LNK4208: “”中的 PDB 格式不兼容；删除并重新生成；正在链接对象，如同没有调试信息一样
MSVCRTD.lib(error.obj) : warning LNK4208: “”中的 PDB 格式不兼容；删除并重新生成；正在链接对象，如同没有调试信息一样
MSVCRTD.lib(error.obj) : warning LNK4208: “”中的 PDB 格式不兼容；删除并重新生成；正在链接对象，如同没有调试信息一样
MSVCRTD.lib(error.obj) : warning LNK4208: “”中的 PDB 格式不兼容；删除并重新生成；正在链接对象，如同没有调试信息一样
MSVCRTD.lib(ehvecctr.obj) : warning LNK4208: “”中的 PDB 格式不兼容；删除并重新生成；正在链接对象，如同没有调试信息一样
MSVCRTD.lib(ehvecctr.obj) : warning LNK4208: “”中的 PDB 格式不兼容；删除并重新生成；正在链接对象，如同没有调试信息一样
MSVCRTD.lib(userapi.obj) : warning LNK4208: “”中的 PDB 格式不兼容；删除并重新生成；正在链接对象，如同没有调试信息一样
MSVCRTD.lib(userapi.obj) : warning LNK4208: “”中的 PDB 格式不兼容；删除并重新生成；正在链接对象，如同没有调试信息一样
MSVCRTD.lib(userapi.obj) : warning LNK4208: “”中的 PDB 格式不兼容；删除并重新生成；正在链接对象，如同没有调试信息一样
MSVCRTD.lib(userapi.obj) : warning LNK4208: “”中的 PDB 格式不兼容；删除并重新生成；正在链接对象，如同没有调试信息一样
MSVCRTD.lib(userapi.obj) : warning LNK4208: “”中的 PDB 格式不兼容；删除并重新生成；正在链接对象，如同没有调试信息一样
MSVCRTD.lib(userapi.obj) : warning LNK4208: “”中的 PDB 格式不兼容；删除并重新生成；正在链接对象，如同没有调试信息一样
MSVCRTD.lib(userapi.obj) : warning LNK4208: “”中的 PDB 格式不兼容；删除并重新生成；正在链接对象，如同没有调试信息一样
MSVCRTD.lib(guard_support.obj) : warning LNK4208: “”中的 PDB 格式不兼容；删除并重新生成；正在链接对象，如同没有调试信息一样
MSVCRTD.lib(guard_support.obj) : warning LNK4208: “”中的 PDB 格式不兼容；删除并重新生成；正在链接对象，如同没有调试信息一样
MSVCRTD.lib(guard_support.obj) : warning LNK4208: “”中的 PDB 格式不兼容；删除并重新生成；正在链接对象，如同没有调试信息一样
MSVCRTD.lib(guard_support.obj) : warning LNK4208: “”中的 PDB 格式不兼容；删除并重新生成；正在链接对象，如同没有调试信息一样
MSVCRTD.lib(guard_support.obj) : warning LNK4208: “”中的 PDB 格式不兼容；删除并重新生成；正在链接对象，如同没有调试信息一样
MSVCRTD.lib(guard_support.obj) : warning LNK4208: “”中的 PDB 格式不兼容；删除并重新生成；正在链接对象，如同没有调试信息一样
MSVCRTD.lib(guard_support.obj) : warning LNK4208: “”中的 PDB 格式不兼容；删除并重新生成；正在链接对象，如同没有调试信息一样
MSVCRTD.lib(guard_support.obj) : warning LNK4208: “”中的 PDB 格式不兼容；删除并重新生成；正在链接对象，如同没有调试信息一样
MSVCRTD.lib(guard_support.obj) : warning LNK4208: “”中的 PDB 格式不兼容；删除并重新生成；正在链接对象，如同没有调试信息一样
MSVCRTD.lib(guard_support.obj) : warning LNK4208: “”中的 PDB 格式不兼容；删除并重新生成；正在链接对象，如同没有调试信息一样
MSVCRTD.lib(guard_support.obj) : warning LNK4208: “”中的 PDB 格式不兼容；删除并重新生成；正在链接对象，如同没有调试信息一样
MSVCRTD.lib(guard_support.obj) : warning LNK4208: “”中的 PDB 格式不兼容；删除并重新生成；正在链接对象，如同没有调试信息一样
MSVCRTD.lib(throw_bad_alloc.obj) : warning LNK4208: “”中的 PDB 格式不兼容；删除并重新生成；正在链接对象，如同没有调试信息一样
MSVCRTD.lib(throw_bad_alloc.obj) : warning LNK4208: “”中的 PDB 格式不兼容；删除并重新生成；正在链接对象，如同没有调试信息一样
MSVCRTD.lib(throw_bad_alloc.obj) : warning LNK4208: “”中的 PDB 格式不兼容；删除并重新生成；正在链接对象，如同没有调试信息一样
MSVCRTD.lib(throw_bad_alloc.obj) : warning LNK4208: “”中的 PDB 格式不兼容；删除并重新生成；正在链接对象，如同没有调试信息一样
MSVCRTD.lib(throw_bad_alloc.obj) : warning LNK4208: “”中的 PDB 格式不兼容；删除并重新生成；正在链接对象，如同没有调试信息一样
MSVCRTD.lib(throw_bad_alloc.obj) : warning LNK4208: “”中的 PDB 格式不兼容；删除并重新生成；正在链接对象，如同没有调试信息一样
MSVCRTD.lib(delete_scalar.obj) : warning LNK4208: “”中的 PDB 格式不兼容；删除并重新生成；正在链接对象，如同没有调试信息一样
MSVCRTD.lib(delete_scalar.obj) : warning LNK4208: “”中的 PDB 格式不兼容；删除并重新生成；正在链接对象，如同没有调试信息一样
MSVCRTD.lib(delete_scalar.obj) : warning LNK4208: “”中的 PDB 格式不兼容；删除并重新生成；正在链接对象，如同没有调试信息一样
MSVCRTD.lib(throw_bad_alloc.obj) : warning LNK4208: “”中的 PDB 格式不兼容；删除并重新生成；正在链接对象，如同没有调试信息一样
MSVCRTD.lib(throw_bad_alloc.obj) : warning LNK4208: “”中的 PDB 格式不兼容；删除并重新生成；正在链接对象，如同没有调试信息一样
MSVCRTD.lib(gs_support.obj) : warning LNK4208: “”中的 PDB 格式不兼容；删除并重新生成；正在链接对象，如同没有调试信息一样
MSVCRTD.lib(gs_support.obj) : warning LNK4208: “”中的 PDB 格式不兼容；删除并重新生成；正在链接对象，如同没有调试信息一样
MSVCRTD.lib(gs_support.obj) : warning LNK4208: “”中的 PDB 格式不兼容；删除并重新生成；正在链接对象，如同没有调试信息一样
MSVCRTD.lib(delete_scalar.obj) : warning LNK4208: “”中的 PDB 格式不兼容；删除并重新生成；正在链接对象，如同没有调试信息一样
MSVCRTD.lib(gs_support.obj) : warning LNK4208: “”中的 PDB 格式不兼容；删除并重新生成；正在链接对象，如同没有调试信息一样
MSVCRTD.lib(tncleanup.obj) : warning LNK4208: “”中的 PDB 格式不兼容；删除并重新生成；正在链接对象，如同没有调试信息一样
MSVCRTD.lib(tncleanup.obj) : warning LNK4208: “”中的 PDB 格式不兼容；删除并重新生成；正在链接对象，如同没有调试信息一样
MSVCRTD.lib(tncleanup.obj) : warning LNK4208: “”中的 PDB 格式不兼容；删除并重新生成；正在链接对象，如同没有调试信息一样
MSVCRTD.lib(tncleanup.obj) : warning LNK4208: “”中的 PDB 格式不兼容；删除并重新生成；正在链接对象，如同没有调试信息一样
MSVCRTD.lib(tncleanup.obj) : warning LNK4208: “”中的 PDB 格式不兼容；删除并重新生成；正在链接对象，如同没有调试信息一样
MSVCRTD.lib(tncleanup.obj) : warning LNK4208: “”中的 PDB 格式不兼容；删除并重新生成；正在链接对象，如同没有调试信息一样
MSVCRTD.lib(tncleanup.obj) : warning LNK4208: “”中的 PDB 格式不兼容；删除并重新生成；正在链接对象，如同没有调试信息一样
MSVCRTD.lib(default_local_stdio_options.obj) : warning LNK4208: “”中的 PDB 格式不兼容；删除并重新生成；正在链接对象，如同没有调试信息一样
MSVCRTD.lib(default_local_stdio_options.obj) : warning LNK4208: “”中的 PDB 格式不兼容；删除并重新生成；正在链接对象，如同没有调试信息一样
MSVCRTD.lib(tncleanup.obj) : warning LNK4208: “”中的 PDB 格式不兼容；删除并重新生成；正在链接对象，如同没有调试信息一样
MSVCRTD.lib(default_local_stdio_options.obj) : warning LNK4208: “”中的 PDB 格式不兼容；删除并重新生成；正在链接对象，如同没有调试信息一样
MSVCRTD.lib(default_local_stdio_options.obj) : warning LNK4208: “”中的 PDB 格式不兼容；删除并重新生成；正在链接对象，如同没有调试信息一样
MSVCRTD.lib(default_local_stdio_options.obj) : warning LNK4208: “”中的 PDB 格式不兼容；删除并重新生成；正在链接对象，如同没有调试信息一样
MSVCRTD.lib(default_local_stdio_options.obj) : warning LNK4208: “”中的 PDB 格式不兼容；删除并重新生成；正在链接对象，如同没有调试信息一样
MSVCRTD.lib(default_local_stdio_options.obj) : warning LNK4208: “”中的 PDB 格式不兼容；删除并重新生成；正在链接对象，如同没有调试信息一样
MSVCRTD.lib(default_local_stdio_options.obj) : warning LNK4208: “”中的 PDB 格式不兼容；删除并重新生成；正在链接对象，如同没有调试信息一样
MSVCRTD.lib(default_local_stdio_options.obj) : warning LNK4208: “”中的 PDB 格式不兼容；删除并重新生成；正在链接对象，如同没有调试信息一样
MSVCRTD.lib(default_local_stdio_options.obj) : warning LNK4208: “”中的 PDB 格式不兼容；删除并重新生成；正在链接对象，如同没有调试信息一样
MSVCRTD.lib(default_local_stdio_options.obj) : warning LNK4208: “”中的 PDB 格式不兼容；删除并重新生成；正在链接对象，如同没有调试信息一样
MSVCRTD.lib(default_local_stdio_options.obj) : warning LNK4208: “”中的 PDB 格式不兼容；删除并重新生成；正在链接对象，如同没有调试信息一样
MSVCRTD.lib(default_local_stdio_options.obj) : warning LNK4208: “”中的 PDB 格式不兼容；删除并重新生成；正在链接对象，如同没有调试信息一样
MSVCRTD.lib(utility.obj) : warning LNK4208: “”中的 PDB 格式不兼容；删除并重新生成；正在链接对象，如同没有调试信息一样
MSVCRTD.lib(utility.obj) : warning LNK4208: “”中的 PDB 格式不兼容；删除并重新生成；正在链接对象，如同没有调试信息一样
MSVCRTD.lib(utility.obj) : warning LNK4208: “”中的 PDB 格式不兼容；删除并重新生成；正在链接对象，如同没有调试信息一样
MSVCRTD.lib(utility.obj) : warning LNK4208: “”中的 PDB 格式不兼容；删除并重新生成；正在链接对象，如同没有调试信息一样
MSVCRTD.lib(utility.obj) : warning LNK4208: “”中的 PDB 格式不兼容；删除并重新生成；正在链接对象，如同没有调试信息一样
MSVCRTD.lib(utility.obj) : warning LNK4208: “”中的 PDB 格式不兼容；删除并重新生成；正在链接对象，如同没有调试信息一样
MSVCRTD.lib(utility.obj) : warning LNK4208: “”中的 PDB 格式不兼容；删除并重新生成；正在链接对象，如同没有调试信息一样
MSVCRTD.lib(utility.obj) : warning LNK4208: “”中的 PDB 格式不兼容；删除并重新生成；正在链接对象，如同没有调试信息一样
MSVCRTD.lib(utility.obj) : warning LNK4208: “”中的 PDB 格式不兼容；删除并重新生成；正在链接对象，如同没有调试信息一样
MSVCRTD.lib(dyn_tls_init.obj) : warning LNK4208: “”中的 PDB 格式不兼容；删除并重新生成；正在链接对象，如同没有调试信息一样
MSVCRTD.lib(dyn_tls_init.obj) : warning LNK4208: “”中的 PDB 格式不兼容；删除并重新生成；正在链接对象，如同没有调试信息一样
MSVCRTD.lib(utility.obj) : warning LNK4208: “”中的 PDB 格式不兼容；删除并重新生成；正在链接对象，如同没有调试信息一样
MSVCRTD.lib(dyn_tls_init.obj) : warning LNK4208: “”中的 PDB 格式不兼容；删除并重新生成；正在链接对象，如同没有调试信息一样
MSVCRTD.lib(dyn_tls_init.obj) : warning LNK4208: “”中的 PDB 格式不兼容；删除并重新生成；正在链接对象，如同没有调试信息一样
MSVCRTD.lib(dyn_tls_init.obj) : warning LNK4208: “”中的 PDB 格式不兼容；删除并重新生成；正在链接对象，如同没有调试信息一样
MSVCRTD.lib(dyn_tls_init.obj) : warning LNK4208: “”中的 PDB 格式不兼容；删除并重新生成；正在链接对象，如同没有调试信息一样
MSVCRTD.lib(utility_desktop.obj) : warning LNK4208: “”中的 PDB 格式不兼容；删除并重新生成；正在链接对象，如同没有调试信息一样
MSVCRTD.lib(utility_desktop.obj) : warning LNK4208: “”中的 PDB 格式不兼容；删除并重新生成；正在链接对象，如同没有调试信息一样
MSVCRTD.lib(dyn_tls_init.obj) : warning LNK4208: “”中的 PDB 格式不兼容；删除并重新生成；正在链接对象，如同没有调试信息一样
MSVCRTD.lib(utility_desktop.obj) : warning LNK4208: “”中的 PDB 格式不兼容；删除并重新生成；正在链接对象，如同没有调试信息一样
MSVCRTD.lib(delete_array_size.obj) : warning LNK4208: “”中的 PDB 格式不兼容；删除并重新生成；正在链接对象，如同没有调试信息一样
MSVCRTD.lib(utility_desktop.obj) : warning LNK4208: “”中的 PDB 格式不兼容；删除并重新生成；正在链接对象，如同没有调试信息一样
MSVCRTD.lib(utility_desktop.obj) : warning LNK4208: “”中的 PDB 格式不兼容；删除并重新生成；正在链接对象，如同没有调试信息一样
MSVCRTD.lib(utility_desktop.obj) : warning LNK4208: “”中的 PDB 格式不兼容；删除并重新生成；正在链接对象，如同没有调试信息一样
MSVCRTD.lib(utility_desktop.obj) : warning LNK4208: “”中的 PDB 格式不兼容；删除并重新生成；正在链接对象，如同没有调试信息一样
MSVCRTD.lib(utility_desktop.obj) : warning LNK4208: “”中的 PDB 格式不兼容；删除并重新生成；正在链接对象，如同没有调试信息一样
MSVCRTD.lib(utility_desktop.obj) : warning LNK4208: “”中的 PDB 格式不兼容；删除并重新生成；正在链接对象，如同没有调试信息一样
MSVCRTD.lib(utility_desktop.obj) : warning LNK4208: “”中的 PDB 格式不兼容；删除并重新生成；正在链接对象，如同没有调试信息一样
MSVCRTD.lib(utility_desktop.obj) : warning LNK4208: “”中的 PDB 格式不兼容；删除并重新生成；正在链接对象，如同没有调试信息一样
MSVCRTD.lib(utility_desktop.obj) : warning LNK4208: “”中的 PDB 格式不兼容；删除并重新生成；正在链接对象，如同没有调试信息一样
MSVCRTD.lib(initsect.obj) : warning LNK4208: “”中的 PDB 格式不兼容；删除并重新生成；正在链接对象，如同没有调试信息一样
MSVCRTD.lib(initsect.obj) : warning LNK4208: “”中的 PDB 格式不兼容；删除并重新生成；正在链接对象，如同没有调试信息一样
MSVCRTD.lib(initsect.obj) : warning LNK4208: “”中的 PDB 格式不兼容；删除并重新生成；正在链接对象，如同没有调试信息一样
MSVCRTD.lib(initsect.obj) : warning LNK4208: “”中的 PDB 格式不兼容；删除并重新生成；正在链接对象，如同没有调试信息一样
MSVCRTD.lib(initsect.obj) : warning LNK4208: “”中的 PDB 格式不兼容；删除并重新生成；正在链接对象，如同没有调试信息一样
MSVCRTD.lib(initsect.obj) : warning LNK4208: “”中的 PDB 格式不兼容；删除并重新生成；正在链接对象，如同没有调试信息一样
MSVCRTD.lib(initsect.obj) : warning LNK4208: “”中的 PDB 格式不兼容；删除并重新生成；正在链接对象，如同没有调试信息一样
MSVCRTD.lib(initsect.obj) : warning LNK4208: “”中的 PDB 格式不兼容；删除并重新生成；正在链接对象，如同没有调试信息一样
MSVCRTD.lib(initsect.obj) : warning LNK4208: “”中的 PDB 格式不兼容；删除并重新生成；正在链接对象，如同没有调试信息一样
MSVCRTD.lib(initsect.obj) : warning LNK4208: “”中的 PDB 格式不兼容；删除并重新生成；正在链接对象，如同没有调试信息一样
MSVCRTD.lib(initializers.obj) : warning LNK4208: “”中的 PDB 格式不兼容；删除并重新生成；正在链接对象，如同没有调试信息一样
MSVCRTD.lib(initializers.obj) : warning LNK4208: “”中的 PDB 格式不兼容；删除并重新生成；正在链接对象，如同没有调试信息一样
MSVCRTD.lib(initializers.obj) : warning LNK4208: “”中的 PDB 格式不兼容；删除并重新生成；正在链接对象，如同没有调试信息一样
MSVCRTD.lib(initsect.obj) : warning LNK4208: “”中的 PDB 格式不兼容；删除并重新生成；正在链接对象，如同没有调试信息一样
MSVCRTD.lib(initializers.obj) : warning LNK4208: “”中的 PDB 格式不兼容；删除并重新生成；正在链接对象，如同没有调试信息一样
MSVCRTD.lib(initializers.obj) : warning LNK4208: “”中的 PDB 格式不兼容；删除并重新生成；正在链接对象，如同没有调试信息一样
MSVCRTD.lib(initializers.obj) : warning LNK4208: “”中的 PDB 格式不兼容；删除并重新生成；正在链接对象，如同没有调试信息一样
MSVCRTD.lib(initializers.obj) : warning LNK4208: “”中的 PDB 格式不兼容；删除并重新生成；正在链接对象，如同没有调试信息一样
MSVCRTD.lib(pdblkup.obj) : warning LNK4208: “”中的 PDB 格式不兼容；删除并重新生成；正在链接对象，如同没有调试信息一样
MSVCRTD.lib(pdblkup.obj) : warning LNK4208: “”中的 PDB 格式不兼容；删除并重新生成；正在链接对象，如同没有调试信息一样
MSVCRTD.lib(pdblkup.obj) : warning LNK4208: “”中的 PDB 格式不兼容；删除并重新生成；正在链接对象，如同没有调试信息一样
MSVCRTD.lib(pdblkup.obj) : warning LNK4208: “”中的 PDB 格式不兼容；删除并重新生成；正在链接对象，如同没有调试信息一样
MSVCRTD.lib(pdblkup.obj) : warning LNK4208: “”中的 PDB 格式不兼容；删除并重新生成；正在链接对象，如同没有调试信息一样
MSVCRTD.lib(pdblkup.obj) : warning LNK4208: “”中的 PDB 格式不兼容；删除并重新生成；正在链接对象，如同没有调试信息一样
MSVCRTD.lib(pdblkup.obj) : warning LNK4208: “”中的 PDB 格式不兼容；删除并重新生成；正在链接对象，如同没有调试信息一样
MSVCRTD.lib(initializers.obj) : warning LNK4208: “”中的 PDB 格式不兼容；删除并重新生成；正在链接对象，如同没有调试信息一样
MSVCRTD.lib(initializers.obj) : warning LNK4208: “”中的 PDB 格式不兼容；删除并重新生成；正在链接对象，如同没有调试信息一样
MSVCRTD.lib(initializers.obj) : warning LNK4208: “”中的 PDB 格式不兼容；删除并重新生成；正在链接对象，如同没有调试信息一样
MSVCRTD.lib(pdblkup.obj) : warning LNK4208: “”中的 PDB 格式不兼容；删除并重新生成；正在链接对象，如同没有调试信息一样
MSVCRTD.lib(pdblkup.obj) : warning LNK4208: “”中的 PDB 格式不兼容；删除并重新生成；正在链接对象，如同没有调试信息一样
MSVCRTD.lib(pdblkup.obj) : warning LNK4208: “”中的 PDB 格式不兼容；删除并重新生成；正在链接对象，如同没有调试信息一样
MSVCRTD.lib(pdblkup.obj) : warning LNK4208: “”中的 PDB 格式不兼容；删除并重新生成；正在链接对象，如同没有调试信息一样
MSVCRTD.lib(pdblkup.obj) : warning LNK4208: “”中的 PDB 格式不兼容；删除并重新生成；正在链接对象，如同没有调试信息一样
MSVCRTD.lib(pdblkup.obj) : warning LNK4208: “”中的 PDB 格式不兼容；删除并重新生成；正在链接对象，如同没有调试信息一样
MSVCRTD.lib(pdblkup.obj) : warning LNK4208: “”中的 PDB 格式不兼容；删除并重新生成；正在链接对象，如同没有调试信息一样
MSVCRTD.lib(pdblkup.obj) : warning LNK4208: “”中的 PDB 格式不兼容；删除并重新生成；正在链接对象，如同没有调试信息一样
MSVCRTD.lib(pdblkup.obj) : warning LNK4208: “”中的 PDB 格式不兼容；删除并重新生成；正在链接对象，如同没有调试信息一样
MSVCRTD.lib(pdblkup.obj) : warning LNK4208: “”中的 PDB 格式不兼容；删除并重新生成；正在链接对象，如同没有调试信息一样
MSVCRTD.lib(pdblkup.obj) : warning LNK4208: “”中的 PDB 格式不兼容；删除并重新生成；正在链接对象，如同没有调试信息一样
MSVCRTD.lib(pdblkup.obj) : warning LNK4208: “”中的 PDB 格式不兼容；删除并重新生成；正在链接对象，如同没有调试信息一样
MSVCRTD.lib(guard_dispatch.obj) : warning LNK4208: “”中的 PDB 格式不兼容；删除并重新生成；正在链接对象，如同没有调试信息一样
MSVCRTD.lib(guard_xfg_dispatch.obj) : warning LNK4208: “”中的 PDB 格式不兼容；删除并重新生成；正在链接对象，如同没有调试信息一样
MSVCRTD.lib(guard_xfg_dispatch.obj) : warning LNK4208: “”中的 PDB 格式不兼容；删除并重新生成；正在链接对象，如同没有调试信息一样
MSVCRTD.lib(guard_xfg_dispatch.obj) : warning LNK4208: “”中的 PDB 格式不兼容；删除并重新生成；正在链接对象，如同没有调试信息一样
MSVCRTD.lib(guard_xfg_dispatch.obj) : warning LNK4208: “”中的 PDB 格式不兼容；删除并重新生成；正在链接对象，如同没有调试信息一样
MSVCRTD.lib(cpu_disp.obj) : warning LNK4208: “”中的 PDB 格式不兼容；删除并重新生成；正在链接对象，如同没有调试信息一样
MSVCRTD.lib(cpu_disp.obj) : warning LNK4208: “”中的 PDB 格式不兼容；删除并重新生成；正在链接对象，如同没有调试信息一样
MSVCRTD.lib(cpu_disp.obj) : warning LNK4208: “”中的 PDB 格式不兼容；删除并重新生成；正在链接对象，如同没有调试信息一样
MSVCRTD.lib(cpu_disp.obj) : warning LNK4208: “”中的 PDB 格式不兼容；删除并重新生成；正在链接对象，如同没有调试信息一样
MSVCRTD.lib(argv_mode.obj) : warning LNK4208: “”中的 PDB 格式不兼容；删除并重新生成；正在链接对象，如同没有调试信息一样
MSVCRTD.lib(argv_mode.obj) : warning LNK4208: “”中的 PDB 格式不兼容；删除并重新生成；正在链接对象，如同没有调试信息一样
MSVCRTD.lib(argv_mode.obj) : warning LNK4208: “”中的 PDB 格式不兼容；删除并重新生成；正在链接对象，如同没有调试信息一样
MSVCRTD.lib(argv_mode.obj) : warning LNK4208: “”中的 PDB 格式不兼容；删除并重新生成；正在链接对象，如同没有调试信息一样
MSVCRTD.lib(argv_mode.obj) : warning LNK4208: “”中的 PDB 格式不兼容；删除并重新生成；正在链接对象，如同没有调试信息一样
MSVCRTD.lib(argv_mode.obj) : warning LNK4208: “”中的 PDB 格式不兼容；删除并重新生成；正在链接对象，如同没有调试信息一样
MSVCRTD.lib(argv_mode.obj) : warning LNK4208: “”中的 PDB 格式不兼容；删除并重新生成；正在链接对象，如同没有调试信息一样
MSVCRTD.lib(argv_mode.obj) : warning LNK4208: “”中的 PDB 格式不兼容；删除并重新生成；正在链接对象，如同没有调试信息一样
MSVCRTD.lib(ucrt_detection.obj) : warning LNK4208: “”中的 PDB 格式不兼容；删除并重新生成；正在链接对象，如同没有调试信息一样
MSVCRTD.lib(ucrt_detection.obj) : warning LNK4208: “”中的 PDB 格式不兼容；删除并重新生成；正在链接对象，如同没有调试信息一样
MSVCRTD.lib(ucrt_detection.obj) : warning LNK4208: “”中的 PDB 格式不兼容；删除并重新生成；正在链接对象，如同没有调试信息一样
MSVCRTD.lib(ucrt_detection.obj) : warning LNK4208: “”中的 PDB 格式不兼容；删除并重新生成；正在链接对象，如同没有调试信息一样
MSVCRTD.lib(ucrt_detection.obj) : warning LNK4208: “”中的 PDB 格式不兼容；删除并重新生成；正在链接对象，如同没有调试信息一样
MSVCRTD.lib(ucrt_detection.obj) : warning LNK4208: “”中的 PDB 格式不兼容；删除并重新生成；正在链接对象，如同没有调试信息一样
MSVCRTD.lib(ucrt_detection.obj) : warning LNK4208: “”中的 PDB 格式不兼容；删除并重新生成；正在链接对象，如同没有调试信息一样
MSVCRTD.lib(ucrt_detection.obj) : warning LNK4208: “”中的 PDB 格式不兼容；删除并重新生成；正在链接对象，如同没有调试信息一样
MSVCRTD.lib(ucrt_detection.obj) : warning LNK4208: “”中的 PDB 格式不兼容；删除并重新生成；正在链接对象，如同没有调试信息一样
MSVCRTD.lib(ucrt_detection.obj) : warning LNK4208: “”中的 PDB 格式不兼容；删除并重新生成；正在链接对象，如同没有调试信息一样
MSVCRTD.lib(ucrt_detection.obj) : warning LNK4208: “”中的 PDB 格式不兼容；删除并重新生成；正在链接对象，如同没有调试信息一样
MSVCRTD.lib(ucrt_detection.obj) : warning LNK4208: “”中的 PDB 格式不兼容；删除并重新生成；正在链接对象，如同没有调试信息一样
MSVCRTD.lib(ucrt_detection.obj) : warning LNK4208: “”中的 PDB 格式不兼容；删除并重新生成；正在链接对象，如同没有调试信息一样
MSVCRTD.lib(ucrt_detection.obj) : warning LNK4208: “”中的 PDB 格式不兼容；删除并重新生成；正在链接对象，如同没有调试信息一样
MSVCRTD.lib(ucrt_detection.obj) : warning LNK4208: “”中的 PDB 格式不兼容；删除并重新生成；正在链接对象，如同没有调试信息一样
MSVCRTD.lib(ucrt_detection.obj) : warning LNK4208: “”中的 PDB 格式不兼容；删除并重新生成；正在链接对象，如同没有调试信息一样
MSVCRTD.lib(ucrt_detection.obj) : warning LNK4208: “”中的 PDB 格式不兼容；删除并重新生成；正在链接对象，如同没有调试信息一样
MSVCRTD.lib(ucrt_detection.obj) : warning LNK4208: “”中的 PDB 格式不兼容；删除并重新生成；正在链接对象，如同没有调试信息一样
MSVCRTD.lib(ucrt_detection.obj) : warning LNK4208: “”中的 PDB 格式不兼容；删除并重新生成；正在链接对象，如同没有调试信息一样
MSVCRTD.lib(ucrt_detection.obj) : warning LNK4208: “”中的 PDB 格式不兼容；删除并重新生成；正在链接对象，如同没有调试信息一样
MSVCRTD.lib(ucrt_detection.obj) : warning LNK4208: “”中的 PDB 格式不兼容；删除并重新生成；正在链接对象，如同没有调试信息一样
MSVCRTD.lib(ucrt_detection.obj) : warning LNK4208: “”中的 PDB 格式不兼容；删除并重新生成；正在链接对象，如同没有调试信息一样
MSVCRTD.lib(ucrt_detection.obj) : warning LNK4208: “”中的 PDB 格式不兼容；删除并重新生成；正在链接对象，如同没有调试信息一样
MSVCRTD.lib(ucrt_detection.obj) : warning LNK4208: “”中的 PDB 格式不兼容；删除并重新生成；正在链接对象，如同没有调试信息一样
MSVCRTD.lib(ucrt_detection.obj) : warning LNK4208: “”中的 PDB 格式不兼容；删除并重新生成；正在链接对象，如同没有调试信息一样
MSVCRTD.lib(ucrt_detection.obj) : warning LNK4208: “”中的 PDB 格式不兼容；删除并重新生成；正在链接对象，如同没有调试信息一样
MSVCRTD.lib(ucrt_detection.obj) : warning LNK4208: “”中的 PDB 格式不兼容；删除并重新生成；正在链接对象，如同没有调试信息一样
MSVCRTD.lib(ucrt_detection.obj) : warning LNK4208: “”中的 PDB 格式不兼容；删除并重新生成；正在链接对象，如同没有调试信息一样
MSVCRTD.lib(ucrt_detection.obj) : warning LNK4208: “”中的 PDB 格式不兼容；删除并重新生成；正在链接对象，如同没有调试信息一样
MSVCRTD.lib(ucrt_detection.obj) : warning LNK4208: “”中的 PDB 格式不兼容；删除并重新生成；正在链接对象，如同没有调试信息一样
MSVCRTD.lib(ucrt_detection.obj) : warning LNK4208: “”中的 PDB 格式不兼容；删除并重新生成；正在链接对象，如同没有调试信息一样
MSVCRTD.lib(ucrt_detection.obj) : warning LNK4208: “”中的 PDB 格式不兼容；删除并重新生成；正在链接对象，如同没有调试信息一样
MSVCRTD.lib(ucrt_detection.obj) : warning LNK4208: “”中的 PDB 格式不兼容；删除并重新生成；正在链接对象，如同没有调试信息一样
MSVCRTD.lib(ucrt_detection.obj) : warning LNK4208: “”中的 PDB 格式不兼容；删除并重新生成；正在链接对象，如同没有调试信息一样
MSVCRTD.lib(ucrt_detection.obj) : warning LNK4208: “”中的 PDB 格式不兼容；删除并重新生成；正在链接对象，如同没有调试信息一样
MSVCRTD.lib(ucrt_detection.obj) : warning LNK4208: “”中的 PDB 格式不兼容；删除并重新生成；正在链接对象，如同没有调试信息一样
MSVCRTD.lib(ucrt_detection.obj) : warning LNK4208: “”中的 PDB 格式不兼容；删除并重新生成；正在链接对象，如同没有调试信息一样
MSVCRTD.lib(ucrt_detection.obj) : warning LNK4208: “”中的 PDB 格式不兼容；删除并重新生成；正在链接对象，如同没有调试信息一样
MSVCRTD.lib(ucrt_detection.obj) : warning LNK4208: “”中的 PDB 格式不兼容；删除并重新生成；正在链接对象，如同没有调试信息一样
MSVCRTD.lib(ucrt_detection.obj) : warning LNK4208: “”中的 PDB 格式不兼容；删除并重新生成；正在链接对象，如同没有调试信息一样
MSVCRTD.lib(ucrt_detection.obj) : warning LNK4208: “”中的 PDB 格式不兼容；删除并重新生成；正在链接对象，如同没有调试信息一样
MSVCRTD.lib(ucrt_detection.obj) : warning LNK4208: “”中的 PDB 格式不兼容；删除并重新生成；正在链接对象，如同没有调试信息一样
MSVCRTD.lib(ucrt_detection.obj) : warning LNK4208: “”中的 PDB 格式不兼容；删除并重新生成；正在链接对象，如同没有调试信息一样
MSVCRTD.lib(ucrt_detection.obj) : warning LNK4208: “”中的 PDB 格式不兼容；删除并重新生成；正在链接对象，如同没有调试信息一样
MSVCRTD.lib(ucrt_detection.obj) : warning LNK4208: “”中的 PDB 格式不兼容；删除并重新生成；正在链接对象，如同没有调试信息一样
MSVCRTD.lib(ucrt_detection.obj) : warning LNK4208: “”中的 PDB 格式不兼容；删除并重新生成；正在链接对象，如同没有调试信息一样
MSVCRTD.lib(ucrt_detection.obj) : warning LNK4208: “”中的 PDB 格式不兼容；删除并重新生成；正在链接对象，如同没有调试信息一样
MSVCRTD.lib(ucrt_detection.obj) : warning LNK4208: “”中的 PDB 格式不兼容；删除并重新生成；正在链接对象，如同没有调试信息一样
MSVCRTD.lib(ucrt_detection.obj) : warning LNK4208: “”中的 PDB 格式不兼容；删除并重新生成；正在链接对象，如同没有调试信息一样
MSVCRTD.lib(ucrt_detection.obj) : warning LNK4208: “”中的 PDB 格式不兼容；删除并重新生成；正在链接对象，如同没有调试信息一样
MSVCRTD.lib(ucrt_detection.obj) : warning LNK4208: “”中的 PDB 格式不兼容；删除并重新生成；正在链接对象，如同没有调试信息一样
MSVCRTD.lib(ucrt_detection.obj) : warning LNK4208: “”中的 PDB 格式不兼容；删除并重新生成；正在链接对象，如同没有调试信息一样
MSVCRTD.lib(ucrt_detection.obj) : warning LNK4208: “”中的 PDB 格式不兼容；删除并重新生成；正在链接对象，如同没有调试信息一样
MSVCRTD.lib(ucrt_detection.obj) : warning LNK4208: “”中的 PDB 格式不兼容；删除并重新生成；正在链接对象，如同没有调试信息一样
MSVCRTD.lib(ucrt_detection.obj) : warning LNK4208: “”中的 PDB 格式不兼容；删除并重新生成；正在链接对象，如同没有调试信息一样
MSVCRTD.lib(ucrt_detection.obj) : warning LNK4208: “”中的 PDB 格式不兼容；删除并重新生成；正在链接对象，如同没有调试信息一样
MSVCRTD.lib(ucrt_detection.obj) : warning LNK4208: “”中的 PDB 格式不兼容；删除并重新生成；正在链接对象，如同没有调试信息一样
MSVCRTD.lib(ucrt_detection.obj) : warning LNK4208: “”中的 PDB 格式不兼容；删除并重新生成；正在链接对象，如同没有调试信息一样
MSVCRTD.lib(ucrt_detection.obj) : warning LNK4208: “”中的 PDB 格式不兼容；删除并重新生成；正在链接对象，如同没有调试信息一样
MSVCRTD.lib(ucrt_detection.obj) : warning LNK4208: “”中的 PDB 格式不兼容；删除并重新生成；正在链接对象，如同没有调试信息一样
MSVCRTD.lib(ucrt_detection.obj) : warning LNK4208: “”中的 PDB 格式不兼容；删除并重新生成；正在链接对象，如同没有调试信息一样
MSVCRTD.lib(ucrt_detection.obj) : warning LNK4208: “”中的 PDB 格式不兼容；删除并重新生成；正在链接对象，如同没有调试信息一样
MSVCRTD.lib(ucrt_detection.obj) : warning LNK4208: “”中的 PDB 格式不兼容；删除并重新生成；正在链接对象，如同没有调试信息一样
MSVCRTD.lib(ucrt_detection.obj) : warning LNK4208: “”中的 PDB 格式不兼容；删除并重新生成；正在链接对象，如同没有调试信息一样
MSVCRTD.lib(ucrt_detection.obj) : warning LNK4208: “”中的 PDB 格式不兼容；删除并重新生成；正在链接对象，如同没有调试信息一样
MSVCRTD.lib(ucrt_detection.obj) : warning LNK4208: “”中的 PDB 格式不兼容；删除并重新生成；正在链接对象，如同没有调试信息一样
MSVCRTD.lib(ucrt_detection.obj) : warning LNK4208: “”中的 PDB 格式不兼容；删除并重新生成；正在链接对象，如同没有调试信息一样
MSVCRTD.lib(ucrt_detection.obj) : warning LNK4208: “”中的 PDB 格式不兼容；删除并重新生成；正在链接对象，如同没有调试信息一样
MSVCRTD.lib(ucrt_detection.obj) : warning LNK4208: “”中的 PDB 格式不兼容；删除并重新生成；正在链接对象，如同没有调试信息一样
MSVCRTD.lib(ucrt_detection.obj) : warning LNK4208: “”中的 PDB 格式不兼容；删除并重新生成；正在链接对象，如同没有调试信息一样
MSVCRTD.lib(ucrt_detection.obj) : warning LNK4208: “”中的 PDB 格式不兼容；删除并重新生成；正在链接对象，如同没有调试信息一样
MSVCRTD.lib(ucrt_detection.obj) : warning LNK4208: “”中的 PDB 格式不兼容；删除并重新生成；正在链接对象，如同没有调试信息一样
MSVCRTD.lib(ucrt_detection.obj) : warning LNK4208: “”中的 PDB 格式不兼容；删除并重新生成；正在链接对象，如同没有调试信息一样
MSVCRTD.lib(ucrt_detection.obj) : warning LNK4208: “”中的 PDB 格式不兼容；删除并重新生成；正在链接对象，如同没有调试信息一样
MSVCRTD.lib(ucrt_detection.obj) : warning LNK4208: “”中的 PDB 格式不兼容；删除并重新生成；正在链接对象，如同没有调试信息一样
MSVCRTD.lib(ucrt_detection.obj) : warning LNK4208: “”中的 PDB 格式不兼容；删除并重新生成；正在链接对象，如同没有调试信息一样
MSVCRTD.lib(ucrt_detection.obj) : warning LNK4208: “”中的 PDB 格式不兼容；删除并重新生成；正在链接对象，如同没有调试信息一样
MSVCRTD.lib(ucrt_detection.obj) : warning LNK4208: “”中的 PDB 格式不兼容；删除并重新生成；正在链接对象，如同没有调试信息一样
MSVCRTD.lib(ucrt_detection.obj) : warning LNK4208: “”中的 PDB 格式不兼容；删除并重新生成；正在链接对象，如同没有调试信息一样
MSVCRTD.lib(ucrt_detection.obj) : warning LNK4208: “”中的 PDB 格式不兼容；删除并重新生成；正在链接对象，如同没有调试信息一样
MSVCRTD.lib(ucrt_detection.obj) : warning LNK4208: “”中的 PDB 格式不兼容；删除并重新生成；正在链接对象，如同没有调试信息一样
MSVCRTD.lib(ucrt_detection.obj) : warning LNK4208: “”中的 PDB 格式不兼容；删除并重新生成；正在链接对象，如同没有调试信息一样
MSVCRTD.lib(ucrt_detection.obj) : warning LNK4208: “”中的 PDB 格式不兼容；删除并重新生成；正在链接对象，如同没有调试信息一样
MSVCRTD.lib(ucrt_detection.obj) : warning LNK4208: “”中的 PDB 格式不兼容；删除并重新生成；正在链接对象，如同没有调试信息一样
MSVCRTD.lib(ucrt_detection.obj) : warning LNK4208: “”中的 PDB 格式不兼容；删除并重新生成；正在链接对象，如同没有调试信息一样
MSVCRTD.lib(ucrt_detection.obj) : warning LNK4208: “”中的 PDB 格式不兼容；删除并重新生成；正在链接对象，如同没有调试信息一样
MSVCRTD.lib(ucrt_detection.obj) : warning LNK4208: “”中的 PDB 格式不兼容；删除并重新生成；正在链接对象，如同没有调试信息一样
MSVCRTD.lib(ucrt_detection.obj) : warning LNK4208: “”中的 PDB 格式不兼容；删除并重新生成；正在链接对象，如同没有调试信息一样
MSVCRTD.lib(ucrt_detection.obj) : warning LNK4208: “”中的 PDB 格式不兼容；删除并重新生成；正在链接对象，如同没有调试信息一样
MSVCRTD.lib(ucrt_detection.obj) : warning LNK4208: “”中的 PDB 格式不兼容；删除并重新生成；正在链接对象，如同没有调试信息一样
MSVCRTD.lib(ucrt_detection.obj) : warning LNK4208: “”中的 PDB 格式不兼容；删除并重新生成；正在链接对象，如同没有调试信息一样
MSVCRTD.lib(ucrt_detection.obj) : warning LNK4208: “”中的 PDB 格式不兼容；删除并重新生成；正在链接对象，如同没有调试信息一样
MSVCRTD.lib(ucrt_detection.obj) : warning LNK4208: “”中的 PDB 格式不兼容；删除并重新生成；正在链接对象，如同没有调试信息一样
MSVCRTD.lib(ucrt_detection.obj) : warning LNK4208: “”中的 PDB 格式不兼容；删除并重新生成；正在链接对象，如同没有调试信息一样
MSVCRTD.lib(ucrt_detection.obj) : warning LNK4208: “”中的 PDB 格式不兼容；删除并重新生成；正在链接对象，如同没有调试信息一样
MSVCRTD.lib(ucrt_detection.obj) : warning LNK4208: “”中的 PDB 格式不兼容；删除并重新生成；正在链接对象，如同没有调试信息一样
MSVCRTD.lib(ucrt_detection.obj) : warning LNK4208: “”中的 PDB 格式不兼容；删除并重新生成；正在链接对象，如同没有调试信息一样
MSVCRTD.lib(ucrt_detection.obj) : warning LNK4208: “”中的 PDB 格式不兼容；删除并重新生成；正在链接对象，如同没有调试信息一样
MSVCRTD.lib(ucrt_detection.obj) : warning LNK4208: “”中的 PDB 格式不兼容；删除并重新生成；正在链接对象，如同没有调试信息一样
MSVCRTD.lib(ucrt_detection.obj) : warning LNK4208: “”中的 PDB 格式不兼容；删除并重新生成；正在链接对象，如同没有调试信息一样
MSVCRTD.lib(ucrt_detection.obj) : warning LNK4208: “”中的 PDB 格式不兼容；删除并重新生成；正在链接对象，如同没有调试信息一样
MSVCRTD.lib(ucrt_detection.obj) : warning LNK4208: “”中的 PDB 格式不兼容；删除并重新生成；正在链接对象，如同没有调试信息一样
MSVCRTD.lib(ucrt_detection.obj) : warning LNK4208: “”中的 PDB 格式不兼容；删除并重新生成；正在链接对象，如同没有调试信息一样
MSVCRTD.lib(ucrt_detection.obj) : warning LNK4208: “”中的 PDB 格式不兼容；删除并重新生成；正在链接对象，如同没有调试信息一样
MSVCRTD.lib(ucrt_detection.obj) : warning LNK4208: “”中的 PDB 格式不兼容；删除并重新生成；正在链接对象，如同没有调试信息一样
MSVCRTD.lib(ucrt_detection.obj) : warning LNK4208: “”中的 PDB 格式不兼容；删除并重新生成；正在链接对象，如同没有调试信息一样
MSVCRTD.lib(ucrt_detection.obj) : warning LNK4208: “”中的 PDB 格式不兼容；删除并重新生成；正在链接对象，如同没有调试信息一样
MSVCRTD.lib(ucrt_detection.obj) : warning LNK4208: “”中的 PDB 格式不兼容；删除并重新生成；正在链接对象，如同没有调试信息一样
MSVCRTD.lib(ucrt_detection.obj) : warning LNK4208: “”中的 PDB 格式不兼容；删除并重新生成；正在链接对象，如同没有调试信息一样
MSVCRTD.lib(ucrt_detection.obj) : warning LNK4208: “”中的 PDB 格式不兼容；删除并重新生成；正在链接对象，如同没有调试信息一样
MSVCRTD.lib(ucrt_detection.obj) : warning LNK4208: “”中的 PDB 格式不兼容；删除并重新生成；正在链接对象，如同没有调试信息一样
MSVCRTD.lib(ucrt_detection.obj) : warning LNK4208: “”中的 PDB 格式不兼容；删除并重新生成；正在链接对象，如同没有调试信息一样
MSVCRTD.lib(ucrt_detection.obj) : warning LNK4208: “”中的 PDB 格式不兼容；删除并重新生成；正在链接对象，如同没有调试信息一样
MSVCRTD.lib(ucrt_detection.obj) : warning LNK4208: “”中的 PDB 格式不兼容；删除并重新生成；正在链接对象，如同没有调试信息一样
MSVCRTD.lib(ucrt_detection.obj) : warning LNK4208: “”中的 PDB 格式不兼容；删除并重新生成；正在链接对象，如同没有调试信息一样
MSVCRTD.lib(ucrt_detection.obj) : warning LNK4208: “”中的 PDB 格式不兼容；删除并重新生成；正在链接对象，如同没有调试信息一样
MSVCRTD.lib(ucrt_detection.obj) : warning LNK4208: “”中的 PDB 格式不兼容；删除并重新生成；正在链接对象，如同没有调试信息一样
MSVCRTD.lib(ucrt_detection.obj) : warning LNK4208: “”中的 PDB 格式不兼容；删除并重新生成；正在链接对象，如同没有调试信息一样
MSVCRTD.lib(ucrt_detection.obj) : warning LNK4208: “”中的 PDB 格式不兼容；删除并重新生成；正在链接对象，如同没有调试信息一样
MSVCRTD.lib(ucrt_detection.obj) : warning LNK4208: “”中的 PDB 格式不兼容；删除并重新生成；正在链接对象，如同没有调试信息一样
MSVCRTD.lib(ucrt_detection.obj) : warning LNK4208: “”中的 PDB 格式不兼容；删除并重新生成；正在链接对象，如同没有调试信息一样
MSVCRTD.lib(ucrt_detection.obj) : warning LNK4208: “”中的 PDB 格式不兼容；删除并重新生成；正在链接对象，如同没有调试信息一样
MSVCRTD.lib(ucrt_detection.obj) : warning LNK4208: “”中的 PDB 格式不兼容；删除并重新生成；正在链接对象，如同没有调试信息一样
MSVCRTD.lib(ucrt_detection.obj) : warning LNK4208: “”中的 PDB 格式不兼容；删除并重新生成；正在链接对象，如同没有调试信息一样
MSVCRTD.lib(ucrt_detection.obj) : warning LNK4208: “”中的 PDB 格式不兼容；删除并重新生成；正在链接对象，如同没有调试信息一样
MSVCRTD.lib(ucrt_detection.obj) : warning LNK4208: “”中的 PDB 格式不兼容；删除并重新生成；正在链接对象，如同没有调试信息一样
MSVCRTD.lib(ucrt_detection.obj) : warning LNK4208: “”中的 PDB 格式不兼容；删除并重新生成；正在链接对象，如同没有调试信息一样
MSVCRTD.lib(ucrt_detection.obj) : warning LNK4208: “”中的 PDB 格式不兼容；删除并重新生成；正在链接对象，如同没有调试信息一样
MSVCRTD.lib(ucrt_detection.obj) : warning LNK4208: “”中的 PDB 格式不兼容；删除并重新生成；正在链接对象，如同没有调试信息一样
MSVCRTD.lib(ucrt_detection.obj) : warning LNK4208: “”中的 PDB 格式不兼容；删除并重新生成；正在链接对象，如同没有调试信息一样
MSVCRTD.lib(ucrt_detection.obj) : warning LNK4208: “”中的 PDB 格式不兼容；删除并重新生成；正在链接对象，如同没有调试信息一样
MSVCRTD.lib(ucrt_detection.obj) : warning LNK4208: “”中的 PDB 格式不兼容；删除并重新生成；正在链接对象，如同没有调试信息一样
MSVCRTD.lib(ucrt_detection.obj) : warning LNK4208: “”中的 PDB 格式不兼容；删除并重新生成；正在链接对象，如同没有调试信息一样
MSVCRTD.lib(ucrt_detection.obj) : warning LNK4208: “”中的 PDB 格式不兼容；删除并重新生成；正在链接对象，如同没有调试信息一样
MSVCRTD.lib(ucrt_detection.obj) : warning LNK4208: “”中的 PDB 格式不兼容；删除并重新生成；正在链接对象，如同没有调试信息一样
MSVCRTD.lib(ucrt_detection.obj) : warning LNK4208: “”中的 PDB 格式不兼容；删除并重新生成；正在链接对象，如同没有调试信息一样
MSVCRTD.lib(ucrt_detection.obj) : warning LNK4208: “”中的 PDB 格式不兼容；删除并重新生成；正在链接对象，如同没有调试信息一样
MSVCRTD.lib(ucrt_detection.obj) : warning LNK4208: “”中的 PDB 格式不兼容；删除并重新生成；正在链接对象，如同没有调试信息一样
MSVCRTD.lib(ucrt_detection.obj) : warning LNK4208: “”中的 PDB 格式不兼容；删除并重新生成；正在链接对象，如同没有调试信息一样
MSVCRTD.lib(ucrt_detection.obj) : warning LNK4208: “”中的 PDB 格式不兼容；删除并重新生成；正在链接对象，如同没有调试信息一样
MSVCRTD.lib(ucrt_detection.obj) : warning LNK4208: “”中的 PDB 格式不兼容；删除并重新生成；正在链接对象，如同没有调试信息一样
MSVCRTD.lib(ucrt_detection.obj) : warning LNK4208: “”中的 PDB 格式不兼容；删除并重新生成；正在链接对象，如同没有调试信息一样
MSVCRTD.lib(ucrt_detection.obj) : warning LNK4208: “”中的 PDB 格式不兼容；删除并重新生成；正在链接对象，如同没有调试信息一样
MSVCRTD.lib(ucrt_detection.obj) : warning LNK4208: “”中的 PDB 格式不兼容；删除并重新生成；正在链接对象，如同没有调试信息一样
MSVCRTD.lib(ucrt_detection.obj) : warning LNK4208: “”中的 PDB 格式不兼容；删除并重新生成；正在链接对象，如同没有调试信息一样
MSVCRTD.lib(ucrt_detection.obj) : warning LNK4208: “”中的 PDB 格式不兼容；删除并重新生成；正在链接对象，如同没有调试信息一样
MSVCRTD.lib(ucrt_detection.obj) : warning LNK4208: “”中的 PDB 格式不兼容；删除并重新生成；正在链接对象，如同没有调试信息一样
MSVCRTD.lib(ucrt_detection.obj) : warning LNK4208: “”中的 PDB 格式不兼容；删除并重新生成；正在链接对象，如同没有调试信息一样
MSVCRTD.lib(ucrt_detection.obj) : warning LNK4208: “”中的 PDB 格式不兼容；删除并重新生成；正在链接对象，如同没有调试信息一样
MSVCRTD.lib(ucrt_detection.obj) : warning LNK4208: “”中的 PDB 格式不兼容；删除并重新生成；正在链接对象，如同没有调试信息一样
MSVCRTD.lib(ucrt_detection.obj) : warning LNK4208: “”中的 PDB 格式不兼容；删除并重新生成；正在链接对象，如同没有调试信息一样
MSVCRTD.lib(ucrt_detection.obj) : warning LNK4208: “”中的 PDB 格式不兼容；删除并重新生成；正在链接对象，如同没有调试信息一样
MSVCRTD.lib(ucrt_detection.obj) : warning LNK4208: “”中的 PDB 格式不兼容；删除并重新生成；正在链接对象，如同没有调试信息一样
MSVCRTD.lib(ucrt_detection.obj) : warning LNK4208: “”中的 PDB 格式不兼容；删除并重新生成；正在链接对象，如同没有调试信息一样
MSVCRTD.lib(ucrt_detection.obj) : warning LNK4208: “”中的 PDB 格式不兼容；删除并重新生成；正在链接对象，如同没有调试信息一样
MSVCRTD.lib(ucrt_detection.obj) : warning LNK4208: “”中的 PDB 格式不兼容；删除并重新生成；正在链接对象，如同没有调试信息一样
MSVCRTD.lib(ucrt_detection.obj) : warning LNK4208: “”中的 PDB 格式不兼容；删除并重新生成；正在链接对象，如同没有调试信息一样
MSVCRTD.lib(ucrt_detection.obj) : warning LNK4208: “”中的 PDB 格式不兼容；删除并重新生成；正在链接对象，如同没有调试信息一样
MSVCRTD.lib(ucrt_detection.obj) : warning LNK4208: “”中的 PDB 格式不兼容；删除并重新生成；正在链接对象，如同没有调试信息一样
MSVCRTD.lib(ucrt_detection.obj) : warning LNK4208: “”中的 PDB 格式不兼容；删除并重新生成；正在链接对象，如同没有调试信息一样
MSVCRTD.lib(ucrt_detection.obj) : warning LNK4208: “”中的 PDB 格式不兼容；删除并重新生成；正在链接对象，如同没有调试信息一样
msvcprtd.lib(MSVCP140D.dll) : warning LNK4208: “”中的 PDB 格式不兼容；删除并重新生成；正在链接对象，如同没有调试信息一样
msvcprtd.lib(MSVCP140D.dll) : warning LNK4208: “”中的 PDB 格式不兼容；删除并重新生成；正在链接对象，如同没有调试信息一样
msvcprtd.lib(MSVCP140D.dll) : warning LNK4208: “”中的 PDB 格式不兼容；删除并重新生成；正在链接对象，如同没有调试信息一样
msvcprtd.lib(MSVCP140D.dll) : warning LNK4208: “”中的 PDB 格式不兼容；删除并重新生成；正在链接对象，如同没有调试信息一样
msvcprtd.lib(MSVCP140D.dll) : warning LNK4208: “”中的 PDB 格式不兼容；删除并重新生成；正在链接对象，如同没有调试信息一样
msvcprtd.lib(MSVCP140D.dll) : warning LNK4208: “”中的 PDB 格式不兼容；删除并重新生成；正在链接对象，如同没有调试信息一样
msvcprtd.lib(MSVCP140D.dll) : warning LNK4208: “”中的 PDB 格式不兼容；删除并重新生成；正在链接对象，如同没有调试信息一样
msvcprtd.lib(MSVCP140D.dll) : warning LNK4208: “”中的 PDB 格式不兼容；删除并重新生成；正在链接对象，如同没有调试信息一样
msvcprtd.lib(MSVCP140D.dll) : warning LNK4208: “”中的 PDB 格式不兼容；删除并重新生成；正在链接对象，如同没有调试信息一样
msvcprtd.lib(MSVCP140D.dll) : warning LNK4208: “”中的 PDB 格式不兼容；删除并重新生成；正在链接对象，如同没有调试信息一样
msvcprtd.lib(MSVCP140D.dll) : warning LNK4208: “”中的 PDB 格式不兼容；删除并重新生成；正在链接对象，如同没有调试信息一样
msvcprtd.lib(MSVCP140D.dll) : warning LNK4208: “”中的 PDB 格式不兼容；删除并重新生成；正在链接对象，如同没有调试信息一样
msvcprtd.lib(MSVCP140D.dll) : warning LNK4208: “”中的 PDB 格式不兼容；删除并重新生成；正在链接对象，如同没有调试信息一样
msvcprtd.lib(MSVCP140D.dll) : warning LNK4208: “”中的 PDB 格式不兼容；删除并重新生成；正在链接对象，如同没有调试信息一样
msvcprtd.lib(MSVCP140D.dll) : warning LNK4208: “”中的 PDB 格式不兼容；删除并重新生成；正在链接对象，如同没有调试信息一样
msvcprtd.lib(MSVCP140D.dll) : warning LNK4208: “”中的 PDB 格式不兼容；删除并重新生成；正在链接对象，如同没有调试信息一样
msvcprtd.lib(MSVCP140D.dll) : warning LNK4208: “”中的 PDB 格式不兼容；删除并重新生成；正在链接对象，如同没有调试信息一样
msvcprtd.lib(MSVCP140D.dll) : warning LNK4208: “”中的 PDB 格式不兼容；删除并重新生成；正在链接对象，如同没有调试信息一样
msvcprtd.lib(MSVCP140D.dll) : warning LNK4208: “”中的 PDB 格式不兼容；删除并重新生成；正在链接对象，如同没有调试信息一样
msvcprtd.lib(MSVCP140D.dll) : warning LNK4208: “”中的 PDB 格式不兼容；删除并重新生成；正在链接对象，如同没有调试信息一样
msvcprtd.lib(MSVCP140D.dll) : warning LNK4208: “”中的 PDB 格式不兼容；删除并重新生成；正在链接对象，如同没有调试信息一样
msvcprtd.lib(MSVCP140D.dll) : warning LNK4208: “”中的 PDB 格式不兼容；删除并重新生成；正在链接对象，如同没有调试信息一样
msvcprtd.lib(MSVCP140D.dll) : warning LNK4208: “”中的 PDB 格式不兼容；删除并重新生成；正在链接对象，如同没有调试信息一样
msvcprtd.lib(MSVCP140D.dll) : warning LNK4208: “”中的 PDB 格式不兼容；删除并重新生成；正在链接对象，如同没有调试信息一样
msvcprtd.lib(MSVCP140D.dll) : warning LNK4208: “”中的 PDB 格式不兼容；删除并重新生成；正在链接对象，如同没有调试信息一样
msvcprtd.lib(MSVCP140D.dll) : warning LNK4208: “”中的 PDB 格式不兼容；删除并重新生成；正在链接对象，如同没有调试信息一样
msvcprtd.lib(MSVCP140D.dll) : warning LNK4208: “”中的 PDB 格式不兼容；删除并重新生成；正在链接对象，如同没有调试信息一样
msvcprtd.lib(MSVCP140D.dll) : warning LNK4208: “”中的 PDB 格式不兼容；删除并重新生成；正在链接对象，如同没有调试信息一样
msvcprtd.lib(MSVCP140D.dll) : warning LNK4208: “”中的 PDB 格式不兼容；删除并重新生成；正在链接对象，如同没有调试信息一样
msvcprtd.lib(MSVCP140D.dll) : warning LNK4208: “”中的 PDB 格式不兼容；删除并重新生成；正在链接对象，如同没有调试信息一样
msvcprtd.lib(MSVCP140D.dll) : warning LNK4208: “”中的 PDB 格式不兼容；删除并重新生成；正在链接对象，如同没有调试信息一样
msvcprtd.lib(MSVCP140D.dll) : warning LNK4208: “”中的 PDB 格式不兼容；删除并重新生成；正在链接对象，如同没有调试信息一样
msvcprtd.lib(MSVCP140D.dll) : warning LNK4208: “”中的 PDB 格式不兼容；删除并重新生成；正在链接对象，如同没有调试信息一样
msvcprtd.lib(MSVCP140D.dll) : warning LNK4208: “”中的 PDB 格式不兼容；删除并重新生成；正在链接对象，如同没有调试信息一样
msvcprtd.lib(MSVCP140D.dll) : warning LNK4208: “”中的 PDB 格式不兼容；删除并重新生成；正在链接对象，如同没有调试信息一样
msvcprtd.lib(MSVCP140D.dll) : warning LNK4208: “”中的 PDB 格式不兼容；删除并重新生成；正在链接对象，如同没有调试信息一样
msvcprtd.lib(MSVCP140D.dll) : warning LNK4208: “”中的 PDB 格式不兼容；删除并重新生成；正在链接对象，如同没有调试信息一样
msvcprtd.lib(MSVCP140D.dll) : warning LNK4208: “”中的 PDB 格式不兼容；删除并重新生成；正在链接对象，如同没有调试信息一样
msvcprtd.lib(MSVCP140D.dll) : warning LNK4208: “”中的 PDB 格式不兼容；删除并重新生成；正在链接对象，如同没有调试信息一样
msvcprtd.lib(MSVCP140D.dll) : warning LNK4208: “”中的 PDB 格式不兼容；删除并重新生成；正在链接对象，如同没有调试信息一样
msvcprtd.lib(MSVCP140D.dll) : warning LNK4208: “”中的 PDB 格式不兼容；删除并重新生成；正在链接对象，如同没有调试信息一样
msvcprtd.lib(MSVCP140D.dll) : warning LNK4208: “”中的 PDB 格式不兼容；删除并重新生成；正在链接对象，如同没有调试信息一样
msvcprtd.lib(MSVCP140D.dll) : warning LNK4208: “”中的 PDB 格式不兼容；删除并重新生成；正在链接对象，如同没有调试信息一样
msvcprtd.lib(MSVCP140D.dll) : warning LNK4208: “”中的 PDB 格式不兼容；删除并重新生成；正在链接对象，如同没有调试信息一样
msvcprtd.lib(MSVCP140D.dll) : warning LNK4208: “”中的 PDB 格式不兼容；删除并重新生成；正在链接对象，如同没有调试信息一样
msvcprtd.lib(MSVCP140D.dll) : warning LNK4208: “”中的 PDB 格式不兼容；删除并重新生成；正在链接对象，如同没有调试信息一样
msvcprtd.lib(MSVCP140D.dll) : warning LNK4208: “”中的 PDB 格式不兼容；删除并重新生成；正在链接对象，如同没有调试信息一样
msvcprtd.lib(MSVCP140D.dll) : warning LNK4208: “”中的 PDB 格式不兼容；删除并重新生成；正在链接对象，如同没有调试信息一样
msvcprtd.lib(MSVCP140D.dll) : warning LNK4208: “”中的 PDB 格式不兼容；删除并重新生成；正在链接对象，如同没有调试信息一样
msvcprtd.lib(MSVCP140D.dll) : warning LNK4208: “”中的 PDB 格式不兼容；删除并重新生成；正在链接对象，如同没有调试信息一样
msvcprtd.lib(MSVCP140D.dll) : warning LNK4208: “”中的 PDB 格式不兼容；删除并重新生成；正在链接对象，如同没有调试信息一样
msvcprtd.lib(MSVCP140D.dll) : warning LNK4208: “”中的 PDB 格式不兼容；删除并重新生成；正在链接对象，如同没有调试信息一样
msvcprtd.lib(MSVCP140D.dll) : warning LNK4208: “”中的 PDB 格式不兼容；删除并重新生成；正在链接对象，如同没有调试信息一样
msvcprtd.lib(MSVCP140D.dll) : warning LNK4208: “”中的 PDB 格式不兼容；删除并重新生成；正在链接对象，如同没有调试信息一样
msvcprtd.lib(MSVCP140D.dll) : warning LNK4208: “”中的 PDB 格式不兼容；删除并重新生成；正在链接对象，如同没有调试信息一样
msvcprtd.lib(MSVCP140D.dll) : warning LNK4208: “”中的 PDB 格式不兼容；删除并重新生成；正在链接对象，如同没有调试信息一样
msvcprtd.lib(MSVCP140D.dll) : warning LNK4208: “”中的 PDB 格式不兼容；删除并重新生成；正在链接对象，如同没有调试信息一样
msvcprtd.lib(MSVCP140D.dll) : warning LNK4208: “”中的 PDB 格式不兼容；删除并重新生成；正在链接对象，如同没有调试信息一样
msvcprtd.lib(MSVCP140D.dll) : warning LNK4208: “”中的 PDB 格式不兼容；删除并重新生成；正在链接对象，如同没有调试信息一样
msvcprtd.lib(MSVCP140D.dll) : warning LNK4208: “”中的 PDB 格式不兼容；删除并重新生成；正在链接对象，如同没有调试信息一样
msvcprtd.lib(MSVCP140D.dll) : warning LNK4208: “”中的 PDB 格式不兼容；删除并重新生成；正在链接对象，如同没有调试信息一样
msvcprtd.lib(MSVCP140D.dll) : warning LNK4208: “”中的 PDB 格式不兼容；删除并重新生成；正在链接对象，如同没有调试信息一样
msvcprtd.lib(MSVCP140D.dll) : warning LNK4208: “”中的 PDB 格式不兼容；删除并重新生成；正在链接对象，如同没有调试信息一样
msvcprtd.lib(MSVCP140D.dll) : warning LNK4208: “”中的 PDB 格式不兼容；删除并重新生成；正在链接对象，如同没有调试信息一样
msvcprtd.lib(MSVCP140D.dll) : warning LNK4208: “”中的 PDB 格式不兼容；删除并重新生成；正在链接对象，如同没有调试信息一样
msvcprtd.lib(MSVCP140D.dll) : warning LNK4208: “”中的 PDB 格式不兼容；删除并重新生成；正在链接对象，如同没有调试信息一样
msvcprtd.lib(MSVCP140D.dll) : warning LNK4208: “”中的 PDB 格式不兼容；删除并重新生成；正在链接对象，如同没有调试信息一样
msvcprtd.lib(MSVCP140D.dll) : warning LNK4208: “”中的 PDB 格式不兼容；删除并重新生成；正在链接对象，如同没有调试信息一样
msvcprtd.lib(MSVCP140D.dll) : warning LNK4208: “”中的 PDB 格式不兼容；删除并重新生成；正在链接对象，如同没有调试信息一样
msvcprtd.lib(MSVCP140D.dll) : warning LNK4208: “”中的 PDB 格式不兼容；删除并重新生成；正在链接对象，如同没有调试信息一样
msvcprtd.lib(MSVCP140D.dll) : warning LNK4208: “”中的 PDB 格式不兼容；删除并重新生成；正在链接对象，如同没有调试信息一样
msvcprtd.lib(MSVCP140D.dll) : warning LNK4208: “”中的 PDB 格式不兼容；删除并重新生成；正在链接对象，如同没有调试信息一样
msvcprtd.lib(MSVCP140D.dll) : warning LNK4208: “”中的 PDB 格式不兼容；删除并重新生成；正在链接对象，如同没有调试信息一样
msvcprtd.lib(MSVCP140D.dll) : warning LNK4208: “”中的 PDB 格式不兼容；删除并重新生成；正在链接对象，如同没有调试信息一样
msvcprtd.lib(MSVCP140D.dll) : warning LNK4208: “”中的 PDB 格式不兼容；删除并重新生成；正在链接对象，如同没有调试信息一样
msvcprtd.lib(MSVCP140D.dll) : warning LNK4208: “”中的 PDB 格式不兼容；删除并重新生成；正在链接对象，如同没有调试信息一样
msvcprtd.lib(MSVCP140D.dll) : warning LNK4208: “”中的 PDB 格式不兼容；删除并重新生成；正在链接对象，如同没有调试信息一样
msvcprtd.lib(MSVCP140D.dll) : warning LNK4208: “”中的 PDB 格式不兼容；删除并重新生成；正在链接对象，如同没有调试信息一样
msvcprtd.lib(MSVCP140D.dll) : warning LNK4208: “”中的 PDB 格式不兼容；删除并重新生成；正在链接对象，如同没有调试信息一样
msvcprtd.lib(MSVCP140D.dll) : warning LNK4208: “”中的 PDB 格式不兼容；删除并重新生成；正在链接对象，如同没有调试信息一样
msvcprtd.lib(MSVCP140D.dll) : warning LNK4208: “”中的 PDB 格式不兼容；删除并重新生成；正在链接对象，如同没有调试信息一样
msvcprtd.lib(MSVCP140D.dll) : warning LNK4208: “”中的 PDB 格式不兼容；删除并重新生成；正在链接对象，如同没有调试信息一样
msvcprtd.lib(MSVCP140D.dll) : warning LNK4208: “”中的 PDB 格式不兼容；删除并重新生成；正在链接对象，如同没有调试信息一样
msvcprtd.lib(MSVCP140D.dll) : warning LNK4208: “”中的 PDB 格式不兼容；删除并重新生成；正在链接对象，如同没有调试信息一样
msvcprtd.lib(MSVCP140D.dll) : warning LNK4208: “”中的 PDB 格式不兼容；删除并重新生成；正在链接对象，如同没有调试信息一样
msvcprtd.lib(MSVCP140D.dll) : warning LNK4208: “”中的 PDB 格式不兼容；删除并重新生成；正在链接对象，如同没有调试信息一样
msvcprtd.lib(MSVCP140D.dll) : warning LNK4208: “”中的 PDB 格式不兼容；删除并重新生成；正在链接对象，如同没有调试信息一样
msvcprtd.lib(MSVCP140D.dll) : warning LNK4208: “”中的 PDB 格式不兼容；删除并重新生成；正在链接对象，如同没有调试信息一样
msvcprtd.lib(MSVCP140D.dll) : warning LNK4208: “”中的 PDB 格式不兼容；删除并重新生成；正在链接对象，如同没有调试信息一样
msvcprtd.lib(MSVCP140D.dll) : warning LNK4208: “”中的 PDB 格式不兼容；删除并重新生成；正在链接对象，如同没有调试信息一样
msvcprtd.lib(MSVCP140D.dll) : warning LNK4208: “”中的 PDB 格式不兼容；删除并重新生成；正在链接对象，如同没有调试信息一样
msvcprtd.lib(MSVCP140D.dll) : warning LNK4208: “”中的 PDB 格式不兼容；删除并重新生成；正在链接对象，如同没有调试信息一样
vcruntimed.lib(VCRUNTIME140_1D.dll) : warning LNK4208: “”中的 PDB 格式不兼容；删除并重新生成；正在链接对象，如同没有调试信息一样
vcruntimed.lib(VCRUNTIME140_1D.dll) : warning LNK4208: “”中的 PDB 格式不兼容；删除并重新生成；正在链接对象，如同没有调试信息一样
vcruntimed.lib(VCRUNTIME140_1D.dll) : warning LNK4208: “”中的 PDB 格式不兼容；删除并重新生成；正在链接对象，如同没有调试信息一样
vcruntimed.lib(VCRUNTIME140_1D.dll) : warning LNK4208: “”中的 PDB 格式不兼容；删除并重新生成；正在链接对象，如同没有调试信息一样
vcruntimed.lib(VCRUNTIME140_1D.dll) : warning LNK4208: “”中的 PDB 格式不兼容；删除并重新生成；正在链接对象，如同没有调试信息一样
vcruntimed.lib(VCRUNTIME140_1D.dll) : warning LNK4208: “”中的 PDB 格式不兼容；删除并重新生成；正在链接对象，如同没有调试信息一样
vcruntimed.lib(VCRUNTIME140_1D.dll) : warning LNK4208: “”中的 PDB 格式不兼容；删除并重新生成；正在链接对象，如同没有调试信息一样
    正在创建库 ..\..\..\..\VS2012\x64\Debug\tools\rtspCli\rtspCliHelp.lib 和对象 ..\..\..\..\VS2012\x64\Debug\tools\rtspCli\rtspCliHelp.exp
MSVCRTD.lib(ucrt_stubs.obj) : warning LNK4208: “”中的 PDB 格式不兼容；删除并重新生成；正在链接对象，如同没有调试信息一样
MSVCRTD.lib(ucrt_stubs.obj) : warning LNK4208: “”中的 PDB 格式不兼容；删除并重新生成；正在链接对象，如同没有调试信息一样
MSVCRTD.lib(ucrt_stubs.obj) : warning LNK4208: “”中的 PDB 格式不兼容；删除并重新生成；正在链接对象，如同没有调试信息一样
MSVCRTD.lib(ucrt_stubs.obj) : warning LNK4208: “”中的 PDB 格式不兼容；删除并重新生成；正在链接对象，如同没有调试信息一样
MSVCRTD.lib(ucrt_stubs.obj) : warning LNK4208: “”中的 PDB 格式不兼容；删除并重新生成；正在链接对象，如同没有调试信息一样
MSVCRTD.lib(ucrt_stubs.obj) : warning LNK4208: “”中的 PDB 格式不兼容；删除并重新生成；正在链接对象，如同没有调试信息一样
MSVCRTD.lib(ucrt_stubs.obj) : warning LNK4208: “”中的 PDB 格式不兼容；删除并重新生成；正在链接对象，如同没有调试信息一样
MSVCRTD.lib(loadcfg.obj) : warning LNK4208: “”中的 PDB 格式不兼容；删除并重新生成；正在链接对象，如同没有调试信息一样
vcruntimed.lib(softmemtag.obj) : warning LNK4208: “”中的 PDB 格式不兼容；删除并重新生成；正在链接对象，如同没有调试信息一样
LINK : fatal error LNK1207: “E:\root\openRtComm-new\VS2012\x64\Debug\tools\rtspCli\rtspCliHelp.pdb”中的 PDB 格式不兼容；请删除并重新生成
