Begin Time:2023-11-04T12:13:00.632
[2023-11-04T12:13:00.632 info Netsdk:63708 6816:2796 AVNetSDKMgr.cpp:504]Load avnetsdk library dynamically
[2023-11-04T12:13:00.641 info Netsdk:63708 6816:2796 AVNetSDKMgr.cpp:549]avnetsdk module handle: 000002816E920000

[2023-11-04T12:13:00.641 info Netsdk:63708 6816:2796 AVNetSDKMgr.cpp:823]Load configsdk dynamically
[2023-11-04T12:13:00.662 info Netsdk:63708 6816:2796 dhnetsdk.cpp:302]Enter CLIENT_SetAutoReconnect:[cbAutoConnect=00007FF6315E9DA8, dwUser=000000A42E93CBB0].
[2023-11-04T12:13:00.662 info Netsdk:63708 6816:2796 dhnetsdk.cpp:304]Leave CLIENT_SetAutoReconnect.
[2023-11-04T12:13:00.724 info Netsdk:63708 6816:2796 dhnetsdk.cpp:991]Enter CLIENT_LoginWithHighLevelSecurity. pstInParam:000000A42E93B040, pstOutParam:000000A42E93B140.
[2023-11-04T12:13:00.724 info Netsdk:63708 6816:2796 dhnetsdk.cpp:1007]IP:218.240.128.210, port:37777, SpeCap:0, CapParam:0000000000000000, TLSCap:0
[2023-11-04T12:13:01.626 info Netsdk:63708 6816:2796 dhnetsdk.cpp:1054]Leave CLIENT_LoginWithHighLevelSecurity. error:0, login ID:1792832048.
[2023-11-04T12:13:01.630 info Netsdk:63708 6816:2796 dhnetsdk.cpp:8181]Enter CLIENT_QueryDevState. [lLoginID=1792832048, nType=82, pBuf=000000A42E93B268, nBufLen=60, pRetLen=000000A42E93B244, waittime=1000.]
[2023-11-04T12:13:01.851 info Netsdk:63708 6816:2796 dhnetsdk.cpp:8205]Leave CLIENT_QueryDevState.ret:1.
[2023-11-04T12:13:01.855 info Netsdk:63708 6816:2796 dhnetsdk.cpp:1288]Enter CLIENT_RealPlayEx. lLoginID:1792832048. nChannelID:0. rType:0
[2023-11-04T12:13:02.176 error Netsdk:63708 6816:2796 Generation2ProtocolSecureTransmit.cpp:661]Not find
[2023-11-04T12:13:02.176 info Netsdk:63708 6816:2796 DevConfigEx.cpp:11689]IN SetupSession PORT=0 and PORT: 37777
[2023-11-04T12:13:02.327 info Netsdk:63708 6816:2796 dhnetsdk.cpp:1354]Leave CLIENT_RealPlayEx. ret:1880257808
[2023-11-04T12:13:08.762 info Netsdk:63708 6816:2796 dhnetsdk.cpp:5105]Enter CLIENT_DHPTZControl. [lLoginID=1792832048, nChannelID=0, dwPTZCommand=2, param1=0, param2=4, param3=0, dwStop=0, param4=0000000000000000.]
[2023-11-04T12:13:08.763 info Netsdk:63708 6816:2796 dhnetsdk.cpp:5128]Leave CLIENT_DHPTZControl.ret:1.
[2023-11-04T12:13:08.983 info Netsdk:63708 6816:2796 dhnetsdk.cpp:5105]Enter CLIENT_DHPTZControl. [lLoginID=1792832048, nChannelID=0, dwPTZCommand=2, param1=0, param2=4, param3=0, dwStop=1, param4=0000000000000000.]
[2023-11-04T12:13:08.983 info Netsdk:63708 6816:2796 dhnetsdk.cpp:5128]Leave CLIENT_DHPTZControl.ret:1.
[2023-11-04T12:13:10.299 info Netsdk:63708 6816:2796 dhnetsdk.cpp:5105]Enter CLIENT_DHPTZControl. [lLoginID=1792832048, nChannelID=0, dwPTZCommand=2, param1=0, param2=4, param3=0, dwStop=0, param4=0000000000000000.]
[2023-11-04T12:13:10.299 info Netsdk:63708 6816:2796 dhnetsdk.cpp:5128]Leave CLIENT_DHPTZControl.ret:1.
[2023-11-04T12:13:10.548 info Netsdk:63708 6816:2796 dhnetsdk.cpp:5105]Enter CLIENT_DHPTZControl. [lLoginID=1792832048, nChannelID=0, dwPTZCommand=2, param1=0, param2=4, param3=0, dwStop=1, param4=0000000000000000.]
[2023-11-04T12:13:10.548 info Netsdk:63708 6816:2796 dhnetsdk.cpp:5128]Leave CLIENT_DHPTZControl.ret:1.
[2023-11-04T12:13:10.797 info Netsdk:63708 6816:2796 dhnetsdk.cpp:5105]Enter CLIENT_DHPTZControl. [lLoginID=1792832048, nChannelID=0, dwPTZCommand=2, param1=0, param2=4, param3=0, dwStop=0, param4=0000000000000000.]
[2023-11-04T12:13:10.798 info Netsdk:63708 6816:2796 dhnetsdk.cpp:5128]Leave CLIENT_DHPTZControl.ret:1.
[2023-11-04T12:13:11.018 info Netsdk:63708 6816:2796 dhnetsdk.cpp:5105]Enter CLIENT_DHPTZControl. [lLoginID=1792832048, nChannelID=0, dwPTZCommand=2, param1=0, param2=4, param3=0, dwStop=1, param4=0000000000000000.]
[2023-11-04T12:13:11.018 info Netsdk:63708 6816:2796 dhnetsdk.cpp:5128]Leave CLIENT_DHPTZControl.ret:1.
[2023-11-04T12:13:11.575 info Netsdk:63708 6816:2796 dhnetsdk.cpp:5105]Enter CLIENT_DHPTZControl. [lLoginID=1792832048, nChannelID=0, dwPTZCommand=2, param1=0, param2=4, param3=0, dwStop=0, param4=0000000000000000.]
[2023-11-04T12:13:11.576 info Netsdk:63708 6816:2796 dhnetsdk.cpp:5128]Leave CLIENT_DHPTZControl.ret:1.
[2023-11-04T12:13:11.801 info Netsdk:63708 6816:2796 dhnetsdk.cpp:5105]Enter CLIENT_DHPTZControl. [lLoginID=1792832048, nChannelID=0, dwPTZCommand=2, param1=0, param2=4, param3=0, dwStop=1, param4=0000000000000000.]
[2023-11-04T12:13:11.802 info Netsdk:63708 6816:2796 dhnetsdk.cpp:5128]Leave CLIENT_DHPTZControl.ret:1.
[2023-11-04T12:13:12.010 info Netsdk:63708 6816:2796 dhnetsdk.cpp:5105]Enter CLIENT_DHPTZControl. [lLoginID=1792832048, nChannelID=0, dwPTZCommand=2, param1=0, param2=4, param3=0, dwStop=0, param4=0000000000000000.]
[2023-11-04T12:13:12.010 info Netsdk:63708 6816:2796 dhnetsdk.cpp:5128]Leave CLIENT_DHPTZControl.ret:1.
[2023-11-04T12:13:12.204 info Netsdk:63708 6816:2796 dhnetsdk.cpp:5105]Enter CLIENT_DHPTZControl. [lLoginID=1792832048, nChannelID=0, dwPTZCommand=2, param1=0, param2=4, param3=0, dwStop=1, param4=0000000000000000.]
[2023-11-04T12:13:12.205 info Netsdk:63708 6816:2796 dhnetsdk.cpp:5128]Leave CLIENT_DHPTZControl.ret:1.
[2023-11-04T12:13:17.366 info Netsdk:63708 6816:2796 dhnetsdk.cpp:5105]Enter CLIENT_DHPTZControl. [lLoginID=1792832048, nChannelID=0, dwPTZCommand=2, param1=0, param2=4, param3=0, dwStop=0, param4=0000000000000000.]
[2023-11-04T12:13:17.366 info Netsdk:63708 6816:2796 dhnetsdk.cpp:5128]Leave CLIENT_DHPTZControl.ret:1.
[2023-11-04T12:13:17.597 info Netsdk:63708 6816:2796 dhnetsdk.cpp:5105]Enter CLIENT_DHPTZControl. [lLoginID=1792832048, nChannelID=0, dwPTZCommand=2, param1=0, param2=4, param3=0, dwStop=1, param4=0000000000000000.]
[2023-11-04T12:13:17.597 info Netsdk:63708 6816:2796 dhnetsdk.cpp:5128]Leave CLIENT_DHPTZControl.ret:1.
[2023-11-04T12:13:17.798 info Netsdk:63708 6816:2796 dhnetsdk.cpp:5105]Enter CLIENT_DHPTZControl. [lLoginID=1792832048, nChannelID=0, dwPTZCommand=2, param1=0, param2=4, param3=0, dwStop=0, param4=0000000000000000.]
[2023-11-04T12:13:17.799 info Netsdk:63708 6816:2796 dhnetsdk.cpp:5128]Leave CLIENT_DHPTZControl.ret:1.
[2023-11-04T12:13:18.020 info Netsdk:63708 6816:2796 dhnetsdk.cpp:5105]Enter CLIENT_DHPTZControl. [lLoginID=1792832048, nChannelID=0, dwPTZCommand=2, param1=0, param2=4, param3=0, dwStop=1, param4=0000000000000000.]
[2023-11-04T12:13:18.020 info Netsdk:63708 6816:2796 dhnetsdk.cpp:5128]Leave CLIENT_DHPTZControl.ret:1.
[2023-11-04T12:13:20.179 info Netsdk:63708 6816:2796 dhnetsdk.cpp:5105]Enter CLIENT_DHPTZControl. [lLoginID=1792832048, nChannelID=0, dwPTZCommand=2, param1=0, param2=4, param3=0, dwStop=0, param4=0000000000000000.]
[2023-11-04T12:13:20.179 info Netsdk:63708 6816:2796 dhnetsdk.cpp:5128]Leave CLIENT_DHPTZControl.ret:1.
[2023-11-04T12:13:20.421 info Netsdk:63708 6816:2796 dhnetsdk.cpp:5105]Enter CLIENT_DHPTZControl. [lLoginID=1792832048, nChannelID=0, dwPTZCommand=2, param1=0, param2=4, param3=0, dwStop=1, param4=0000000000000000.]
[2023-11-04T12:13:20.422 info Netsdk:63708 6816:2796 dhnetsdk.cpp:5128]Leave CLIENT_DHPTZControl.ret:1.
[2023-11-04T12:13:20.631 info Netsdk:63708 6816:2796 dhnetsdk.cpp:5105]Enter CLIENT_DHPTZControl. [lLoginID=1792832048, nChannelID=0, dwPTZCommand=2, param1=0, param2=4, param3=0, dwStop=0, param4=0000000000000000.]
[2023-11-04T12:13:20.631 info Netsdk:63708 6816:2796 dhnetsdk.cpp:5128]Leave CLIENT_DHPTZControl.ret:1.
[2023-11-04T12:13:20.851 info Netsdk:63708 6816:2796 dhnetsdk.cpp:5105]Enter CLIENT_DHPTZControl. [lLoginID=1792832048, nChannelID=0, dwPTZCommand=2, param1=0, param2=4, param3=0, dwStop=1, param4=0000000000000000.]
[2023-11-04T12:13:20.852 info Netsdk:63708 6816:2796 dhnetsdk.cpp:5128]Leave CLIENT_DHPTZControl.ret:1.
[2023-11-04T12:13:21.061 info Netsdk:63708 6816:2796 dhnetsdk.cpp:5105]Enter CLIENT_DHPTZControl. [lLoginID=1792832048, nChannelID=0, dwPTZCommand=2, param1=0, param2=4, param3=0, dwStop=0, param4=0000000000000000.]
[2023-11-04T12:13:21.061 info Netsdk:63708 6816:2796 dhnetsdk.cpp:5128]Leave CLIENT_DHPTZControl.ret:1.
[2023-11-04T12:13:21.268 info Netsdk:63708 6816:2796 dhnetsdk.cpp:5105]Enter CLIENT_DHPTZControl. [lLoginID=1792832048, nChannelID=0, dwPTZCommand=2, param1=0, param2=4, param3=0, dwStop=1, param4=0000000000000000.]
[2023-11-04T12:13:21.268 info Netsdk:63708 6816:2796 dhnetsdk.cpp:5128]Leave CLIENT_DHPTZControl.ret:1.
[2023-11-04T12:13:21.491 info Netsdk:63708 6816:2796 dhnetsdk.cpp:5105]Enter CLIENT_DHPTZControl. [lLoginID=1792832048, nChannelID=0, dwPTZCommand=2, param1=0, param2=4, param3=0, dwStop=0, param4=0000000000000000.]
[2023-11-04T12:13:21.491 info Netsdk:63708 6816:2796 dhnetsdk.cpp:5128]Leave CLIENT_DHPTZControl.ret:1.
[2023-11-04T12:13:21.703 info Netsdk:63708 6816:2796 dhnetsdk.cpp:5105]Enter CLIENT_DHPTZControl. [lLoginID=1792832048, nChannelID=0, dwPTZCommand=2, param1=0, param2=4, param3=0, dwStop=1, param4=0000000000000000.]
[2023-11-04T12:13:21.703 info Netsdk:63708 6816:2796 dhnetsdk.cpp:5128]Leave CLIENT_DHPTZControl.ret:1.
[2023-11-04T12:13:21.920 info Netsdk:63708 6816:2796 dhnetsdk.cpp:5105]Enter CLIENT_DHPTZControl. [lLoginID=1792832048, nChannelID=0, dwPTZCommand=2, param1=0, param2=4, param3=0, dwStop=0, param4=0000000000000000.]
[2023-11-04T12:13:21.921 info Netsdk:63708 6816:2796 dhnetsdk.cpp:5128]Leave CLIENT_DHPTZControl.ret:1.
[2023-11-04T12:13:22.127 info Netsdk:63708 6816:2796 dhnetsdk.cpp:5105]Enter CLIENT_DHPTZControl. [lLoginID=1792832048, nChannelID=0, dwPTZCommand=2, param1=0, param2=4, param3=0, dwStop=1, param4=0000000000000000.]
[2023-11-04T12:13:22.127 info Netsdk:63708 6816:2796 dhnetsdk.cpp:5128]Leave CLIENT_DHPTZControl.ret:1.
[2023-11-04T12:13:23.028 info Netsdk:63708 6816:2796 dhnetsdk.cpp:5105]Enter CLIENT_DHPTZControl. [lLoginID=1792832048, nChannelID=0, dwPTZCommand=2, param1=0, param2=4, param3=0, dwStop=0, param4=0000000000000000.]
[2023-11-04T12:13:23.028 info Netsdk:63708 6816:2796 dhnetsdk.cpp:5128]Leave CLIENT_DHPTZControl.ret:1.
[2023-11-04T12:13:23.265 info Netsdk:63708 6816:2796 dhnetsdk.cpp:5105]Enter CLIENT_DHPTZControl. [lLoginID=1792832048, nChannelID=0, dwPTZCommand=2, param1=0, param2=4, param3=0, dwStop=1, param4=0000000000000000.]
[2023-11-04T12:13:23.265 info Netsdk:63708 6816:2796 dhnetsdk.cpp:5128]Leave CLIENT_DHPTZControl.ret:1.
[2023-11-04T12:13:23.479 info Netsdk:63708 6816:2796 dhnetsdk.cpp:5105]Enter CLIENT_DHPTZControl. [lLoginID=1792832048, nChannelID=0, dwPTZCommand=2, param1=0, param2=4, param3=0, dwStop=0, param4=0000000000000000.]
[2023-11-04T12:13:23.480 info Netsdk:63708 6816:2796 dhnetsdk.cpp:5128]Leave CLIENT_DHPTZControl.ret:1.
[2023-11-04T12:13:23.696 info Netsdk:63708 6816:2796 dhnetsdk.cpp:5105]Enter CLIENT_DHPTZControl. [lLoginID=1792832048, nChannelID=0, dwPTZCommand=2, param1=0, param2=4, param3=0, dwStop=1, param4=0000000000000000.]
[2023-11-04T12:13:23.697 info Netsdk:63708 6816:2796 dhnetsdk.cpp:5128]Leave CLIENT_DHPTZControl.ret:1.
[2023-11-04T12:13:28.225 info Netsdk:63708 6816:2796 dhnetsdk.cpp:2090]Enter CLIENT_StopRealPlayEx. lRealHandle:1880257808.
[2023-11-04T12:13:28.254 info Netsdk:63708 6816:2796 dhnetsdk.cpp:2104]Leave CLIENT_StopRealPlayEx. ret:1
[2023-11-04T12:13:28.254 info Netsdk:63708 6816:2796 dhnetsdk.cpp:1288]Enter CLIENT_RealPlayEx. lLoginID:1792832048. nChannelID:1. rType:0
[2023-11-04T12:13:28.328 error Netsdk:63708 6816:2796 Generation2ProtocolSecureTransmit.cpp:661]Not find
[2023-11-04T12:13:28.328 info Netsdk:63708 6816:2796 DevConfigEx.cpp:11689]IN SetupSession PORT=0 and PORT: 37777
[2023-11-04T12:13:28.393 info Netsdk:63708 6816:2796 dhnetsdk.cpp:1354]Leave CLIENT_RealPlayEx. ret:1880258896
[2023-11-04T12:13:31.068 info Netsdk:63708 6816:2796 dhnetsdk.cpp:5105]Enter CLIENT_DHPTZControl. [lLoginID=1792832048, nChannelID=1, dwPTZCommand=2, param1=0, param2=4, param3=0, dwStop=0, param4=0000000000000000.]
[2023-11-04T12:13:31.068 info Netsdk:63708 6816:2796 dhnetsdk.cpp:5128]Leave CLIENT_DHPTZControl.ret:1.
[2023-11-04T12:13:31.288 info Netsdk:63708 6816:2796 dhnetsdk.cpp:5105]Enter CLIENT_DHPTZControl. [lLoginID=1792832048, nChannelID=1, dwPTZCommand=2, param1=0, param2=4, param3=0, dwStop=1, param4=0000000000000000.]
[2023-11-04T12:13:31.288 info Netsdk:63708 6816:2796 dhnetsdk.cpp:5128]Leave CLIENT_DHPTZControl.ret:1.
[2023-11-04T12:13:31.855 info Netsdk:63708 6816:2796 dhnetsdk.cpp:5105]Enter CLIENT_DHPTZControl. [lLoginID=1792832048, nChannelID=1, dwPTZCommand=2, param1=0, param2=4, param3=0, dwStop=0, param4=0000000000000000.]
[2023-11-04T12:13:31.856 info Netsdk:63708 6816:2796 dhnetsdk.cpp:5128]Leave CLIENT_DHPTZControl.ret:1.
[2023-11-04T12:13:32.091 info Netsdk:63708 6816:2796 dhnetsdk.cpp:5105]Enter CLIENT_DHPTZControl. [lLoginID=1792832048, nChannelID=1, dwPTZCommand=2, param1=0, param2=4, param3=0, dwStop=1, param4=0000000000000000.]
[2023-11-04T12:13:32.091 info Netsdk:63708 6816:2796 dhnetsdk.cpp:5128]Leave CLIENT_DHPTZControl.ret:1.
[2023-11-04T12:13:32.306 info Netsdk:63708 6816:2796 dhnetsdk.cpp:5105]Enter CLIENT_DHPTZControl. [lLoginID=1792832048, nChannelID=1, dwPTZCommand=2, param1=0, param2=4, param3=0, dwStop=0, param4=0000000000000000.]
[2023-11-04T12:13:32.307 info Netsdk:63708 6816:2796 dhnetsdk.cpp:5128]Leave CLIENT_DHPTZControl.ret:1.
[2023-11-04T12:13:32.507 info Netsdk:63708 6816:2796 dhnetsdk.cpp:5105]Enter CLIENT_DHPTZControl. [lLoginID=1792832048, nChannelID=1, dwPTZCommand=2, param1=0, param2=4, param3=0, dwStop=1, param4=0000000000000000.]
[2023-11-04T12:13:32.507 info Netsdk:63708 6816:2796 dhnetsdk.cpp:5128]Leave CLIENT_DHPTZControl.ret:1.
[2023-11-04T12:13:32.708 info Netsdk:63708 6816:2796 dhnetsdk.cpp:5105]Enter CLIENT_DHPTZControl. [lLoginID=1792832048, nChannelID=1, dwPTZCommand=2, param1=0, param2=4, param3=0, dwStop=0, param4=0000000000000000.]
[2023-11-04T12:13:32.709 info Netsdk:63708 6816:2796 dhnetsdk.cpp:5128]Leave CLIENT_DHPTZControl.ret:1.
[2023-11-04T12:13:32.916 info Netsdk:63708 6816:2796 dhnetsdk.cpp:5105]Enter CLIENT_DHPTZControl. [lLoginID=1792832048, nChannelID=1, dwPTZCommand=2, param1=0, param2=4, param3=0, dwStop=1, param4=0000000000000000.]
[2023-11-04T12:13:32.916 info Netsdk:63708 6816:2796 dhnetsdk.cpp:5128]Leave CLIENT_DHPTZControl.ret:1.
[2023-11-04T12:13:33.125 info Netsdk:63708 6816:2796 dhnetsdk.cpp:5105]Enter CLIENT_DHPTZControl. [lLoginID=1792832048, nChannelID=1, dwPTZCommand=2, param1=0, param2=4, param3=0, dwStop=0, param4=0000000000000000.]
[2023-11-04T12:13:33.125 info Netsdk:63708 6816:2796 dhnetsdk.cpp:5128]Leave CLIENT_DHPTZControl.ret:1.
[2023-11-04T12:13:33.343 info Netsdk:63708 6816:2796 dhnetsdk.cpp:5105]Enter CLIENT_DHPTZControl. [lLoginID=1792832048, nChannelID=1, dwPTZCommand=2, param1=0, param2=4, param3=0, dwStop=1, param4=0000000000000000.]
[2023-11-04T12:13:33.343 info Netsdk:63708 6816:2796 dhnetsdk.cpp:5128]Leave CLIENT_DHPTZControl.ret:1.
[2023-11-04T12:13:36.249 info Netsdk:63708 6816:2796 dhnetsdk.cpp:5105]Enter CLIENT_DHPTZControl. [lLoginID=1792832048, nChannelID=1, dwPTZCommand=3, param1=0, param2=4, param3=0, dwStop=0, param4=0000000000000000.]
[2023-11-04T12:13:36.250 info Netsdk:63708 6816:2796 dhnetsdk.cpp:5128]Leave CLIENT_DHPTZControl.ret:1.
[2023-11-04T12:13:36.473 info Netsdk:63708 6816:2796 dhnetsdk.cpp:5105]Enter CLIENT_DHPTZControl. [lLoginID=1792832048, nChannelID=1, dwPTZCommand=3, param1=0, param2=4, param3=0, dwStop=1, param4=0000000000000000.]
[2023-11-04T12:13:36.474 info Netsdk:63708 6816:2796 dhnetsdk.cpp:5128]Leave CLIENT_DHPTZControl.ret:1.
[2023-11-04T12:13:39.497 info Netsdk:63708 6816:2796 dhnetsdk.cpp:2090]Enter CLIENT_StopRealPlayEx. lRealHandle:1880258896.
[2023-11-04T12:13:39.513 info Netsdk:63708 6816:2796 dhnetsdk.cpp:2104]Leave CLIENT_StopRealPlayEx. ret:1
[2023-11-04T12:13:39.513 info Netsdk:63708 6816:2796 dhnetsdk.cpp:1075]Enter CLIENT_Logout. lLoginID:1792832048.
[2023-11-04T12:13:39.514 error Netsdk:63708 6816:2796 TPTCPClient.cpp:723]Device is not online, ip:218.240.128.210
[2023-11-04T12:13:39.514 info Netsdk:63708 6816:2796 dhnetsdk.cpp:1097]Leave CLIENT_Logout. ret:1
Begin Time:2023-11-06T00:31:18.312
[2023-11-06T00:31:18.313 info Netsdk:63708 34960:17640 AVNetSDKMgr.cpp:504]Load avnetsdk library dynamically
[2023-11-06T00:31:18.406 info Netsdk:63708 34960:17640 AVNetSDKMgr.cpp:549]avnetsdk module handle: 00000297C91E0000

[2023-11-06T00:31:18.406 info Netsdk:63708 34960:17640 AVNetSDKMgr.cpp:823]Load configsdk dynamically
[2023-11-06T00:31:18.497 info Netsdk:63708 34960:17640 dhnetsdk.cpp:352]Enter CLIENT_SetNetworkParam:[nWaittime=0, nConnectTime=0, nConnectTryNum=2, nSubConnectSpaceTime=0, nGetDevInfoTime=3000, nConnectBufSize=0, nGetConnInfoTime=0, nSearchRecordTime=0, nsubDisconnetTime=0, byNetType=0, byPlaybackBufSize=0, bDetectDisconnTime=0, bKeepLifeInterval=0, nPicBufSize=0].
[2023-11-06T00:31:18.497 info Netsdk:63708 34960:17640 dhnetsdk.cpp:367]Leave CLIENT_SetNetworkParam.
[2023-11-06T00:31:18.497 info Netsdk:63708 34960:17640 dhnetsdk.cpp:302]Enter CLIENT_SetAutoReconnect:[cbAutoConnect=00007FF7E1859CA4, dwUser=000000F656DCE320].
[2023-11-06T00:31:18.497 info Netsdk:63708 34960:17640 dhnetsdk.cpp:304]Leave CLIENT_SetAutoReconnect.
[2023-11-06T00:31:18.829 info Netsdk:63708 34960:17640 dhnetsdk.cpp:991]Enter CLIENT_LoginWithHighLevelSecurity. pstInParam:000000F656DCC890, pstOutParam:000000F656DCC990.
[2023-11-06T00:31:18.829 info Netsdk:63708 34960:17640 dhnetsdk.cpp:1007]IP:218.240.128.210, port:37777, SpeCap:0, CapParam:0000000000000000, TLSCap:0
[2023-11-06T00:31:19.890 info Netsdk:63708 34960:17640 dhnetsdk.cpp:1054]Leave CLIENT_LoginWithHighLevelSecurity. error:0, login ID:-976968416.
[2023-11-06T00:31:19.902 info Netsdk:63708 34960:17640 dhnetsdk.cpp:8181]Enter CLIENT_QueryDevState. [lLoginID=-976968416, nType=4, pBuf=000000F656DCAED0, nBufLen=3076, pRetLen=000000F656DCC724, waittime=3000.]
[2023-11-06T00:31:19.980 info Netsdk:63708 34960:17640 dhnetsdk.cpp:8205]Leave CLIENT_QueryDevState.ret:1.
Begin Time:2023-11-06T00:45:07.000
[2023-11-06T00:45:07.000 info Netsdk:63708 37512:35604 AVNetSDKMgr.cpp:504]Load avnetsdk library dynamically
[2023-11-06T00:45:07.076 info Netsdk:63708 37512:35604 AVNetSDKMgr.cpp:549]avnetsdk module handle: 000002D2C9800000

[2023-11-06T00:45:07.076 info Netsdk:63708 37512:35604 AVNetSDKMgr.cpp:823]Load configsdk dynamically
[2023-11-06T00:45:07.135 info Netsdk:63708 37512:35604 dhnetsdk.cpp:352]Enter CLIENT_SetNetworkParam:[nWaittime=0, nConnectTime=0, nConnectTryNum=2, nSubConnectSpaceTime=0, nGetDevInfoTime=3000, nConnectBufSize=0, nGetConnInfoTime=0, nSearchRecordTime=0, nsubDisconnetTime=0, byNetType=0, byPlaybackBufSize=0, bDetectDisconnTime=0, bKeepLifeInterval=0, nPicBufSize=0].
[2023-11-06T00:45:07.135 info Netsdk:63708 37512:35604 dhnetsdk.cpp:367]Leave CLIENT_SetNetworkParam.
[2023-11-06T00:45:07.136 info Netsdk:63708 37512:35604 dhnetsdk.cpp:302]Enter CLIENT_SetAutoReconnect:[cbAutoConnect=00007FF79FBC9CA4, dwUser=000000D2F0DFEA00].
[2023-11-06T00:45:07.136 info Netsdk:63708 37512:35604 dhnetsdk.cpp:304]Leave CLIENT_SetAutoReconnect.
[2023-11-06T00:45:07.431 info Netsdk:63708 37512:35604 dhnetsdk.cpp:991]Enter CLIENT_LoginWithHighLevelSecurity. pstInParam:000000D2F0DFCF70, pstOutParam:000000D2F0DFD070.
[2023-11-06T00:45:07.431 info Netsdk:63708 37512:35604 dhnetsdk.cpp:1007]IP:218.240.128.210, port:37777, SpeCap:0, CapParam:0000000000000000, TLSCap:0
[2023-11-06T00:45:08.932 error Netsdk:63708 37512:35604 TPTCPClient.cpp:522]Connect host failed, ip:218.240.128.210
[2023-11-06T00:45:09.337 info Netsdk:63708 37512:35604 dhnetsdk.cpp:1054]Leave CLIENT_LoginWithHighLevelSecurity. error:0, login ID:-970289408.
[2023-11-06T00:45:09.368 info Netsdk:63708 37512:35604 dhnetsdk.cpp:8181]Enter CLIENT_QueryDevState. [lLoginID=-970289408, nType=4, pBuf=000000D2F0DFB5B0, nBufLen=3076, pRetLen=000000D2F0DFCE04, waittime=3000.]
[2023-11-06T00:45:09.397 info Netsdk:63708 37512:35604 dhnetsdk.cpp:8205]Leave CLIENT_QueryDevState.ret:1.
[2023-11-06T00:56:36.997 info Netsdk:63708 37512:35604 dhnetsdk.cpp:1075]Enter CLIENT_Logout. lLoginID:-970289408.
[2023-11-06T00:56:37.000 error Netsdk:63708 37512:35604 TPTCPClient.cpp:723]Device is not online, ip:218.240.128.210
[2023-11-06T00:56:37.001 info Netsdk:63708 37512:35604 dhnetsdk.cpp:1097]Leave CLIENT_Logout. ret:1
Begin Time:2023-11-06T01:10:06.361
[2023-11-06T01:10:06.361 info Netsdk:63708 3496:37060 AVNetSDKMgr.cpp:504]Load avnetsdk library dynamically
[2023-11-06T01:10:06.416 info Netsdk:63708 3496:37060 AVNetSDKMgr.cpp:549]avnetsdk module handle: 000001CE3F1F0000

[2023-11-06T01:10:06.416 info Netsdk:63708 3496:37060 AVNetSDKMgr.cpp:823]Load configsdk dynamically
[2023-11-06T01:10:06.457 info Netsdk:63708 3496:37060 dhnetsdk.cpp:352]Enter CLIENT_SetNetworkParam:[nWaittime=0, nConnectTime=0, nConnectTryNum=2, nSubConnectSpaceTime=0, nGetDevInfoTime=3000, nConnectBufSize=0, nGetConnInfoTime=0, nSearchRecordTime=0, nsubDisconnetTime=0, byNetType=0, byPlaybackBufSize=0, bDetectDisconnTime=0, bKeepLifeInterval=0, nPicBufSize=0].
[2023-11-06T01:10:06.457 info Netsdk:63708 3496:37060 dhnetsdk.cpp:367]Leave CLIENT_SetNetworkParam.
[2023-11-06T01:10:06.457 info Netsdk:63708 3496:37060 dhnetsdk.cpp:302]Enter CLIENT_SetAutoReconnect:[cbAutoConnect=00007FF79FBC9CA4, dwUser=000000AF2F3CEAA0].
[2023-11-06T01:10:06.457 info Netsdk:63708 3496:37060 dhnetsdk.cpp:304]Leave CLIENT_SetAutoReconnect.
[2023-11-06T01:10:06.687 info Netsdk:63708 3496:37060 dhnetsdk.cpp:991]Enter CLIENT_LoginWithHighLevelSecurity. pstInParam:000000AF2F3CD010, pstOutParam:000000AF2F3CD110.
[2023-11-06T01:10:06.687 info Netsdk:63708 3496:37060 dhnetsdk.cpp:1007]IP:218.240.128.210, port:37777, SpeCap:0, CapParam:0000000000000000, TLSCap:0
[2023-11-06T01:10:07.062 info Netsdk:63708 3496:37060 dhnetsdk.cpp:1054]Leave CLIENT_LoginWithHighLevelSecurity. error:0, login ID:977048736.
[2023-11-06T01:10:07.077 info Netsdk:63708 3496:37060 dhnetsdk.cpp:8181]Enter CLIENT_QueryDevState. [lLoginID=977048736, nType=4, pBuf=000000AF2F3CB650, nBufLen=3076, pRetLen=000000AF2F3CCEA4, waittime=3000.]
[2023-11-06T01:10:07.180 info Netsdk:63708 3496:37060 dhnetsdk.cpp:8205]Leave CLIENT_QueryDevState.ret:1.
[2023-11-06T01:10:19.236 info Netsdk:63708 3496:37060 dhnetsdk.cpp:8113]Enter CLIENT_ControlDevice. [lLoginID=977048736, type=12, param=0000000000000000, waittime=3000.]
[2023-11-06T01:10:19.238 info Netsdk:63708 3496:37060 dhnetsdk.cpp:8136]Leave CLIENT_ControlDevice.ret:1.
[2023-11-06T01:10:32.079 info Netsdk:63708 3496:37060 dhnetsdk.cpp:8113]Enter CLIENT_ControlDevice. [lLoginID=977048736, type=27, param=0000000000000000, waittime=3000.]
[2023-11-06T01:10:32.079 info Netsdk:63708 3496:37060 dhnetsdk.cpp:8136]Leave CLIENT_ControlDevice.ret:1.
[2023-11-06T01:10:39.721 info Netsdk:63708 3496:37060 dhnetsdk.cpp:8113]Enter CLIENT_ControlDevice. [lLoginID=977048736, type=13, param=0000000000000000, waittime=3000.]
[2023-11-06T01:10:39.721 info Netsdk:63708 3496:37060 dhnetsdk.cpp:8136]Leave CLIENT_ControlDevice.ret:1.
[2023-11-06T01:10:44.648 info Netsdk:63708 3496:37060 dhnetsdk.cpp:8113]Enter CLIENT_ControlDevice. [lLoginID=977048736, type=14, param=0000000000000000, waittime=3000.]
[2023-11-06T01:10:44.648 info Netsdk:63708 3496:37060 dhnetsdk.cpp:8136]Leave CLIENT_ControlDevice.ret:1.
[2023-11-06T01:10:54.045 info Netsdk:63708 3496:37060 dhnetsdk.cpp:8113]Enter CLIENT_ControlDevice. [lLoginID=977048736, type=27, param=0000000000000000, waittime=3000.]
[2023-11-06T01:10:54.046 info Netsdk:63708 3496:37060 dhnetsdk.cpp:8136]Leave CLIENT_ControlDevice.ret:1.
[2023-11-06T01:11:41.108 info Netsdk:63708 3496:37060 dhnetsdk.cpp:8113]Enter CLIENT_ControlDevice. [lLoginID=977048736, type=11, param=0000000000000000, waittime=3000.]
[2023-11-06T01:11:41.108 info Netsdk:63708 3496:37060 dhnetsdk.cpp:8136]Leave CLIENT_ControlDevice.ret:1.
[2023-11-06T01:11:46.657 info Netsdk:63708 3496:37060 dhnetsdk.cpp:8113]Enter CLIENT_ControlDevice. [lLoginID=977048736, type=27, param=0000000000000000, waittime=3000.]
[2023-11-06T01:11:46.657 info Netsdk:63708 3496:37060 dhnetsdk.cpp:8136]Leave CLIENT_ControlDevice.ret:1.
[2023-11-06T01:12:35.557 info Netsdk:63708 3496:37060 dhnetsdk.cpp:1075]Enter CLIENT_Logout. lLoginID:977048736.
[2023-11-06T01:12:35.558 error Netsdk:63708 3496:37060 TPTCPClient.cpp:723]Device is not online, ip:218.240.128.210
[2023-11-06T01:12:35.558 info Netsdk:63708 3496:37060 dhnetsdk.cpp:1097]Leave CLIENT_Logout. ret:1
Begin Time:2023-11-06T01:49:22.477
[2023-11-06T01:49:22.477 info Netsdk:63708 20904:20648 AVNetSDKMgr.cpp:504]Load avnetsdk library dynamically
[2023-11-06T01:49:22.507 info Netsdk:63708 20904:20648 AVNetSDKMgr.cpp:549]avnetsdk module handle: 000002B7F9590000

[2023-11-06T01:49:22.507 info Netsdk:63708 20904:20648 AVNetSDKMgr.cpp:823]Load configsdk dynamically
[2023-11-06T01:49:22.536 info Netsdk:63708 20904:20648 dhnetsdk.cpp:352]Enter CLIENT_SetNetworkParam:[nWaittime=0, nConnectTime=0, nConnectTryNum=2, nSubConnectSpaceTime=0, nGetDevInfoTime=3000, nConnectBufSize=0, nGetConnInfoTime=0, nSearchRecordTime=0, nsubDisconnetTime=0, byNetType=0, byPlaybackBufSize=0, bDetectDisconnTime=0, bKeepLifeInterval=0, nPicBufSize=0].
[2023-11-06T01:49:22.536 info Netsdk:63708 20904:20648 dhnetsdk.cpp:367]Leave CLIENT_SetNetworkParam.
[2023-11-06T01:49:22.536 info Netsdk:63708 20904:20648 dhnetsdk.cpp:302]Enter CLIENT_SetAutoReconnect:[cbAutoConnect=00007FF79FDD9CA4, dwUser=000000E02B19E9E0].
[2023-11-06T01:49:22.536 info Netsdk:63708 20904:20648 dhnetsdk.cpp:304]Leave CLIENT_SetAutoReconnect.
[2023-11-06T01:49:22.662 info Netsdk:63708 20904:20648 dhnetsdk.cpp:991]Enter CLIENT_LoginWithHighLevelSecurity. pstInParam:000000E02B19CF50, pstOutParam:000000E02B19D050.
[2023-11-06T01:49:22.662 info Netsdk:63708 20904:20648 dhnetsdk.cpp:1007]IP:218.240.128.210, port:37777, SpeCap:0, CapParam:0000000000000000, TLSCap:0
[2023-11-06T01:49:23.583 info Netsdk:63708 20904:20648 dhnetsdk.cpp:1054]Leave CLIENT_LoginWithHighLevelSecurity. error:0, login ID:-159223168.
[2023-11-06T01:49:23.587 info Netsdk:63708 20904:20648 dhnetsdk.cpp:8181]Enter CLIENT_QueryDevState. [lLoginID=-159223168, nType=4, pBuf=000000E02B19B590, nBufLen=3076, pRetLen=000000E02B19CDE4, waittime=3000.]
[2023-11-06T01:49:23.643 info Netsdk:63708 20904:20648 dhnetsdk.cpp:8205]Leave CLIENT_QueryDevState.ret:1.
[2023-11-06T01:49:46.099 info Netsdk:63708 20904:20648 dhnetsdk.cpp:1075]Enter CLIENT_Logout. lLoginID:-159223168.
[2023-11-06T01:49:46.103 error Netsdk:63708 20904:20648 TPTCPClient.cpp:723]Device is not online, ip:218.240.128.210
[2023-11-06T01:49:46.103 info Netsdk:63708 20904:20648 dhnetsdk.cpp:1097]Leave CLIENT_Logout. ret:1
Begin Time:2023-11-06T01:50:15.120
[2023-11-06T01:50:15.121 info Netsdk:63708 13584:32824 AVNetSDKMgr.cpp:504]Load avnetsdk library dynamically
[2023-11-06T01:50:15.146 info Netsdk:63708 13584:32824 AVNetSDKMgr.cpp:549]avnetsdk module handle: 000001C7C0FE0000

[2023-11-06T01:50:15.146 info Netsdk:63708 13584:32824 AVNetSDKMgr.cpp:823]Load configsdk dynamically
[2023-11-06T01:50:15.163 info Netsdk:63708 13584:32824 dhnetsdk.cpp:352]Enter CLIENT_SetNetworkParam:[nWaittime=0, nConnectTime=0, nConnectTryNum=2, nSubConnectSpaceTime=0, nGetDevInfoTime=3000, nConnectBufSize=0, nGetConnInfoTime=0, nSearchRecordTime=0, nsubDisconnetTime=0, byNetType=0, byPlaybackBufSize=0, bDetectDisconnTime=0, bKeepLifeInterval=0, nPicBufSize=0].
[2023-11-06T01:50:15.163 info Netsdk:63708 13584:32824 dhnetsdk.cpp:367]Leave CLIENT_SetNetworkParam.
[2023-11-06T01:50:15.163 info Netsdk:63708 13584:32824 dhnetsdk.cpp:302]Enter CLIENT_SetAutoReconnect:[cbAutoConnect=00007FF79FDD9CA4, dwUser=000000B06ECFE450].
[2023-11-06T01:50:15.163 info Netsdk:63708 13584:32824 dhnetsdk.cpp:304]Leave CLIENT_SetAutoReconnect.
[2023-11-06T01:50:15.250 info Netsdk:63708 13584:32824 dhnetsdk.cpp:991]Enter CLIENT_LoginWithHighLevelSecurity. pstInParam:000000B06ECFC9C0, pstOutParam:000000B06ECFCAC0.
[2023-11-06T01:50:15.250 info Netsdk:63708 13584:32824 dhnetsdk.cpp:1007]IP:218.240.128.210, port:37777, SpeCap:0, CapParam:0000000000000000, TLSCap:0
[2023-11-06T01:50:15.632 info Netsdk:63708 13584:32824 dhnetsdk.cpp:1054]Leave CLIENT_LoginWithHighLevelSecurity. error:0, login ID:-1103273584.
[2023-11-06T01:50:15.638 info Netsdk:63708 13584:32824 dhnetsdk.cpp:8181]Enter CLIENT_QueryDevState. [lLoginID=-1103273584, nType=4, pBuf=000000B06ECFB000, nBufLen=3076, pRetLen=000000B06ECFC854, waittime=3000.]
[2023-11-06T01:50:15.657 info Netsdk:63708 13584:32824 dhnetsdk.cpp:8205]Leave CLIENT_QueryDevState.ret:1.
Begin Time:2023-11-06T01:50:48.262
[2023-11-06T01:50:48.262 info Netsdk:63708 31240:34636 AVNetSDKMgr.cpp:504]Load avnetsdk library dynamically
[2023-11-06T01:50:48.274 info Netsdk:63708 31240:34636 AVNetSDKMgr.cpp:549]avnetsdk module handle: 000001FE5BF20000

[2023-11-06T01:50:48.274 info Netsdk:63708 31240:34636 AVNetSDKMgr.cpp:823]Load configsdk dynamically
[2023-11-06T01:50:48.277 info Netsdk:63708 31240:34636 dhnetsdk.cpp:352]Enter CLIENT_SetNetworkParam:[nWaittime=0, nConnectTime=0, nConnectTryNum=2, nSubConnectSpaceTime=0, nGetDevInfoTime=3000, nConnectBufSize=0, nGetConnInfoTime=0, nSearchRecordTime=0, nsubDisconnetTime=0, byNetType=0, byPlaybackBufSize=0, bDetectDisconnTime=0, bKeepLifeInterval=0, nPicBufSize=0].
[2023-11-06T01:50:48.277 info Netsdk:63708 31240:34636 dhnetsdk.cpp:367]Leave CLIENT_SetNetworkParam.
[2023-11-06T01:50:48.277 info Netsdk:63708 31240:34636 dhnetsdk.cpp:302]Enter CLIENT_SetAutoReconnect:[cbAutoConnect=00007FF79FDD9CA4, dwUser=000000A5C12FE7E0].
[2023-11-06T01:50:48.277 info Netsdk:63708 31240:34636 dhnetsdk.cpp:304]Leave CLIENT_SetAutoReconnect.
[2023-11-06T01:50:48.344 info Netsdk:63708 31240:34636 dhnetsdk.cpp:991]Enter CLIENT_LoginWithHighLevelSecurity. pstInParam:000000A5C12FCD50, pstOutParam:000000A5C12FCE50.
[2023-11-06T01:50:48.344 info Netsdk:63708 31240:34636 dhnetsdk.cpp:1007]IP:218.240.128.210, port:37777, SpeCap:0, CapParam:0000000000000000, TLSCap:0
[2023-11-06T01:50:48.791 info Netsdk:63708 31240:34636 dhnetsdk.cpp:1054]Leave CLIENT_LoginWithHighLevelSecurity. error:0, login ID:1485272656.
[2023-11-06T01:50:48.798 info Netsdk:63708 31240:34636 dhnetsdk.cpp:8181]Enter CLIENT_QueryDevState. [lLoginID=1485272656, nType=4, pBuf=000000A5C12FB390, nBufLen=3076, pRetLen=000000A5C12FCBE4, waittime=3000.]
[2023-11-06T01:50:48.857 info Netsdk:63708 31240:34636 dhnetsdk.cpp:8205]Leave CLIENT_QueryDevState.ret:1.
Begin Time:2023-11-06T01:52:30.342
[2023-11-06T01:52:30.343 info Netsdk:63708 25848:21744 AVNetSDKMgr.cpp:504]Load avnetsdk library dynamically
[2023-11-06T01:52:30.357 info Netsdk:63708 25848:21744 AVNetSDKMgr.cpp:549]avnetsdk module handle: 0000018CACAA0000

[2023-11-06T01:52:30.357 info Netsdk:63708 25848:21744 AVNetSDKMgr.cpp:823]Load configsdk dynamically
[2023-11-06T01:52:30.360 info Netsdk:63708 25848:21744 dhnetsdk.cpp:352]Enter CLIENT_SetNetworkParam:[nWaittime=0, nConnectTime=0, nConnectTryNum=2, nSubConnectSpaceTime=0, nGetDevInfoTime=3000, nConnectBufSize=0, nGetConnInfoTime=0, nSearchRecordTime=0, nsubDisconnetTime=0, byNetType=0, byPlaybackBufSize=0, bDetectDisconnTime=0, bKeepLifeInterval=0, nPicBufSize=0].
[2023-11-06T01:52:30.360 info Netsdk:63708 25848:21744 dhnetsdk.cpp:367]Leave CLIENT_SetNetworkParam.
[2023-11-06T01:52:30.360 info Netsdk:63708 25848:21744 dhnetsdk.cpp:302]Enter CLIENT_SetAutoReconnect:[cbAutoConnect=00007FF65C609CA4, dwUser=0000005EA22FE480].
[2023-11-06T01:52:30.360 info Netsdk:63708 25848:21744 dhnetsdk.cpp:304]Leave CLIENT_SetAutoReconnect.
[2023-11-06T01:52:30.428 info Netsdk:63708 25848:21744 dhnetsdk.cpp:991]Enter CLIENT_LoginWithHighLevelSecurity. pstInParam:0000005EA22FC9F0, pstOutParam:0000005EA22FCAF0.
[2023-11-06T01:52:30.428 info Netsdk:63708 25848:21744 dhnetsdk.cpp:1007]IP:218.240.128.210, port:37777, SpeCap:0, CapParam:0000000000000000, TLSCap:0
[2023-11-06T01:52:31.288 info Netsdk:63708 25848:21744 dhnetsdk.cpp:1054]Leave CLIENT_LoginWithHighLevelSecurity. error:0, login ID:-1453950384.
[2023-11-06T01:52:31.293 info Netsdk:63708 25848:21744 dhnetsdk.cpp:8181]Enter CLIENT_QueryDevState. [lLoginID=-1453950384, nType=4, pBuf=0000005EA22FB030, nBufLen=3076, pRetLen=0000005EA22FC884, waittime=3000.]
[2023-11-06T01:52:31.346 info Netsdk:63708 25848:21744 dhnetsdk.cpp:8205]Leave CLIENT_QueryDevState.ret:1.
Begin Time:2023-11-06T01:52:42.965
[2023-11-06T01:52:42.965 info Netsdk:63708 21904:1216 AVNetSDKMgr.cpp:504]Load avnetsdk library dynamically
[2023-11-06T01:52:42.996 info Netsdk:63708 21904:1216 AVNetSDKMgr.cpp:549]avnetsdk module handle: 000001F58CC30000

[2023-11-06T01:52:42.996 info Netsdk:63708 21904:1216 AVNetSDKMgr.cpp:823]Load configsdk dynamically
[2023-11-06T01:52:43.020 info Netsdk:63708 21904:1216 dhnetsdk.cpp:352]Enter CLIENT_SetNetworkParam:[nWaittime=0, nConnectTime=0, nConnectTryNum=2, nSubConnectSpaceTime=0, nGetDevInfoTime=3000, nConnectBufSize=0, nGetConnInfoTime=0, nSearchRecordTime=0, nsubDisconnetTime=0, byNetType=0, byPlaybackBufSize=0, bDetectDisconnTime=0, bKeepLifeInterval=0, nPicBufSize=0].
[2023-11-06T01:52:43.020 info Netsdk:63708 21904:1216 dhnetsdk.cpp:367]Leave CLIENT_SetNetworkParam.
[2023-11-06T01:52:43.020 info Netsdk:63708 21904:1216 dhnetsdk.cpp:302]Enter CLIENT_SetAutoReconnect:[cbAutoConnect=00007FF65C609CA4, dwUser=00000044CEAFE610].
[2023-11-06T01:52:43.020 info Netsdk:63708 21904:1216 dhnetsdk.cpp:304]Leave CLIENT_SetAutoReconnect.
[2023-11-06T01:52:43.144 info Netsdk:63708 21904:1216 dhnetsdk.cpp:991]Enter CLIENT_LoginWithHighLevelSecurity. pstInParam:00000044CEAFCB80, pstOutParam:00000044CEAFCC80.
[2023-11-06T01:52:43.144 info Netsdk:63708 21904:1216 dhnetsdk.cpp:1007]IP:218.240.128.210, port:37777, SpeCap:0, CapParam:0000000000000000, TLSCap:0
[2023-11-06T01:52:43.448 info Netsdk:63708 21904:1216 dhnetsdk.cpp:1054]Leave CLIENT_LoginWithHighLevelSecurity. error:0, login ID:-1979680800.
[2023-11-06T01:52:43.454 info Netsdk:63708 21904:1216 dhnetsdk.cpp:8181]Enter CLIENT_QueryDevState. [lLoginID=-1979680800, nType=4, pBuf=00000044CEAFB1C0, nBufLen=3076, pRetLen=00000044CEAFCA14, waittime=3000.]
[2023-11-06T01:52:43.505 info Netsdk:63708 21904:1216 dhnetsdk.cpp:8205]Leave CLIENT_QueryDevState.ret:1.
[2023-11-06T01:52:46.653 info Netsdk:63708 21904:1216 dhnetsdk.cpp:1075]Enter CLIENT_Logout. lLoginID:-1979680800.
[2023-11-06T01:52:46.653 error Netsdk:63708 21904:1216 TPTCPClient.cpp:723]Device is not online, ip:218.240.128.210
[2023-11-06T01:52:46.653 info Netsdk:63708 21904:1216 dhnetsdk.cpp:1097]Leave CLIENT_Logout. ret:1
Begin Time:2023-11-06T01:53:01.847
[2023-11-06T01:53:01.847 info Netsdk:63708 1908:26660 AVNetSDKMgr.cpp:504]Load avnetsdk library dynamically
[2023-11-06T01:53:01.877 info Netsdk:63708 1908:26660 AVNetSDKMgr.cpp:549]avnetsdk module handle: 00000165AE400000

[2023-11-06T01:53:01.877 info Netsdk:63708 1908:26660 AVNetSDKMgr.cpp:823]Load configsdk dynamically
[2023-11-06T01:53:01.898 info Netsdk:63708 1908:26660 dhnetsdk.cpp:352]Enter CLIENT_SetNetworkParam:[nWaittime=0, nConnectTime=0, nConnectTryNum=2, nSubConnectSpaceTime=0, nGetDevInfoTime=3000, nConnectBufSize=0, nGetConnInfoTime=0, nSearchRecordTime=0, nsubDisconnetTime=0, byNetType=0, byPlaybackBufSize=0, bDetectDisconnTime=0, bKeepLifeInterval=0, nPicBufSize=0].
[2023-11-06T01:53:01.898 info Netsdk:63708 1908:26660 dhnetsdk.cpp:367]Leave CLIENT_SetNetworkParam.
[2023-11-06T01:53:01.898 info Netsdk:63708 1908:26660 dhnetsdk.cpp:302]Enter CLIENT_SetAutoReconnect:[cbAutoConnect=00007FF65C609CA4, dwUser=00000050618FE440].
[2023-11-06T01:53:01.898 info Netsdk:63708 1908:26660 dhnetsdk.cpp:304]Leave CLIENT_SetAutoReconnect.
[2023-11-06T01:56:01.501 info Netsdk:63708 25848:21744 dhnetsdk.cpp:1075]Enter CLIENT_Logout. lLoginID:-1453950384.
[2023-11-06T01:56:01.501 error Netsdk:63708 25848:21744 TPTCPClient.cpp:723]Device is not online, ip:218.240.128.210
[2023-11-06T01:56:01.501 info Netsdk:63708 25848:21744 dhnetsdk.cpp:1097]Leave CLIENT_Logout. ret:1
Begin Time:2023-11-06T01:56:16.011
[2023-11-06T01:56:16.011 info Netsdk:63708 15776:32348 AVNetSDKMgr.cpp:504]Load avnetsdk library dynamically
[2023-11-06T01:56:16.043 info Netsdk:63708 15776:32348 AVNetSDKMgr.cpp:549]avnetsdk module handle: 000002E7FBBE0000

[2023-11-06T01:56:16.043 info Netsdk:63708 15776:32348 AVNetSDKMgr.cpp:823]Load configsdk dynamically
[2023-11-06T01:56:16.064 info Netsdk:63708 15776:32348 dhnetsdk.cpp:352]Enter CLIENT_SetNetworkParam:[nWaittime=0, nConnectTime=0, nConnectTryNum=2, nSubConnectSpaceTime=0, nGetDevInfoTime=3000, nConnectBufSize=0, nGetConnInfoTime=0, nSearchRecordTime=0, nsubDisconnetTime=0, byNetType=0, byPlaybackBufSize=0, bDetectDisconnTime=0, bKeepLifeInterval=0, nPicBufSize=0].
[2023-11-06T01:56:16.064 info Netsdk:63708 15776:32348 dhnetsdk.cpp:367]Leave CLIENT_SetNetworkParam.
[2023-11-06T01:56:16.064 info Netsdk:63708 15776:32348 dhnetsdk.cpp:302]Enter CLIENT_SetAutoReconnect:[cbAutoConnect=00007FF64E3B9CA4, dwUser=000000FE6115E3B0].
[2023-11-06T01:56:16.064 info Netsdk:63708 15776:32348 dhnetsdk.cpp:304]Leave CLIENT_SetAutoReconnect.
[2023-11-06T01:56:16.132 info Netsdk:63708 15776:32348 dhnetsdk.cpp:991]Enter CLIENT_LoginWithHighLevelSecurity. pstInParam:000000FE6115C920, pstOutParam:000000FE6115CA20.
[2023-11-06T01:56:16.132 info Netsdk:63708 15776:32348 dhnetsdk.cpp:1007]IP:218.240.128.210, port:37777, SpeCap:0, CapParam:0000000000000000, TLSCap:0
[2023-11-06T01:56:16.885 info Netsdk:63708 15776:32348 dhnetsdk.cpp:1054]Leave CLIENT_LoginWithHighLevelSecurity. error:0, login ID:-117933488.
[2023-11-06T01:56:16.889 info Netsdk:63708 15776:32348 dhnetsdk.cpp:8181]Enter CLIENT_QueryDevState. [lLoginID=-117933488, nType=4, pBuf=000000FE6115AF60, nBufLen=3076, pRetLen=000000FE6115C7B4, waittime=3000.]
[2023-11-06T01:56:16.939 info Netsdk:63708 15776:32348 dhnetsdk.cpp:8205]Leave CLIENT_QueryDevState.ret:1.
Begin Time:2023-11-06T01:56:48.949
[2023-11-06T01:56:48.949 info Netsdk:63708 20576:19264 AVNetSDKMgr.cpp:504]Load avnetsdk library dynamically
[2023-11-06T01:56:48.981 info Netsdk:63708 20576:19264 AVNetSDKMgr.cpp:549]avnetsdk module handle: 0000017DE3310000

[2023-11-06T01:56:48.982 info Netsdk:63708 20576:19264 AVNetSDKMgr.cpp:823]Load configsdk dynamically
[2023-11-06T01:56:49.007 info Netsdk:63708 20576:19264 dhnetsdk.cpp:352]Enter CLIENT_SetNetworkParam:[nWaittime=0, nConnectTime=0, nConnectTryNum=2, nSubConnectSpaceTime=0, nGetDevInfoTime=3000, nConnectBufSize=0, nGetConnInfoTime=0, nSearchRecordTime=0, nsubDisconnetTime=0, byNetType=0, byPlaybackBufSize=0, bDetectDisconnTime=0, bKeepLifeInterval=0, nPicBufSize=0].
[2023-11-06T01:56:49.007 info Netsdk:63708 20576:19264 dhnetsdk.cpp:367]Leave CLIENT_SetNetworkParam.
[2023-11-06T01:56:49.007 info Netsdk:63708 20576:19264 dhnetsdk.cpp:302]Enter CLIENT_SetAutoReconnect:[cbAutoConnect=00007FF720B79CA4, dwUser=000000691A70E5D0].
[2023-11-06T01:56:49.007 info Netsdk:63708 20576:19264 dhnetsdk.cpp:304]Leave CLIENT_SetAutoReconnect.
[2023-11-06T01:56:49.071 info Netsdk:63708 20576:19264 dhnetsdk.cpp:991]Enter CLIENT_LoginWithHighLevelSecurity. pstInParam:000000691A70CB40, pstOutParam:000000691A70CC40.
[2023-11-06T01:56:49.071 info Netsdk:63708 20576:19264 dhnetsdk.cpp:1007]IP:218.240.128.210, port:37777, SpeCap:0, CapParam:0000000000000000, TLSCap:0
[2023-11-06T01:56:49.901 info Netsdk:63708 20576:19264 dhnetsdk.cpp:1054]Leave CLIENT_LoginWithHighLevelSecurity. error:0, login ID:-530613680.
[2023-11-06T01:56:49.910 info Netsdk:63708 20576:19264 dhnetsdk.cpp:8181]Enter CLIENT_QueryDevState. [lLoginID=-530613680, nType=4, pBuf=000000691A70B180, nBufLen=3076, pRetLen=000000691A70C9D4, waittime=3000.]
[2023-11-06T01:56:49.936 info Netsdk:63708 20576:19264 dhnetsdk.cpp:8205]Leave CLIENT_QueryDevState.ret:1.
Begin Time:2023-11-06T02:00:15.529
[2023-11-06T02:00:15.529 info Netsdk:63708 33824:29180 AVNetSDKMgr.cpp:504]Load avnetsdk library dynamically
[2023-11-06T02:00:15.556 info Netsdk:63708 33824:29180 AVNetSDKMgr.cpp:549]avnetsdk module handle: 0000027A2CC20000

[2023-11-06T02:00:15.556 info Netsdk:63708 33824:29180 AVNetSDKMgr.cpp:823]Load configsdk dynamically
[2023-11-06T02:00:15.572 info Netsdk:63708 33824:29180 dhnetsdk.cpp:352]Enter CLIENT_SetNetworkParam:[nWaittime=0, nConnectTime=0, nConnectTryNum=2, nSubConnectSpaceTime=0, nGetDevInfoTime=3000, nConnectBufSize=0, nGetConnInfoTime=0, nSearchRecordTime=0, nsubDisconnetTime=0, byNetType=0, byPlaybackBufSize=0, bDetectDisconnTime=0, bKeepLifeInterval=0, nPicBufSize=0].
[2023-11-06T02:00:15.572 info Netsdk:63708 33824:29180 dhnetsdk.cpp:367]Leave CLIENT_SetNetworkParam.
[2023-11-06T02:00:15.572 info Netsdk:63708 33824:29180 dhnetsdk.cpp:302]Enter CLIENT_SetAutoReconnect:[cbAutoConnect=00007FF72D279CA4, dwUser=000000EE31F6E810].
[2023-11-06T02:00:15.572 info Netsdk:63708 33824:29180 dhnetsdk.cpp:304]Leave CLIENT_SetAutoReconnect.
[2023-11-06T02:00:15.630 info Netsdk:63708 33824:29180 dhnetsdk.cpp:991]Enter CLIENT_LoginWithHighLevelSecurity. pstInParam:000000EE31F6CD80, pstOutParam:000000EE31F6CE80.
[2023-11-06T02:00:15.630 info Netsdk:63708 33824:29180 dhnetsdk.cpp:1007]IP:218.240.128.210, port:37777, SpeCap:0, CapParam:0000000000000000, TLSCap:0
[2023-11-06T02:00:16.480 info Netsdk:63708 33824:29180 dhnetsdk.cpp:1054]Leave CLIENT_LoginWithHighLevelSecurity. error:0, login ID:703560272.
[2023-11-06T02:00:16.485 info Netsdk:63708 33824:29180 dhnetsdk.cpp:8181]Enter CLIENT_QueryDevState. [lLoginID=703560272, nType=4, pBuf=000000EE31F6B3C0, nBufLen=3076, pRetLen=000000EE31F6CC14, waittime=3000.]
[2023-11-06T02:00:16.515 info Netsdk:63708 33824:29180 dhnetsdk.cpp:8205]Leave CLIENT_QueryDevState.ret:1.
Begin Time:2023-11-06T02:02:57.821
[2023-11-06T02:02:57.821 info Netsdk:63708 1880:23476 AVNetSDKMgr.cpp:504]Load avnetsdk library dynamically
[2023-11-06T02:02:57.846 info Netsdk:63708 1880:23476 AVNetSDKMgr.cpp:549]avnetsdk module handle: 000002AF1D0B0000

[2023-11-06T02:02:57.847 info Netsdk:63708 1880:23476 AVNetSDKMgr.cpp:823]Load configsdk dynamically
[2023-11-06T02:02:57.864 info Netsdk:63708 1880:23476 dhnetsdk.cpp:352]Enter CLIENT_SetNetworkParam:[nWaittime=0, nConnectTime=0, nConnectTryNum=2, nSubConnectSpaceTime=0, nGetDevInfoTime=3000, nConnectBufSize=0, nGetConnInfoTime=0, nSearchRecordTime=0, nsubDisconnetTime=0, byNetType=0, byPlaybackBufSize=0, bDetectDisconnTime=0, bKeepLifeInterval=0, nPicBufSize=0].
[2023-11-06T02:02:57.864 info Netsdk:63708 1880:23476 dhnetsdk.cpp:367]Leave CLIENT_SetNetworkParam.
[2023-11-06T02:02:57.864 info Netsdk:63708 1880:23476 dhnetsdk.cpp:302]Enter CLIENT_SetAutoReconnect:[cbAutoConnect=00007FF72D279CA4, dwUser=000000F8060FE920].
[2023-11-06T02:02:57.864 info Netsdk:63708 1880:23476 dhnetsdk.cpp:304]Leave CLIENT_SetAutoReconnect.
[2023-11-06T02:02:57.916 info Netsdk:63708 1880:23476 dhnetsdk.cpp:991]Enter CLIENT_LoginWithHighLevelSecurity. pstInParam:000000F8060FCE90, pstOutParam:000000F8060FCF90.
[2023-11-06T02:02:57.916 info Netsdk:63708 1880:23476 dhnetsdk.cpp:1007]IP:218.240.128.210, port:37777, SpeCap:0, CapParam:0000000000000000, TLSCap:0
[2023-11-06T02:02:58.248 info Netsdk:63708 1880:23476 dhnetsdk.cpp:1054]Leave CLIENT_LoginWithHighLevelSecurity. error:0, login ID:440759888.
[2023-11-06T02:02:58.257 info Netsdk:63708 1880:23476 dhnetsdk.cpp:8181]Enter CLIENT_QueryDevState. [lLoginID=440759888, nType=4, pBuf=000000F8060FB4D0, nBufLen=3076, pRetLen=000000F8060FCD24, waittime=3000.]
[2023-11-06T02:02:58.293 info Netsdk:63708 1880:23476 dhnetsdk.cpp:8205]Leave CLIENT_QueryDevState.ret:1.
Begin Time:2023-11-06T02:04:08.194
[2023-11-06T02:04:08.194 info Netsdk:63708 15692:30268 AVNetSDKMgr.cpp:504]Load avnetsdk library dynamically
[2023-11-06T02:04:08.220 info Netsdk:63708 15692:30268 AVNetSDKMgr.cpp:549]avnetsdk module handle: 000001A1B0BA0000

[2023-11-06T02:04:08.220 info Netsdk:63708 15692:30268 AVNetSDKMgr.cpp:823]Load configsdk dynamically
[2023-11-06T02:04:08.236 info Netsdk:63708 15692:30268 dhnetsdk.cpp:352]Enter CLIENT_SetNetworkParam:[nWaittime=0, nConnectTime=0, nConnectTryNum=2, nSubConnectSpaceTime=0, nGetDevInfoTime=3000, nConnectBufSize=0, nGetConnInfoTime=0, nSearchRecordTime=0, nsubDisconnetTime=0, byNetType=0, byPlaybackBufSize=0, bDetectDisconnTime=0, bKeepLifeInterval=0, nPicBufSize=0].
[2023-11-06T02:04:08.236 info Netsdk:63708 15692:30268 dhnetsdk.cpp:367]Leave CLIENT_SetNetworkParam.
[2023-11-06T02:04:08.236 info Netsdk:63708 15692:30268 dhnetsdk.cpp:302]Enter CLIENT_SetAutoReconnect:[cbAutoConnect=00007FF70EE99CA4, dwUser=00000008D4CFEAB0].
[2023-11-06T02:04:08.236 info Netsdk:63708 15692:30268 dhnetsdk.cpp:304]Leave CLIENT_SetAutoReconnect.
[2023-11-06T02:04:08.286 info Netsdk:63708 15692:30268 dhnetsdk.cpp:991]Enter CLIENT_LoginWithHighLevelSecurity. pstInParam:00000008D4CFD020, pstOutParam:00000008D4CFD120.
[2023-11-06T02:04:08.286 info Netsdk:63708 15692:30268 dhnetsdk.cpp:1007]IP:218.240.128.210, port:37777, SpeCap:0, CapParam:0000000000000000, TLSCap:0
[2023-11-06T02:04:09.299 info Netsdk:63708 15692:30268 dhnetsdk.cpp:1054]Leave CLIENT_LoginWithHighLevelSecurity. error:0, login ID:-1378115008.
[2023-11-06T02:04:09.304 info Netsdk:63708 15692:30268 dhnetsdk.cpp:8181]Enter CLIENT_QueryDevState. [lLoginID=-1378115008, nType=4, pBuf=00000008D4CFB660, nBufLen=3076, pRetLen=00000008D4CFCEB4, waittime=3000.]
[2023-11-06T02:04:09.353 info Netsdk:63708 15692:30268 dhnetsdk.cpp:8205]Leave CLIENT_QueryDevState.ret:1.
Begin Time:2023-11-06T02:04:41.726
[2023-11-06T02:04:41.726 info Netsdk:63708 29720:20732 AVNetSDKMgr.cpp:504]Load avnetsdk library dynamically
[2023-11-06T02:04:41.753 info Netsdk:63708 29720:20732 AVNetSDKMgr.cpp:549]avnetsdk module handle: 00000195E6540000

[2023-11-06T02:04:41.754 info Netsdk:63708 29720:20732 AVNetSDKMgr.cpp:823]Load configsdk dynamically
[2023-11-06T02:04:41.772 info Netsdk:63708 29720:20732 dhnetsdk.cpp:352]Enter CLIENT_SetNetworkParam:[nWaittime=0, nConnectTime=0, nConnectTryNum=2, nSubConnectSpaceTime=0, nGetDevInfoTime=3000, nConnectBufSize=0, nGetConnInfoTime=0, nSearchRecordTime=0, nsubDisconnetTime=0, byNetType=0, byPlaybackBufSize=0, bDetectDisconnTime=0, bKeepLifeInterval=0, nPicBufSize=0].
[2023-11-06T02:04:41.772 info Netsdk:63708 29720:20732 dhnetsdk.cpp:367]Leave CLIENT_SetNetworkParam.
[2023-11-06T02:04:41.772 info Netsdk:63708 29720:20732 dhnetsdk.cpp:302]Enter CLIENT_SetAutoReconnect:[cbAutoConnect=00007FF70EE99CA4, dwUser=0000007F700FE4C0].
[2023-11-06T02:04:41.772 info Netsdk:63708 29720:20732 dhnetsdk.cpp:304]Leave CLIENT_SetAutoReconnect.
Begin Time:2023-11-06T02:09:25.997
[2023-11-06T02:09:25.997 info Netsdk:63708 36388:13524 AVNetSDKMgr.cpp:504]Load avnetsdk library dynamically
[2023-11-06T02:09:26.022 info Netsdk:63708 36388:13524 AVNetSDKMgr.cpp:549]avnetsdk module handle: 0000028091590000

[2023-11-06T02:09:26.023 info Netsdk:63708 36388:13524 AVNetSDKMgr.cpp:823]Load configsdk dynamically
[2023-11-06T02:09:26.039 info Netsdk:63708 36388:13524 dhnetsdk.cpp:352]Enter CLIENT_SetNetworkParam:[nWaittime=0, nConnectTime=0, nConnectTryNum=2, nSubConnectSpaceTime=0, nGetDevInfoTime=3000, nConnectBufSize=0, nGetConnInfoTime=0, nSearchRecordTime=0, nsubDisconnetTime=0, byNetType=0, byPlaybackBufSize=0, bDetectDisconnTime=0, bKeepLifeInterval=0, nPicBufSize=0].
[2023-11-06T02:09:26.039 info Netsdk:63708 36388:13524 dhnetsdk.cpp:367]Leave CLIENT_SetNetworkParam.
[2023-11-06T02:09:26.039 info Netsdk:63708 36388:13524 dhnetsdk.cpp:302]Enter CLIENT_SetAutoReconnect:[cbAutoConnect=00007FF6A9099CA4, dwUser=000000D37C4FE760].
[2023-11-06T02:09:26.039 info Netsdk:63708 36388:13524 dhnetsdk.cpp:304]Leave CLIENT_SetAutoReconnect.
[2023-11-06T02:09:29.782 info Netsdk:63708 36388:13524 dhnetsdk.cpp:991]Enter CLIENT_LoginWithHighLevelSecurity. pstInParam:000000D37C4FCCD0, pstOutParam:000000D37C4FCDD0.
[2023-11-06T02:09:29.783 info Netsdk:63708 36388:13524 dhnetsdk.cpp:1007]IP:218.240.128.210, port:37777, SpeCap:0, CapParam:0000000000000000, TLSCap:0
[2023-11-06T02:09:30.490 info Netsdk:63708 36388:13524 dhnetsdk.cpp:1054]Leave CLIENT_LoginWithHighLevelSecurity. error:0, login ID:-1903855504.
[2023-11-06T02:09:30.493 info Netsdk:63708 36388:13524 dhnetsdk.cpp:8181]Enter CLIENT_QueryDevState. [lLoginID=-1903855504, nType=4, pBuf=000000D37C4FB310, nBufLen=3076, pRetLen=000000D37C4FCB64, waittime=3000.]
[2023-11-06T02:09:30.554 info Netsdk:63708 36388:13524 dhnetsdk.cpp:8205]Leave CLIENT_QueryDevState.ret:1.
[2023-11-06T02:10:02.941 info Netsdk:63708 36388:13524 dhnetsdk.cpp:1075]Enter CLIENT_Logout. lLoginID:-1903855504.
[2023-11-06T02:10:02.941 error Netsdk:63708 36388:13524 TPTCPClient.cpp:723]Device is not online, ip:218.240.128.210
[2023-11-06T02:10:02.941 info Netsdk:63708 36388:13524 dhnetsdk.cpp:1097]Leave CLIENT_Logout. ret:1
Begin Time:2023-11-06T02:11:13.559
[2023-11-06T02:11:13.559 info Netsdk:63708 28996:8124 AVNetSDKMgr.cpp:504]Load avnetsdk library dynamically
[2023-11-06T02:11:13.564 info Netsdk:63708 28996:8124 AVNetSDKMgr.cpp:549]avnetsdk module handle: 000002AB5F9E0000

[2023-11-06T02:11:13.564 info Netsdk:63708 28996:8124 AVNetSDKMgr.cpp:823]Load configsdk dynamically
[2023-11-06T02:11:13.579 info Netsdk:63708 28996:8124 dhnetsdk.cpp:302]Enter CLIENT_SetAutoReconnect:[cbAutoConnect=00007FF794B59DA8, dwUser=000000DE0D0FCB40].
[2023-11-06T02:11:13.579 info Netsdk:63708 28996:8124 dhnetsdk.cpp:304]Leave CLIENT_SetAutoReconnect.
[2023-11-06T02:11:13.630 info Netsdk:63708 28996:8124 dhnetsdk.cpp:991]Enter CLIENT_LoginWithHighLevelSecurity. pstInParam:000000DE0D0FAFD0, pstOutParam:000000DE0D0FB0D0.
[2023-11-06T02:11:13.630 info Netsdk:63708 28996:8124 dhnetsdk.cpp:1007]IP:218.240.128.210, port:37777, SpeCap:0, CapParam:0000000000000000, TLSCap:0
[2023-11-06T02:11:14.251 info Netsdk:63708 28996:8124 dhnetsdk.cpp:1054]Leave CLIENT_LoginWithHighLevelSecurity. error:0, login ID:1539797552.
[2023-11-06T02:11:14.257 info Netsdk:63708 28996:8124 dhnetsdk.cpp:8181]Enter CLIENT_QueryDevState. [lLoginID=1539797552, nType=82, pBuf=000000DE0D0FB1F8, nBufLen=60, pRetLen=000000DE0D0FB1D4, waittime=1000.]
[2023-11-06T02:11:14.413 info Netsdk:63708 28996:8124 dhnetsdk.cpp:8205]Leave CLIENT_QueryDevState.ret:1.
[2023-11-06T02:11:14.416 info Netsdk:63708 28996:8124 dhnetsdk.cpp:1288]Enter CLIENT_RealPlayEx. lLoginID:1539797552. nChannelID:0. rType:0
[2023-11-06T02:11:14.606 error Netsdk:63708 28996:8124 Generation2ProtocolSecureTransmit.cpp:661]Not find
[2023-11-06T02:11:14.607 info Netsdk:63708 28996:8124 DevConfigEx.cpp:11689]IN SetupSession PORT=0 and PORT: 37777
[2023-11-06T02:11:14.734 info Netsdk:63708 28996:8124 dhnetsdk.cpp:1354]Leave CLIENT_RealPlayEx. ret:1608806624
Begin Time:2023-11-06T02:12:59.412
[2023-11-06T02:12:59.412 info Netsdk:63708 33812:31540 AVNetSDKMgr.cpp:504]Load avnetsdk library dynamically
[2023-11-06T02:12:59.416 info Netsdk:63708 33812:31540 AVNetSDKMgr.cpp:549]avnetsdk module handle: 00000237A3C20000

[2023-11-06T02:12:59.417 info Netsdk:63708 33812:31540 AVNetSDKMgr.cpp:823]Load configsdk dynamically
[2023-11-06T02:12:59.429 info Netsdk:63708 33812:31540 dhnetsdk.cpp:302]Enter CLIENT_SetAutoReconnect:[cbAutoConnect=00007FF7F27A9DA8, dwUser=000000AF9A3AD1F0].
[2023-11-06T02:12:59.429 info Netsdk:63708 33812:31540 dhnetsdk.cpp:304]Leave CLIENT_SetAutoReconnect.
[2023-11-06T02:12:59.471 info Netsdk:63708 33812:31540 dhnetsdk.cpp:991]Enter CLIENT_LoginWithHighLevelSecurity. pstInParam:000000AF9A3AB680, pstOutParam:000000AF9A3AB780.
[2023-11-06T02:12:59.471 info Netsdk:63708 33812:31540 dhnetsdk.cpp:1007]IP:218.240.128.210, port:37777, SpeCap:0, CapParam:0000000000000000, TLSCap:0
[2023-11-06T02:13:00.351 info Netsdk:63708 33812:31540 dhnetsdk.cpp:1054]Leave CLIENT_LoginWithHighLevelSecurity. error:0, login ID:-1610386896.
[2023-11-06T02:13:00.355 info Netsdk:63708 33812:31540 dhnetsdk.cpp:8181]Enter CLIENT_QueryDevState. [lLoginID=-1610386896, nType=82, pBuf=000000AF9A3AB8A8, nBufLen=60, pRetLen=000000AF9A3AB884, waittime=1000.]
[2023-11-06T02:13:00.473 info Netsdk:63708 33812:31540 dhnetsdk.cpp:8205]Leave CLIENT_QueryDevState.ret:1.
[2023-11-06T02:13:00.477 info Netsdk:63708 33812:31540 dhnetsdk.cpp:1288]Enter CLIENT_RealPlayEx. lLoginID:-1610386896. nChannelID:0. rType:0
[2023-11-06T02:13:00.685 error Netsdk:63708 33812:31540 Generation2ProtocolSecureTransmit.cpp:661]Not find
[2023-11-06T02:13:00.685 info Netsdk:63708 33812:31540 DevConfigEx.cpp:11689]IN SetupSession PORT=0 and PORT: 37777
[2023-11-06T02:13:00.741 info Netsdk:63708 33812:31540 dhnetsdk.cpp:1354]Leave CLIENT_RealPlayEx. ret:-1521976288
[2023-11-06T02:13:34.432 info Netsdk:63708 33812:31540 dhnetsdk.cpp:2090]Enter CLIENT_StopRealPlayEx. lRealHandle:-1521976288.
[2023-11-06T02:13:34.467 info Netsdk:63708 33812:31540 dhnetsdk.cpp:2104]Leave CLIENT_StopRealPlayEx. ret:1
[2023-11-06T02:13:34.467 info Netsdk:63708 33812:31540 dhnetsdk.cpp:1075]Enter CLIENT_Logout. lLoginID:-1610386896.
[2023-11-06T02:13:34.468 error Netsdk:63708 33812:31540 TPTCPClient.cpp:723]Device is not online, ip:218.240.128.210
[2023-11-06T02:13:34.468 info Netsdk:63708 33812:31540 dhnetsdk.cpp:1097]Leave CLIENT_Logout. ret:1
Begin Time:2023-11-06T02:16:43.472
[2023-11-06T02:16:43.473 info Netsdk:63708 14140:16760 AVNetSDKMgr.cpp:504]Load avnetsdk library dynamically
[2023-11-06T02:16:43.488 info Netsdk:63708 14140:16760 AVNetSDKMgr.cpp:549]avnetsdk module handle: 0000021E4E320000

[2023-11-06T02:16:43.488 info Netsdk:63708 14140:16760 AVNetSDKMgr.cpp:823]Load configsdk dynamically
[2023-11-06T02:16:43.491 info Netsdk:63708 14140:16760 dhnetsdk.cpp:352]Enter CLIENT_SetNetworkParam:[nWaittime=0, nConnectTime=0, nConnectTryNum=2, nSubConnectSpaceTime=0, nGetDevInfoTime=3000, nConnectBufSize=0, nGetConnInfoTime=0, nSearchRecordTime=0, nsubDisconnetTime=0, byNetType=0, byPlaybackBufSize=0, bDetectDisconnTime=0, bKeepLifeInterval=0, nPicBufSize=0].
[2023-11-06T02:16:43.491 info Netsdk:63708 14140:16760 dhnetsdk.cpp:367]Leave CLIENT_SetNetworkParam.
[2023-11-06T02:16:43.491 info Netsdk:63708 14140:16760 dhnetsdk.cpp:302]Enter CLIENT_SetAutoReconnect:[cbAutoConnect=00007FF75F129CA4, dwUser=0000005E224FE960].
[2023-11-06T02:16:43.491 info Netsdk:63708 14140:16760 dhnetsdk.cpp:304]Leave CLIENT_SetAutoReconnect.
[2023-11-06T02:16:43.522 info Netsdk:63708 14140:16760 dhnetsdk.cpp:991]Enter CLIENT_LoginWithHighLevelSecurity. pstInParam:0000005E224FCED0, pstOutParam:0000005E224FCFD0.
[2023-11-06T02:16:43.522 info Netsdk:63708 14140:16760 dhnetsdk.cpp:1007]IP:218.240.128.210, port:37777, SpeCap:0, CapParam:0000000000000000, TLSCap:0
[2023-11-06T02:16:44.245 info Netsdk:63708 14140:16760 dhnetsdk.cpp:1054]Leave CLIENT_LoginWithHighLevelSecurity. error:0, login ID:1255961136.
[2023-11-06T02:16:44.249 info Netsdk:63708 14140:16760 dhnetsdk.cpp:8181]Enter CLIENT_QueryDevState. [lLoginID=1255961136, nType=4, pBuf=0000005E224FB510, nBufLen=3076, pRetLen=0000005E224FCD64, waittime=3000.]
[2023-11-06T02:16:44.289 info Netsdk:63708 14140:16760 dhnetsdk.cpp:8205]Leave CLIENT_QueryDevState.ret:1.
Begin Time:2023-11-06T02:16:44.697
[2023-11-06T02:16:44.697 info Netsdk:63708 2084:27148 AVNetSDKMgr.cpp:504]Load avnetsdk library dynamically
[2023-11-06T02:16:44.699 info Netsdk:63708 2084:27148 AVNetSDKMgr.cpp:549]avnetsdk module handle: 000002064E030000

[2023-11-06T02:16:44.699 info Netsdk:63708 2084:27148 AVNetSDKMgr.cpp:823]Load configsdk dynamically
[2023-11-06T02:16:44.700 info Netsdk:63708 2084:27148 dhnetsdk.cpp:302]Enter CLIENT_SetAutoReconnect:[cbAutoConnect=00007FF7286A9DA8, dwUser=0000004204AFCF30].
[2023-11-06T02:16:44.700 info Netsdk:63708 2084:27148 dhnetsdk.cpp:304]Leave CLIENT_SetAutoReconnect.
[2023-11-06T02:16:44.729 info Netsdk:63708 2084:27148 dhnetsdk.cpp:991]Enter CLIENT_LoginWithHighLevelSecurity. pstInParam:0000004204AFB3C0, pstOutParam:0000004204AFB4C0.
[2023-11-06T02:16:44.730 info Netsdk:63708 2084:27148 dhnetsdk.cpp:1007]IP:218.240.128.210, port:37777, SpeCap:0, CapParam:0000000000000000, TLSCap:0
[2023-11-06T02:16:45.601 info Netsdk:63708 2084:27148 dhnetsdk.cpp:1054]Leave CLIENT_LoginWithHighLevelSecurity. error:0, login ID:1235775488.
[2023-11-06T02:16:45.608 info Netsdk:63708 2084:27148 dhnetsdk.cpp:8181]Enter CLIENT_QueryDevState. [lLoginID=1235775488, nType=82, pBuf=0000004204AFB5E8, nBufLen=60, pRetLen=0000004204AFB5C4, waittime=1000.]
[2023-11-06T02:16:45.711 info Netsdk:63708 2084:27148 dhnetsdk.cpp:8205]Leave CLIENT_QueryDevState.ret:1.
[2023-11-06T02:16:45.723 info Netsdk:63708 2084:27148 dhnetsdk.cpp:1288]Enter CLIENT_RealPlayEx. lLoginID:1235775488. nChannelID:0. rType:0
[2023-11-06T02:16:46.007 error Netsdk:63708 2084:27148 Generation2ProtocolSecureTransmit.cpp:661]Not find
[2023-11-06T02:16:46.007 info Netsdk:63708 2084:27148 DevConfigEx.cpp:11689]IN SetupSession PORT=0 and PORT: 37777
[2023-11-06T02:16:46.065 info Netsdk:63708 2084:27148 dhnetsdk.cpp:1354]Leave CLIENT_RealPlayEx. ret:1334583456
[2023-11-06T02:17:18.500 info Netsdk:63708 14140:16760 dhnetsdk.cpp:1075]Enter CLIENT_Logout. lLoginID:1255961136.
[2023-11-06T02:17:18.500 error Netsdk:63708 14140:16760 TPTCPClient.cpp:723]Device is not online, ip:218.240.128.210
[2023-11-06T02:17:18.500 info Netsdk:63708 14140:16760 dhnetsdk.cpp:1097]Leave CLIENT_Logout. ret:1
[2023-11-06T02:17:19.737 info Netsdk:63708 2084:27148 dhnetsdk.cpp:2090]Enter CLIENT_StopRealPlayEx. lRealHandle:1334583456.
[2023-11-06T02:17:19.760 info Netsdk:63708 2084:27148 dhnetsdk.cpp:2104]Leave CLIENT_StopRealPlayEx. ret:1
[2023-11-06T02:17:19.761 info Netsdk:63708 2084:27148 dhnetsdk.cpp:1075]Enter CLIENT_Logout. lLoginID:1235775488.
[2023-11-06T02:17:19.761 error Netsdk:63708 2084:27148 TPTCPClient.cpp:723]Device is not online, ip:218.240.128.210
[2023-11-06T02:17:19.761 info Netsdk:63708 2084:27148 dhnetsdk.cpp:1097]Leave CLIENT_Logout. ret:1
Begin Time:2023-11-06T02:17:42.239
[2023-11-06T02:17:42.239 info Netsdk:63708 35580:29012 AVNetSDKMgr.cpp:504]Load avnetsdk library dynamically
[2023-11-06T02:17:42.250 info Netsdk:63708 35580:29012 AVNetSDKMgr.cpp:549]avnetsdk module handle: 000001C261270000

[2023-11-06T02:17:42.251 info Netsdk:63708 35580:29012 AVNetSDKMgr.cpp:823]Load configsdk dynamically
[2023-11-06T02:17:42.255 info Netsdk:63708 35580:29012 dhnetsdk.cpp:352]Enter CLIENT_SetNetworkParam:[nWaittime=0, nConnectTime=0, nConnectTryNum=2, nSubConnectSpaceTime=0, nGetDevInfoTime=3000, nConnectBufSize=0, nGetConnInfoTime=0, nSearchRecordTime=0, nsubDisconnetTime=0, byNetType=0, byPlaybackBufSize=0, bDetectDisconnTime=0, bKeepLifeInterval=0, nPicBufSize=0].
[2023-11-06T02:17:42.255 info Netsdk:63708 35580:29012 dhnetsdk.cpp:367]Leave CLIENT_SetNetworkParam.
[2023-11-06T02:17:42.255 info Netsdk:63708 35580:29012 dhnetsdk.cpp:302]Enter CLIENT_SetAutoReconnect:[cbAutoConnect=00007FF75F129CA4, dwUser=000000919E58E370].
[2023-11-06T02:17:42.255 info Netsdk:63708 35580:29012 dhnetsdk.cpp:304]Leave CLIENT_SetAutoReconnect.
[2023-11-06T02:17:42.287 info Netsdk:63708 35580:29012 dhnetsdk.cpp:991]Enter CLIENT_LoginWithHighLevelSecurity. pstInParam:000000919E58C8E0, pstOutParam:000000919E58C9E0.
[2023-11-06T02:17:42.287 info Netsdk:63708 35580:29012 dhnetsdk.cpp:1007]IP:218.240.128.210, port:37777, SpeCap:0, CapParam:0000000000000000, TLSCap:0
[2023-11-06T02:17:42.966 info Netsdk:63708 35580:29012 dhnetsdk.cpp:1054]Leave CLIENT_LoginWithHighLevelSecurity. error:0, login ID:1574008400.
[2023-11-06T02:17:42.970 info Netsdk:63708 35580:29012 dhnetsdk.cpp:8181]Enter CLIENT_QueryDevState. [lLoginID=1574008400, nType=4, pBuf=000000919E58AF20, nBufLen=3076, pRetLen=000000919E58C774, waittime=3000.]
[2023-11-06T02:17:43.008 info Netsdk:63708 35580:29012 dhnetsdk.cpp:8205]Leave CLIENT_QueryDevState.ret:1.
Begin Time:2023-11-06T02:17:43.317
[2023-11-06T02:17:43.317 info Netsdk:63708 35632:6288 AVNetSDKMgr.cpp:504]Load avnetsdk library dynamically
[2023-11-06T02:17:43.319 info Netsdk:63708 35632:6288 AVNetSDKMgr.cpp:549]avnetsdk module handle: 0000016874970000

[2023-11-06T02:17:43.319 info Netsdk:63708 35632:6288 AVNetSDKMgr.cpp:823]Load configsdk dynamically
[2023-11-06T02:17:43.320 info Netsdk:63708 35632:6288 dhnetsdk.cpp:302]Enter CLIENT_SetAutoReconnect:[cbAutoConnect=00007FF6E5C99DA8, dwUser=00000007876FCAC0].
[2023-11-06T02:17:43.320 info Netsdk:63708 35632:6288 dhnetsdk.cpp:304]Leave CLIENT_SetAutoReconnect.
[2023-11-06T02:17:43.329 info Netsdk:63708 35632:6288 dhnetsdk.cpp:991]Enter CLIENT_LoginWithHighLevelSecurity. pstInParam:00000007876FAF50, pstOutParam:00000007876FB050.
[2023-11-06T02:17:43.329 info Netsdk:63708 35632:6288 dhnetsdk.cpp:1007]IP:218.240.128.210, port:37777, SpeCap:0, CapParam:0000000000000000, TLSCap:0
[2023-11-06T02:17:44.193 info Netsdk:63708 35632:6288 dhnetsdk.cpp:1054]Leave CLIENT_LoginWithHighLevelSecurity. error:0, login ID:1884712096.
[2023-11-06T02:17:44.200 info Netsdk:63708 35632:6288 dhnetsdk.cpp:8181]Enter CLIENT_QueryDevState. [lLoginID=1884712096, nType=82, pBuf=00000007876FB178, nBufLen=60, pRetLen=00000007876FB154, waittime=1000.]
[2023-11-06T02:17:44.311 info Netsdk:63708 35632:6288 dhnetsdk.cpp:8205]Leave CLIENT_QueryDevState.ret:1.
[2023-11-06T02:17:44.313 info Netsdk:63708 35632:6288 dhnetsdk.cpp:1288]Enter CLIENT_RealPlayEx. lLoginID:1884712096. nChannelID:0. rType:0
[2023-11-06T02:17:44.522 error Netsdk:63708 35632:6288 Generation2ProtocolSecureTransmit.cpp:661]Not find
[2023-11-06T02:17:44.522 info Netsdk:63708 35632:6288 DevConfigEx.cpp:11689]IN SetupSession PORT=0 and PORT: 37777
[2023-11-06T02:17:44.581 info Netsdk:63708 35632:6288 dhnetsdk.cpp:1354]Leave CLIENT_RealPlayEx. ret:1962619120
[2023-11-06T02:18:17.260 info Netsdk:63708 35580:29012 dhnetsdk.cpp:1075]Enter CLIENT_Logout. lLoginID:1574008400.
[2023-11-06T02:18:17.261 error Netsdk:63708 35580:29012 TPTCPClient.cpp:723]Device is not online, ip:218.240.128.210
[2023-11-06T02:18:17.261 info Netsdk:63708 35580:29012 dhnetsdk.cpp:1097]Leave CLIENT_Logout. ret:1
[2023-11-06T02:18:18.327 info Netsdk:63708 35632:6288 dhnetsdk.cpp:2090]Enter CLIENT_StopRealPlayEx. lRealHandle:1962619120.
[2023-11-06T02:18:18.352 info Netsdk:63708 35632:6288 dhnetsdk.cpp:2104]Leave CLIENT_StopRealPlayEx. ret:1
[2023-11-06T02:18:18.352 info Netsdk:63708 35632:6288 dhnetsdk.cpp:1075]Enter CLIENT_Logout. lLoginID:1884712096.
[2023-11-06T02:18:18.353 error Netsdk:63708 35632:6288 TPTCPClient.cpp:723]Device is not online, ip:218.240.128.210
[2023-11-06T02:18:18.353 info Netsdk:63708 35632:6288 dhnetsdk.cpp:1097]Leave CLIENT_Logout. ret:1
Begin Time:2023-11-06T02:18:20.301
[2023-11-06T02:18:20.301 info Netsdk:63708 26192:17992 AVNetSDKMgr.cpp:504]Load avnetsdk library dynamically
[2023-11-06T02:18:20.316 info Netsdk:63708 26192:17992 AVNetSDKMgr.cpp:549]avnetsdk module handle: 00000179A8E80000

[2023-11-06T02:18:20.316 info Netsdk:63708 26192:17992 AVNetSDKMgr.cpp:823]Load configsdk dynamically
[2023-11-06T02:18:20.319 info Netsdk:63708 26192:17992 dhnetsdk.cpp:352]Enter CLIENT_SetNetworkParam:[nWaittime=0, nConnectTime=0, nConnectTryNum=2, nSubConnectSpaceTime=0, nGetDevInfoTime=3000, nConnectBufSize=0, nGetConnInfoTime=0, nSearchRecordTime=0, nsubDisconnetTime=0, byNetType=0, byPlaybackBufSize=0, bDetectDisconnTime=0, bKeepLifeInterval=0, nPicBufSize=0].
[2023-11-06T02:18:20.319 info Netsdk:63708 26192:17992 dhnetsdk.cpp:367]Leave CLIENT_SetNetworkParam.
[2023-11-06T02:18:20.319 info Netsdk:63708 26192:17992 dhnetsdk.cpp:302]Enter CLIENT_SetAutoReconnect:[cbAutoConnect=00007FF75F129CA4, dwUser=0000000C699FE340].
[2023-11-06T02:18:20.319 info Netsdk:63708 26192:17992 dhnetsdk.cpp:304]Leave CLIENT_SetAutoReconnect.
[2023-11-06T02:18:20.357 info Netsdk:63708 26192:17992 dhnetsdk.cpp:991]Enter CLIENT_LoginWithHighLevelSecurity. pstInParam:0000000C699FC8B0, pstOutParam:0000000C699FC9B0.
[2023-11-06T02:18:20.357 info Netsdk:63708 26192:17992 dhnetsdk.cpp:1007]IP:218.240.128.210, port:37777, SpeCap:0, CapParam:0000000000000000, TLSCap:0
Begin Time:2023-11-06T02:18:20.967
[2023-11-06T02:18:20.967 info Netsdk:63708 10320:33440 AVNetSDKMgr.cpp:504]Load avnetsdk library dynamically
[2023-11-06T02:18:20.970 info Netsdk:63708 10320:33440 AVNetSDKMgr.cpp:549]avnetsdk module handle: 0000023A917E0000

[2023-11-06T02:18:20.970 info Netsdk:63708 10320:33440 AVNetSDKMgr.cpp:823]Load configsdk dynamically
[2023-11-06T02:18:20.971 info Netsdk:63708 10320:33440 dhnetsdk.cpp:302]Enter CLIENT_SetAutoReconnect:[cbAutoConnect=00007FF6E5C99DA8, dwUser=000000B733CFCB60].
[2023-11-06T02:18:20.971 info Netsdk:63708 10320:33440 dhnetsdk.cpp:304]Leave CLIENT_SetAutoReconnect.
[2023-11-06T02:18:20.982 info Netsdk:63708 10320:33440 dhnetsdk.cpp:991]Enter CLIENT_LoginWithHighLevelSecurity. pstInParam:000000B733CFAFF0, pstOutParam:000000B733CFB0F0.
[2023-11-06T02:18:20.982 info Netsdk:63708 10320:33440 dhnetsdk.cpp:1007]IP:218.240.128.210, port:37777, SpeCap:0, CapParam:0000000000000000, TLSCap:0
[2023-11-06T02:18:21.207 info Netsdk:63708 26192:17992 dhnetsdk.cpp:1054]Leave CLIENT_LoginWithHighLevelSecurity. error:0, login ID:-1517378272.
[2023-11-06T02:18:21.210 info Netsdk:63708 26192:17992 dhnetsdk.cpp:8181]Enter CLIENT_QueryDevState. [lLoginID=-1517378272, nType=4, pBuf=0000000C699FAEF0, nBufLen=3076, pRetLen=0000000C699FC744, waittime=3000.]
[2023-11-06T02:18:21.261 info Netsdk:63708 26192:17992 dhnetsdk.cpp:8205]Leave CLIENT_QueryDevState.ret:1.
[2023-11-06T02:18:21.280 info Netsdk:63708 10320:33440 dhnetsdk.cpp:1054]Leave CLIENT_LoginWithHighLevelSecurity. error:0, login ID:-1926534144.
[2023-11-06T02:18:21.288 info Netsdk:63708 10320:33440 dhnetsdk.cpp:8181]Enter CLIENT_QueryDevState. [lLoginID=-1926534144, nType=82, pBuf=000000B733CFB218, nBufLen=60, pRetLen=000000B733CFB1F4, waittime=1000.]
[2023-11-06T02:18:21.531 info Netsdk:63708 10320:33440 dhnetsdk.cpp:8205]Leave CLIENT_QueryDevState.ret:1.
[2023-11-06T02:18:21.535 info Netsdk:63708 10320:33440 dhnetsdk.cpp:1288]Enter CLIENT_RealPlayEx. lLoginID:-1926534144. nChannelID:0. rType:0
[2023-11-06T02:18:21.779 error Netsdk:63708 10320:33440 Generation2ProtocolSecureTransmit.cpp:661]Not find
[2023-11-06T02:18:21.779 info Netsdk:63708 10320:33440 DevConfigEx.cpp:11689]IN SetupSession PORT=0 and PORT: 37777
[2023-11-06T02:18:21.845 info Netsdk:63708 10320:33440 dhnetsdk.cpp:1354]Leave CLIENT_RealPlayEx. ret:-1847690288
[2023-11-06T02:18:55.324 info Netsdk:63708 26192:17992 dhnetsdk.cpp:1075]Enter CLIENT_Logout. lLoginID:-1517378272.
[2023-11-06T02:18:55.325 error Netsdk:63708 26192:17992 TPTCPClient.cpp:723]Device is not online, ip:218.240.128.210
[2023-11-06T02:18:55.325 info Netsdk:63708 26192:17992 dhnetsdk.cpp:1097]Leave CLIENT_Logout. ret:1
[2023-11-06T02:18:55.984 info Netsdk:63708 10320:33440 dhnetsdk.cpp:2090]Enter CLIENT_StopRealPlayEx. lRealHandle:-1847690288.
[2023-11-06T02:18:56.002 info Netsdk:63708 10320:33440 dhnetsdk.cpp:2104]Leave CLIENT_StopRealPlayEx. ret:1
[2023-11-06T02:18:56.002 info Netsdk:63708 10320:33440 dhnetsdk.cpp:1075]Enter CLIENT_Logout. lLoginID:-1926534144.
[2023-11-06T02:18:56.002 error Netsdk:63708 10320:33440 TPTCPClient.cpp:723]Device is not online, ip:218.240.128.210
[2023-11-06T02:18:56.002 info Netsdk:63708 10320:33440 dhnetsdk.cpp:1097]Leave CLIENT_Logout. ret:1
Begin Time:2023-11-06T02:18:58.266
[2023-11-06T02:18:58.266 info Netsdk:63708 24000:18988 AVNetSDKMgr.cpp:504]Load avnetsdk library dynamically
[2023-11-06T02:18:58.282 info Netsdk:63708 24000:18988 AVNetSDKMgr.cpp:549]avnetsdk module handle: 0000020ED1450000

[2023-11-06T02:18:58.282 info Netsdk:63708 24000:18988 AVNetSDKMgr.cpp:823]Load configsdk dynamically
[2023-11-06T02:18:58.285 info Netsdk:63708 24000:18988 dhnetsdk.cpp:352]Enter CLIENT_SetNetworkParam:[nWaittime=0, nConnectTime=0, nConnectTryNum=2, nSubConnectSpaceTime=0, nGetDevInfoTime=3000, nConnectBufSize=0, nGetConnInfoTime=0, nSearchRecordTime=0, nsubDisconnetTime=0, byNetType=0, byPlaybackBufSize=0, bDetectDisconnTime=0, bKeepLifeInterval=0, nPicBufSize=0].
[2023-11-06T02:18:58.285 info Netsdk:63708 24000:18988 dhnetsdk.cpp:367]Leave CLIENT_SetNetworkParam.
[2023-11-06T02:18:58.285 info Netsdk:63708 24000:18988 dhnetsdk.cpp:302]Enter CLIENT_SetAutoReconnect:[cbAutoConnect=00007FF75F129CA4, dwUser=00000095832FE3C0].
[2023-11-06T02:18:58.285 info Netsdk:63708 24000:18988 dhnetsdk.cpp:304]Leave CLIENT_SetAutoReconnect.
[2023-11-06T02:18:58.334 info Netsdk:63708 24000:18988 dhnetsdk.cpp:991]Enter CLIENT_LoginWithHighLevelSecurity. pstInParam:00000095832FC930, pstOutParam:00000095832FCA30.
[2023-11-06T02:18:58.334 info Netsdk:63708 24000:18988 dhnetsdk.cpp:1007]IP:218.240.128.210, port:37777, SpeCap:0, CapParam:0000000000000000, TLSCap:0
Begin Time:2023-11-06T02:18:58.968
[2023-11-06T02:18:58.968 info Netsdk:63708 13232:15144 AVNetSDKMgr.cpp:504]Load avnetsdk library dynamically
[2023-11-06T02:18:58.970 info Netsdk:63708 13232:15144 AVNetSDKMgr.cpp:549]avnetsdk module handle: 000001DC77D60000

[2023-11-06T02:18:58.970 info Netsdk:63708 13232:15144 AVNetSDKMgr.cpp:823]Load configsdk dynamically
[2023-11-06T02:18:58.972 info Netsdk:63708 13232:15144 dhnetsdk.cpp:302]Enter CLIENT_SetAutoReconnect:[cbAutoConnect=00007FF6E5C99DA8, dwUser=0000003D5FEFCB10].
[2023-11-06T02:18:58.972 info Netsdk:63708 13232:15144 dhnetsdk.cpp:304]Leave CLIENT_SetAutoReconnect.
[2023-11-06T02:18:58.979 info Netsdk:63708 13232:15144 dhnetsdk.cpp:991]Enter CLIENT_LoginWithHighLevelSecurity. pstInParam:0000003D5FEFAFA0, pstOutParam:0000003D5FEFB0A0.
[2023-11-06T02:18:58.979 info Netsdk:63708 13232:15144 dhnetsdk.cpp:1007]IP:218.240.128.210, port:37777, SpeCap:0, CapParam:0000000000000000, TLSCap:0
[2023-11-06T02:18:59.205 info Netsdk:63708 24000:18988 dhnetsdk.cpp:1054]Leave CLIENT_LoginWithHighLevelSecurity. error:0, login ID:-840375632.
[2023-11-06T02:18:59.207 info Netsdk:63708 24000:18988 dhnetsdk.cpp:8181]Enter CLIENT_QueryDevState. [lLoginID=-840375632, nType=4, pBuf=00000095832FAF70, nBufLen=3076, pRetLen=00000095832FC7C4, waittime=3000.]
[2023-11-06T02:18:59.236 info Netsdk:63708 13232:15144 dhnetsdk.cpp:1054]Leave CLIENT_LoginWithHighLevelSecurity. error:0, login ID:1937994288.
[2023-11-06T02:18:59.243 info Netsdk:63708 13232:15144 dhnetsdk.cpp:8181]Enter CLIENT_QueryDevState. [lLoginID=1937994288, nType=82, pBuf=0000003D5FEFB1C8, nBufLen=60, pRetLen=0000003D5FEFB1A4, waittime=1000.]
[2023-11-06T02:18:59.245 info Netsdk:63708 24000:18988 dhnetsdk.cpp:8205]Leave CLIENT_QueryDevState.ret:1.
[2023-11-06T02:18:59.451 info Netsdk:63708 13232:15144 dhnetsdk.cpp:8205]Leave CLIENT_QueryDevState.ret:1.
[2023-11-06T02:18:59.454 info Netsdk:63708 13232:15144 dhnetsdk.cpp:1288]Enter CLIENT_RealPlayEx. lLoginID:1937994288. nChannelID:0. rType:0
[2023-11-06T02:18:59.702 error Netsdk:63708 13232:15144 Generation2ProtocolSecureTransmit.cpp:661]Not find
[2023-11-06T02:18:59.702 info Netsdk:63708 13232:15144 DevConfigEx.cpp:11689]IN SetupSession PORT=0 and PORT: 37777
[2023-11-06T02:18:59.759 info Netsdk:63708 13232:15144 dhnetsdk.cpp:1354]Leave CLIENT_RealPlayEx. ret:1938019408
[2023-11-06T02:19:33.296 info Netsdk:63708 24000:18988 dhnetsdk.cpp:1075]Enter CLIENT_Logout. lLoginID:-840375632.
[2023-11-06T02:19:33.296 error Netsdk:63708 24000:18988 TPTCPClient.cpp:723]Device is not online, ip:218.240.128.210
[2023-11-06T02:19:33.296 info Netsdk:63708 24000:18988 dhnetsdk.cpp:1097]Leave CLIENT_Logout. ret:1
[2023-11-06T02:19:33.988 info Netsdk:63708 13232:15144 dhnetsdk.cpp:2090]Enter CLIENT_StopRealPlayEx. lRealHandle:1938019408.
[2023-11-06T02:19:34.008 info Netsdk:63708 13232:15144 dhnetsdk.cpp:2104]Leave CLIENT_StopRealPlayEx. ret:1
[2023-11-06T02:19:34.008 info Netsdk:63708 13232:15144 dhnetsdk.cpp:1075]Enter CLIENT_Logout. lLoginID:1937994288.
[2023-11-06T02:19:34.008 error Netsdk:63708 13232:15144 TPTCPClient.cpp:723]Device is not online, ip:218.240.128.210
[2023-11-06T02:19:34.009 info Netsdk:63708 13232:15144 dhnetsdk.cpp:1097]Leave CLIENT_Logout. ret:1
Begin Time:2023-11-06T02:19:36.361
[2023-11-06T02:19:36.361 info Netsdk:63708 2660:29772 AVNetSDKMgr.cpp:504]Load avnetsdk library dynamically
[2023-11-06T02:19:36.380 info Netsdk:63708 2660:29772 AVNetSDKMgr.cpp:549]avnetsdk module handle: 00000292366D0000

[2023-11-06T02:19:36.380 info Netsdk:63708 2660:29772 AVNetSDKMgr.cpp:823]Load configsdk dynamically
[2023-11-06T02:19:36.386 info Netsdk:63708 2660:29772 dhnetsdk.cpp:352]Enter CLIENT_SetNetworkParam:[nWaittime=0, nConnectTime=0, nConnectTryNum=2, nSubConnectSpaceTime=0, nGetDevInfoTime=3000, nConnectBufSize=0, nGetConnInfoTime=0, nSearchRecordTime=0, nsubDisconnetTime=0, byNetType=0, byPlaybackBufSize=0, bDetectDisconnTime=0, bKeepLifeInterval=0, nPicBufSize=0].
[2023-11-06T02:19:36.386 info Netsdk:63708 2660:29772 dhnetsdk.cpp:367]Leave CLIENT_SetNetworkParam.
[2023-11-06T02:19:36.386 info Netsdk:63708 2660:29772 dhnetsdk.cpp:302]Enter CLIENT_SetAutoReconnect:[cbAutoConnect=00007FF75F129CA4, dwUser=000000B67F1FE820].
[2023-11-06T02:19:36.386 info Netsdk:63708 2660:29772 dhnetsdk.cpp:304]Leave CLIENT_SetAutoReconnect.
[2023-11-06T02:19:36.444 info Netsdk:63708 2660:29772 dhnetsdk.cpp:991]Enter CLIENT_LoginWithHighLevelSecurity. pstInParam:000000B67F1FCD90, pstOutParam:000000B67F1FCE90.
[2023-11-06T02:19:36.444 info Netsdk:63708 2660:29772 dhnetsdk.cpp:1007]IP:218.240.128.210, port:37777, SpeCap:0, CapParam:0000000000000000, TLSCap:0
Begin Time:2023-11-06T02:19:37.046
[2023-11-06T02:19:37.046 info Netsdk:63708 444:32760 AVNetSDKMgr.cpp:504]Load avnetsdk library dynamically
[2023-11-06T02:19:37.050 info Netsdk:63708 444:32760 AVNetSDKMgr.cpp:549]avnetsdk module handle: 000001FD3EE10000

[2023-11-06T02:19:37.050 info Netsdk:63708 444:32760 AVNetSDKMgr.cpp:823]Load configsdk dynamically
[2023-11-06T02:19:37.052 info Netsdk:63708 444:32760 dhnetsdk.cpp:302]Enter CLIENT_SetAutoReconnect:[cbAutoConnect=00007FF6E5C99DA8, dwUser=000000970098CD90].
[2023-11-06T02:19:37.052 info Netsdk:63708 444:32760 dhnetsdk.cpp:304]Leave CLIENT_SetAutoReconnect.
[2023-11-06T02:19:37.065 info Netsdk:63708 444:32760 dhnetsdk.cpp:991]Enter CLIENT_LoginWithHighLevelSecurity. pstInParam:000000970098B220, pstOutParam:000000970098B320.
[2023-11-06T02:19:37.065 info Netsdk:63708 444:32760 dhnetsdk.cpp:1007]IP:218.240.128.210, port:37777, SpeCap:0, CapParam:0000000000000000, TLSCap:0
[2023-11-06T02:19:37.431 info Netsdk:63708 444:32760 dhnetsdk.cpp:1054]Leave CLIENT_LoginWithHighLevelSecurity. error:0, login ID:983592096.
[2023-11-06T02:19:37.439 info Netsdk:63708 444:32760 dhnetsdk.cpp:8181]Enter CLIENT_QueryDevState. [lLoginID=983592096, nType=82, pBuf=000000970098B448, nBufLen=60, pRetLen=000000970098B424, waittime=1000.]
[2023-11-06T02:19:37.447 info Netsdk:63708 2660:29772 dhnetsdk.cpp:1054]Leave CLIENT_LoginWithHighLevelSecurity. error:0, login ID:856258128.
[2023-11-06T02:19:37.449 info Netsdk:63708 2660:29772 dhnetsdk.cpp:8181]Enter CLIENT_QueryDevState. [lLoginID=856258128, nType=4, pBuf=000000B67F1FB3D0, nBufLen=3076, pRetLen=000000B67F1FCC24, waittime=3000.]
[2023-11-06T02:19:37.497 info Netsdk:63708 2660:29772 dhnetsdk.cpp:8205]Leave CLIENT_QueryDevState.ret:1.
[2023-11-06T02:19:37.621 info Netsdk:63708 444:32760 dhnetsdk.cpp:8205]Leave CLIENT_QueryDevState.ret:1.
[2023-11-06T02:19:37.623 info Netsdk:63708 444:32760 dhnetsdk.cpp:1288]Enter CLIENT_RealPlayEx. lLoginID:983592096. nChannelID:0. rType:0
[2023-11-06T02:19:37.803 error Netsdk:63708 444:32760 Generation2ProtocolSecureTransmit.cpp:661]Not find
[2023-11-06T02:19:37.803 info Netsdk:63708 444:32760 DevConfigEx.cpp:11689]IN SetupSession PORT=0 and PORT: 37777
[2023-11-06T02:19:37.873 info Netsdk:63708 444:32760 dhnetsdk.cpp:1354]Leave CLIENT_RealPlayEx. ret:1061385008
[2023-11-06T02:20:11.400 info Netsdk:63708 2660:29772 dhnetsdk.cpp:1075]Enter CLIENT_Logout. lLoginID:856258128.
[2023-11-06T02:20:11.400 error Netsdk:63708 2660:29772 TPTCPClient.cpp:723]Device is not online, ip:218.240.128.210
[2023-11-06T02:20:11.400 info Netsdk:63708 2660:29772 dhnetsdk.cpp:1097]Leave CLIENT_Logout. ret:1
[2023-11-06T02:20:12.053 info Netsdk:63708 444:32760 dhnetsdk.cpp:2090]Enter CLIENT_StopRealPlayEx. lRealHandle:1061385008.
[2023-11-06T02:20:12.083 info Netsdk:63708 444:32760 dhnetsdk.cpp:2104]Leave CLIENT_StopRealPlayEx. ret:1
[2023-11-06T02:20:12.083 info Netsdk:63708 444:32760 dhnetsdk.cpp:1075]Enter CLIENT_Logout. lLoginID:983592096.
[2023-11-06T02:20:12.083 error Netsdk:63708 444:32760 TPTCPClient.cpp:723]Device is not online, ip:218.240.128.210
[2023-11-06T02:20:12.084 info Netsdk:63708 444:32760 dhnetsdk.cpp:1097]Leave CLIENT_Logout. ret:1
Begin Time:2023-11-06T02:20:14.645
[2023-11-06T02:20:14.645 info Netsdk:63708 17648:18760 AVNetSDKMgr.cpp:504]Load avnetsdk library dynamically
[2023-11-06T02:20:14.663 info Netsdk:63708 17648:18760 AVNetSDKMgr.cpp:549]avnetsdk module handle: 0000023B83820000

[2023-11-06T02:20:14.663 info Netsdk:63708 17648:18760 AVNetSDKMgr.cpp:823]Load configsdk dynamically
[2023-11-06T02:20:14.668 info Netsdk:63708 17648:18760 dhnetsdk.cpp:352]Enter CLIENT_SetNetworkParam:[nWaittime=0, nConnectTime=0, nConnectTryNum=2, nSubConnectSpaceTime=0, nGetDevInfoTime=3000, nConnectBufSize=0, nGetConnInfoTime=0, nSearchRecordTime=0, nsubDisconnetTime=0, byNetType=0, byPlaybackBufSize=0, bDetectDisconnTime=0, bKeepLifeInterval=0, nPicBufSize=0].
[2023-11-06T02:20:14.668 info Netsdk:63708 17648:18760 dhnetsdk.cpp:367]Leave CLIENT_SetNetworkParam.
[2023-11-06T02:20:14.668 info Netsdk:63708 17648:18760 dhnetsdk.cpp:302]Enter CLIENT_SetAutoReconnect:[cbAutoConnect=00007FF75F129CA4, dwUser=00000077C5EFEA40].
[2023-11-06T02:20:14.668 info Netsdk:63708 17648:18760 dhnetsdk.cpp:304]Leave CLIENT_SetAutoReconnect.
[2023-11-06T02:20:14.726 info Netsdk:63708 17648:18760 dhnetsdk.cpp:991]Enter CLIENT_LoginWithHighLevelSecurity. pstInParam:00000077C5EFCFB0, pstOutParam:00000077C5EFD0B0.
[2023-11-06T02:20:14.727 info Netsdk:63708 17648:18760 dhnetsdk.cpp:1007]IP:218.240.128.210, port:37777, SpeCap:0, CapParam:0000000000000000, TLSCap:0
Begin Time:2023-11-06T02:20:15.091
[2023-11-06T02:20:15.091 info Netsdk:63708 10568:25208 AVNetSDKMgr.cpp:504]Load avnetsdk library dynamically
[2023-11-06T02:20:15.095 info Netsdk:63708 10568:25208 AVNetSDKMgr.cpp:549]avnetsdk module handle: 000001D3BEB70000

[2023-11-06T02:20:15.095 info Netsdk:63708 10568:25208 AVNetSDKMgr.cpp:823]Load configsdk dynamically
[2023-11-06T02:20:15.098 info Netsdk:63708 10568:25208 dhnetsdk.cpp:302]Enter CLIENT_SetAutoReconnect:[cbAutoConnect=00007FF6E5C99DA8, dwUser=000000C4D80FCEC0].
[2023-11-06T02:20:15.098 info Netsdk:63708 10568:25208 dhnetsdk.cpp:304]Leave CLIENT_SetAutoReconnect.
[2023-11-06T02:20:15.111 info Netsdk:63708 10568:25208 dhnetsdk.cpp:991]Enter CLIENT_LoginWithHighLevelSecurity. pstInParam:000000C4D80FB350, pstOutParam:000000C4D80FB450.
[2023-11-06T02:20:15.111 info Netsdk:63708 10568:25208 dhnetsdk.cpp:1007]IP:218.240.128.210, port:37777, SpeCap:0, CapParam:0000000000000000, TLSCap:0
[2023-11-06T02:20:15.396 info Netsdk:63708 10568:25208 dhnetsdk.cpp:1054]Leave CLIENT_LoginWithHighLevelSecurity. error:0, login ID:-1169133008.
[2023-11-06T02:20:15.404 info Netsdk:63708 10568:25208 dhnetsdk.cpp:8181]Enter CLIENT_QueryDevState. [lLoginID=-1169133008, nType=82, pBuf=000000C4D80FB578, nBufLen=60, pRetLen=000000C4D80FB554, waittime=1000.]
[2023-11-06T02:20:15.661 info Netsdk:63708 10568:25208 dhnetsdk.cpp:8205]Leave CLIENT_QueryDevState.ret:1.
[2023-11-06T02:20:15.663 info Netsdk:63708 10568:25208 dhnetsdk.cpp:1288]Enter CLIENT_RealPlayEx. lLoginID:-1169133008. nChannelID:0. rType:0
[2023-11-06T02:20:15.773 info Netsdk:63708 17648:18760 dhnetsdk.cpp:1054]Leave CLIENT_LoginWithHighLevelSecurity. error:0, login ID:-18909616.
[2023-11-06T02:20:15.776 info Netsdk:63708 17648:18760 dhnetsdk.cpp:8181]Enter CLIENT_QueryDevState. [lLoginID=-18909616, nType=4, pBuf=00000077C5EFB5F0, nBufLen=3076, pRetLen=00000077C5EFCE44, waittime=3000.]
[2023-11-06T02:20:15.809 info Netsdk:63708 17648:18760 dhnetsdk.cpp:8205]Leave CLIENT_QueryDevState.ret:1.
[2023-11-06T02:20:15.882 error Netsdk:63708 10568:25208 Generation2ProtocolSecureTransmit.cpp:661]Not find
[2023-11-06T02:20:15.882 info Netsdk:63708 10568:25208 DevConfigEx.cpp:11689]IN SetupSession PORT=0 and PORT: 37777
[2023-11-06T02:20:15.954 info Netsdk:63708 10568:25208 dhnetsdk.cpp:1354]Leave CLIENT_RealPlayEx. ret:-1169110816
[2023-11-06T02:20:49.686 info Netsdk:63708 17648:18760 dhnetsdk.cpp:1075]Enter CLIENT_Logout. lLoginID:-18909616.
[2023-11-06T02:20:49.687 error Netsdk:63708 17648:18760 TPTCPClient.cpp:723]Device is not online, ip:218.240.128.210
[2023-11-06T02:20:49.687 info Netsdk:63708 17648:18760 dhnetsdk.cpp:1097]Leave CLIENT_Logout. ret:1
[2023-11-06T02:20:50.101 info Netsdk:63708 10568:25208 dhnetsdk.cpp:2090]Enter CLIENT_StopRealPlayEx. lRealHandle:-1169110816.
[2023-11-06T02:20:50.118 info Netsdk:63708 10568:25208 dhnetsdk.cpp:2104]Leave CLIENT_StopRealPlayEx. ret:1
[2023-11-06T02:20:50.118 info Netsdk:63708 10568:25208 dhnetsdk.cpp:1075]Enter CLIENT_Logout. lLoginID:-1169133008.
[2023-11-06T02:20:50.118 error Netsdk:63708 10568:25208 TPTCPClient.cpp:723]Device is not online, ip:218.240.128.210
[2023-11-06T02:20:50.119 info Netsdk:63708 10568:25208 dhnetsdk.cpp:1097]Leave CLIENT_Logout. ret:1
Begin Time:2023-11-06T02:20:52.438
[2023-11-06T02:20:52.439 info Netsdk:63708 6296:30656 AVNetSDKMgr.cpp:504]Load avnetsdk library dynamically
[2023-11-06T02:20:52.456 info Netsdk:63708 6296:30656 AVNetSDKMgr.cpp:549]avnetsdk module handle: 0000028DBEB20000

[2023-11-06T02:20:52.456 info Netsdk:63708 6296:30656 AVNetSDKMgr.cpp:823]Load configsdk dynamically
[2023-11-06T02:20:52.461 info Netsdk:63708 6296:30656 dhnetsdk.cpp:352]Enter CLIENT_SetNetworkParam:[nWaittime=0, nConnectTime=0, nConnectTryNum=2, nSubConnectSpaceTime=0, nGetDevInfoTime=3000, nConnectBufSize=0, nGetConnInfoTime=0, nSearchRecordTime=0, nsubDisconnetTime=0, byNetType=0, byPlaybackBufSize=0, bDetectDisconnTime=0, bKeepLifeInterval=0, nPicBufSize=0].
[2023-11-06T02:20:52.461 info Netsdk:63708 6296:30656 dhnetsdk.cpp:367]Leave CLIENT_SetNetworkParam.
[2023-11-06T02:20:52.461 info Netsdk:63708 6296:30656 dhnetsdk.cpp:302]Enter CLIENT_SetAutoReconnect:[cbAutoConnect=00007FF75F129CA4, dwUser=000000DB268FE310].
[2023-11-06T02:20:52.461 info Netsdk:63708 6296:30656 dhnetsdk.cpp:304]Leave CLIENT_SetAutoReconnect.
[2023-11-06T02:20:52.507 info Netsdk:63708 6296:30656 dhnetsdk.cpp:991]Enter CLIENT_LoginWithHighLevelSecurity. pstInParam:000000DB268FC880, pstOutParam:000000DB268FC980.
[2023-11-06T02:20:52.507 info Netsdk:63708 6296:30656 dhnetsdk.cpp:1007]IP:218.240.128.210, port:37777, SpeCap:0, CapParam:0000000000000000, TLSCap:0
Begin Time:2023-11-06T02:20:53.002
[2023-11-06T02:20:53.002 info Netsdk:63708 14124:9808 AVNetSDKMgr.cpp:504]Load avnetsdk library dynamically
[2023-11-06T02:20:53.006 info Netsdk:63708 14124:9808 AVNetSDKMgr.cpp:549]avnetsdk module handle: 000001FEA86A0000

[2023-11-06T02:20:53.006 info Netsdk:63708 14124:9808 AVNetSDKMgr.cpp:823]Load configsdk dynamically
[2023-11-06T02:20:53.007 info Netsdk:63708 14124:9808 dhnetsdk.cpp:302]Enter CLIENT_SetAutoReconnect:[cbAutoConnect=00007FF6E5C99DA8, dwUser=000000A9DD7FCEA0].
[2023-11-06T02:20:53.007 info Netsdk:63708 14124:9808 dhnetsdk.cpp:304]Leave CLIENT_SetAutoReconnect.
[2023-11-06T02:20:53.018 info Netsdk:63708 14124:9808 dhnetsdk.cpp:991]Enter CLIENT_LoginWithHighLevelSecurity. pstInParam:000000A9DD7FB330, pstOutParam:000000A9DD7FB430.
[2023-11-06T02:20:53.018 info Netsdk:63708 14124:9808 dhnetsdk.cpp:1007]IP:218.240.128.210, port:37777, SpeCap:0, CapParam:0000000000000000, TLSCap:0
[2023-11-06T02:20:53.381 info Netsdk:63708 14124:9808 dhnetsdk.cpp:1054]Leave CLIENT_LoginWithHighLevelSecurity. error:0, login ID:-1541444448.
[2023-11-06T02:20:53.389 info Netsdk:63708 14124:9808 dhnetsdk.cpp:8181]Enter CLIENT_QueryDevState. [lLoginID=-1541444448, nType=82, pBuf=000000A9DD7FB558, nBufLen=60, pRetLen=000000A9DD7FB534, waittime=1000.]
[2023-11-06T02:20:53.475 info Netsdk:63708 6296:30656 dhnetsdk.cpp:1054]Leave CLIENT_LoginWithHighLevelSecurity. error:0, login ID:-1152802240.
[2023-11-06T02:20:53.478 info Netsdk:63708 6296:30656 dhnetsdk.cpp:8181]Enter CLIENT_QueryDevState. [lLoginID=-1152802240, nType=4, pBuf=000000DB268FAEC0, nBufLen=3076, pRetLen=000000DB268FC714, waittime=3000.]
[2023-11-06T02:20:53.541 info Netsdk:63708 6296:30656 dhnetsdk.cpp:8205]Leave CLIENT_QueryDevState.ret:1.
[2023-11-06T02:20:53.590 info Netsdk:63708 14124:9808 dhnetsdk.cpp:8205]Leave CLIENT_QueryDevState.ret:1.
[2023-11-06T02:20:53.592 info Netsdk:63708 14124:9808 dhnetsdk.cpp:1288]Enter CLIENT_RealPlayEx. lLoginID:-1541444448. nChannelID:0. rType:0
[2023-11-06T02:20:53.780 error Netsdk:63708 14124:9808 Generation2ProtocolSecureTransmit.cpp:661]Not find
[2023-11-06T02:20:53.780 info Netsdk:63708 14124:9808 DevConfigEx.cpp:11689]IN SetupSession PORT=0 and PORT: 37777
[2023-11-06T02:20:53.845 info Netsdk:63708 14124:9808 dhnetsdk.cpp:1354]Leave CLIENT_RealPlayEx. ret:-1463387136
[2023-11-06T02:21:27.477 info Netsdk:63708 6296:30656 dhnetsdk.cpp:1075]Enter CLIENT_Logout. lLoginID:-1152802240.
[2023-11-06T02:21:27.478 error Netsdk:63708 6296:30656 TPTCPClient.cpp:723]Device is not online, ip:218.240.128.210
[2023-11-06T02:21:27.478 info Netsdk:63708 6296:30656 dhnetsdk.cpp:1097]Leave CLIENT_Logout. ret:1
[2023-11-06T02:21:28.015 info Netsdk:63708 14124:9808 dhnetsdk.cpp:2090]Enter CLIENT_StopRealPlayEx. lRealHandle:-1463387136.
[2023-11-06T02:21:28.036 info Netsdk:63708 14124:9808 dhnetsdk.cpp:2104]Leave CLIENT_StopRealPlayEx. ret:1
[2023-11-06T02:21:28.037 info Netsdk:63708 14124:9808 dhnetsdk.cpp:1075]Enter CLIENT_Logout. lLoginID:-1541444448.
[2023-11-06T02:21:28.037 error Netsdk:63708 14124:9808 TPTCPClient.cpp:723]Device is not online, ip:218.240.128.210
[2023-11-06T02:21:28.037 info Netsdk:63708 14124:9808 dhnetsdk.cpp:1097]Leave CLIENT_Logout. ret:1
Begin Time:2023-11-06T02:21:30.296
[2023-11-06T02:21:30.296 info Netsdk:63708 9832:1124 AVNetSDKMgr.cpp:504]Load avnetsdk library dynamically
[2023-11-06T02:21:30.312 info Netsdk:63708 9832:1124 AVNetSDKMgr.cpp:549]avnetsdk module handle: 000001CD41960000

[2023-11-06T02:21:30.312 info Netsdk:63708 9832:1124 AVNetSDKMgr.cpp:823]Load configsdk dynamically
[2023-11-06T02:21:30.316 info Netsdk:63708 9832:1124 dhnetsdk.cpp:352]Enter CLIENT_SetNetworkParam:[nWaittime=0, nConnectTime=0, nConnectTryNum=2, nSubConnectSpaceTime=0, nGetDevInfoTime=3000, nConnectBufSize=0, nGetConnInfoTime=0, nSearchRecordTime=0, nsubDisconnetTime=0, byNetType=0, byPlaybackBufSize=0, bDetectDisconnTime=0, bKeepLifeInterval=0, nPicBufSize=0].
[2023-11-06T02:21:30.316 info Netsdk:63708 9832:1124 dhnetsdk.cpp:367]Leave CLIENT_SetNetworkParam.
[2023-11-06T02:21:30.316 info Netsdk:63708 9832:1124 dhnetsdk.cpp:302]Enter CLIENT_SetAutoReconnect:[cbAutoConnect=00007FF75F129CA4, dwUser=000000A0181CE3D0].
[2023-11-06T02:21:30.316 info Netsdk:63708 9832:1124 dhnetsdk.cpp:304]Leave CLIENT_SetAutoReconnect.
[2023-11-06T02:21:30.362 info Netsdk:63708 9832:1124 dhnetsdk.cpp:991]Enter CLIENT_LoginWithHighLevelSecurity. pstInParam:000000A0181CC940, pstOutParam:000000A0181CCA40.
[2023-11-06T02:21:30.362 info Netsdk:63708 9832:1124 dhnetsdk.cpp:1007]IP:218.240.128.210, port:37777, SpeCap:0, CapParam:0000000000000000, TLSCap:0
Begin Time:2023-11-06T02:21:30.986
[2023-11-06T02:21:30.986 info Netsdk:63708 30896:19876 AVNetSDKMgr.cpp:504]Load avnetsdk library dynamically
[2023-11-06T02:21:30.989 info Netsdk:63708 30896:19876 AVNetSDKMgr.cpp:549]avnetsdk module handle: 0000018C9FB20000

[2023-11-06T02:21:30.989 info Netsdk:63708 30896:19876 AVNetSDKMgr.cpp:823]Load configsdk dynamically
[2023-11-06T02:21:30.992 info Netsdk:63708 30896:19876 dhnetsdk.cpp:302]Enter CLIENT_SetAutoReconnect:[cbAutoConnect=00007FF6E5C99DA8, dwUser=0000008770AFD120].
[2023-11-06T02:21:30.992 info Netsdk:63708 30896:19876 dhnetsdk.cpp:304]Leave CLIENT_SetAutoReconnect.
[2023-11-06T02:21:31.003 info Netsdk:63708 30896:19876 dhnetsdk.cpp:991]Enter CLIENT_LoginWithHighLevelSecurity. pstInParam:0000008770AFB5B0, pstOutParam:0000008770AFB6B0.
[2023-11-06T02:21:31.005 info Netsdk:63708 30896:19876 dhnetsdk.cpp:1007]IP:218.240.128.210, port:37777, SpeCap:0, CapParam:0000000000000000, TLSCap:0
[2023-11-06T02:21:31.192 info Netsdk:63708 9832:1124 dhnetsdk.cpp:1054]Leave CLIENT_LoginWithHighLevelSecurity. error:0, login ID:1044347472.
[2023-11-06T02:21:31.194 info Netsdk:63708 9832:1124 dhnetsdk.cpp:8181]Enter CLIENT_QueryDevState. [lLoginID=1044347472, nType=4, pBuf=000000A0181CAF80, nBufLen=3076, pRetLen=000000A0181CC7D4, waittime=3000.]
[2023-11-06T02:21:31.238 info Netsdk:63708 9832:1124 dhnetsdk.cpp:8205]Leave CLIENT_QueryDevState.ret:1.
[2023-11-06T02:21:31.255 info Netsdk:63708 30896:19876 dhnetsdk.cpp:1054]Leave CLIENT_LoginWithHighLevelSecurity. error:0, login ID:-1678151120.
[2023-11-06T02:21:31.262 info Netsdk:63708 30896:19876 dhnetsdk.cpp:8181]Enter CLIENT_QueryDevState. [lLoginID=-1678151120, nType=82, pBuf=0000008770AFB7D8, nBufLen=60, pRetLen=0000008770AFB7B4, waittime=1000.]
[2023-11-06T02:21:31.481 info Netsdk:63708 30896:19876 dhnetsdk.cpp:8205]Leave CLIENT_QueryDevState.ret:1.
[2023-11-06T02:21:31.483 info Netsdk:63708 30896:19876 dhnetsdk.cpp:1288]Enter CLIENT_RealPlayEx. lLoginID:-1678151120. nChannelID:0. rType:0
[2023-11-06T02:21:31.730 error Netsdk:63708 30896:19876 Generation2ProtocolSecureTransmit.cpp:661]Not find
[2023-11-06T02:21:31.730 info Netsdk:63708 30896:19876 DevConfigEx.cpp:11689]IN SetupSession PORT=0 and PORT: 37777
[2023-11-06T02:21:31.787 info Netsdk:63708 30896:19876 dhnetsdk.cpp:1354]Leave CLIENT_RealPlayEx. ret:-1678124960
[2023-11-06T02:22:05.318 info Netsdk:63708 9832:1124 dhnetsdk.cpp:1075]Enter CLIENT_Logout. lLoginID:1044347472.
[2023-11-06T02:22:05.318 error Netsdk:63708 9832:1124 TPTCPClient.cpp:723]Device is not online, ip:218.240.128.210
[2023-11-06T02:22:05.318 info Netsdk:63708 9832:1124 dhnetsdk.cpp:1097]Leave CLIENT_Logout. ret:1
[2023-11-06T02:22:05.994 info Netsdk:63708 30896:19876 dhnetsdk.cpp:2090]Enter CLIENT_StopRealPlayEx. lRealHandle:-1678124960.
[2023-11-06T02:22:06.030 info Netsdk:63708 30896:19876 dhnetsdk.cpp:2104]Leave CLIENT_StopRealPlayEx. ret:1
[2023-11-06T02:22:06.030 info Netsdk:63708 30896:19876 dhnetsdk.cpp:1075]Enter CLIENT_Logout. lLoginID:-1678151120.
[2023-11-06T02:22:06.031 error Netsdk:63708 30896:19876 TPTCPClient.cpp:723]Device is not online, ip:218.240.128.210
[2023-11-06T02:22:06.031 info Netsdk:63708 30896:19876 dhnetsdk.cpp:1097]Leave CLIENT_Logout. ret:1
Begin Time:2023-11-06T02:22:08.350
[2023-11-06T02:22:08.350 info Netsdk:63708 10964:5788 AVNetSDKMgr.cpp:504]Load avnetsdk library dynamically
[2023-11-06T02:22:08.367 info Netsdk:63708 10964:5788 AVNetSDKMgr.cpp:549]avnetsdk module handle: 00000232D0B30000

[2023-11-06T02:22:08.367 info Netsdk:63708 10964:5788 AVNetSDKMgr.cpp:823]Load configsdk dynamically
[2023-11-06T02:22:08.371 info Netsdk:63708 10964:5788 dhnetsdk.cpp:352]Enter CLIENT_SetNetworkParam:[nWaittime=0, nConnectTime=0, nConnectTryNum=2, nSubConnectSpaceTime=0, nGetDevInfoTime=3000, nConnectBufSize=0, nGetConnInfoTime=0, nSearchRecordTime=0, nsubDisconnetTime=0, byNetType=0, byPlaybackBufSize=0, bDetectDisconnTime=0, bKeepLifeInterval=0, nPicBufSize=0].
[2023-11-06T02:22:08.371 info Netsdk:63708 10964:5788 dhnetsdk.cpp:367]Leave CLIENT_SetNetworkParam.
[2023-11-06T02:22:08.371 info Netsdk:63708 10964:5788 dhnetsdk.cpp:302]Enter CLIENT_SetAutoReconnect:[cbAutoConnect=00007FF75F129CA4, dwUser=0000009A7797E3E0].
[2023-11-06T02:22:08.371 info Netsdk:63708 10964:5788 dhnetsdk.cpp:304]Leave CLIENT_SetAutoReconnect.
[2023-11-06T02:22:08.423 info Netsdk:63708 10964:5788 dhnetsdk.cpp:991]Enter CLIENT_LoginWithHighLevelSecurity. pstInParam:0000009A7797C950, pstOutParam:0000009A7797CA50.
[2023-11-06T02:22:08.423 info Netsdk:63708 10964:5788 dhnetsdk.cpp:1007]IP:218.240.128.210, port:37777, SpeCap:0, CapParam:0000000000000000, TLSCap:0
Begin Time:2023-11-06T02:22:09.023
[2023-11-06T02:22:09.023 info Netsdk:63708 22276:23760 AVNetSDKMgr.cpp:504]Load avnetsdk library dynamically
[2023-11-06T02:22:09.025 info Netsdk:63708 22276:23760 AVNetSDKMgr.cpp:549]avnetsdk module handle: 0000024994430000

[2023-11-06T02:22:09.025 info Netsdk:63708 22276:23760 AVNetSDKMgr.cpp:823]Load configsdk dynamically
[2023-11-06T02:22:09.027 info Netsdk:63708 22276:23760 dhnetsdk.cpp:302]Enter CLIENT_SetAutoReconnect:[cbAutoConnect=00007FF6E5C99DA8, dwUser=000000CDB2D9CED0].
[2023-11-06T02:22:09.027 info Netsdk:63708 22276:23760 dhnetsdk.cpp:304]Leave CLIENT_SetAutoReconnect.
[2023-11-06T02:22:09.043 info Netsdk:63708 22276:23760 dhnetsdk.cpp:991]Enter CLIENT_LoginWithHighLevelSecurity. pstInParam:000000CDB2D9B360, pstOutParam:000000CDB2D9B460.
[2023-11-06T02:22:09.043 info Netsdk:63708 22276:23760 dhnetsdk.cpp:1007]IP:218.240.128.210, port:37777, SpeCap:0, CapParam:0000000000000000, TLSCap:0
[2023-11-06T02:22:09.217 info Netsdk:63708 10964:5788 dhnetsdk.cpp:1054]Leave CLIENT_LoginWithHighLevelSecurity. error:0, login ID:-850942688.
[2023-11-06T02:22:09.222 info Netsdk:63708 10964:5788 dhnetsdk.cpp:8181]Enter CLIENT_QueryDevState. [lLoginID=-850942688, nType=4, pBuf=0000009A7797AF90, nBufLen=3076, pRetLen=0000009A7797C7E4, waittime=3000.]
[2023-11-06T02:22:09.278 info Netsdk:63708 10964:5788 dhnetsdk.cpp:8205]Leave CLIENT_QueryDevState.ret:1.
[2023-11-06T02:22:09.409 info Netsdk:63708 22276:23760 dhnetsdk.cpp:1054]Leave CLIENT_LoginWithHighLevelSecurity. error:0, login ID:-1879739856.
[2023-11-06T02:22:09.416 info Netsdk:63708 22276:23760 dhnetsdk.cpp:8181]Enter CLIENT_QueryDevState. [lLoginID=-1879739856, nType=82, pBuf=000000CDB2D9B588, nBufLen=60, pRetLen=000000CDB2D9B564, waittime=1000.]
[2023-11-06T02:22:09.631 info Netsdk:63708 22276:23760 dhnetsdk.cpp:8205]Leave CLIENT_QueryDevState.ret:1.
[2023-11-06T02:22:09.633 info Netsdk:63708 22276:23760 dhnetsdk.cpp:1288]Enter CLIENT_RealPlayEx. lLoginID:-1879739856. nChannelID:0. rType:0
[2023-11-06T02:22:09.803 error Netsdk:63708 22276:23760 Generation2ProtocolSecureTransmit.cpp:661]Not find
[2023-11-06T02:22:09.803 info Netsdk:63708 22276:23760 DevConfigEx.cpp:11689]IN SetupSession PORT=0 and PORT: 37777
[2023-11-06T02:22:09.878 info Netsdk:63708 22276:23760 dhnetsdk.cpp:1354]Leave CLIENT_RealPlayEx. ret:-1879713520
[2023-11-06T02:22:43.388 info Netsdk:63708 10964:5788 dhnetsdk.cpp:1075]Enter CLIENT_Logout. lLoginID:-850942688.
[2023-11-06T02:22:43.388 error Netsdk:63708 10964:5788 TPTCPClient.cpp:723]Device is not online, ip:218.240.128.210
[2023-11-06T02:22:43.388 info Netsdk:63708 10964:5788 dhnetsdk.cpp:1097]Leave CLIENT_Logout. ret:1
[2023-11-06T02:22:44.036 info Netsdk:63708 22276:23760 dhnetsdk.cpp:2090]Enter CLIENT_StopRealPlayEx. lRealHandle:-1879713520.
[2023-11-06T02:22:44.056 info Netsdk:63708 22276:23760 dhnetsdk.cpp:2104]Leave CLIENT_StopRealPlayEx. ret:1
[2023-11-06T02:22:44.056 info Netsdk:63708 22276:23760 dhnetsdk.cpp:1075]Enter CLIENT_Logout. lLoginID:-1879739856.
[2023-11-06T02:22:44.056 error Netsdk:63708 22276:23760 TPTCPClient.cpp:723]Device is not online, ip:218.240.128.210
[2023-11-06T02:22:44.057 info Netsdk:63708 22276:23760 dhnetsdk.cpp:1097]Leave CLIENT_Logout. ret:1
Begin Time:2023-11-06T02:22:46.431
[2023-11-06T02:22:46.431 info Netsdk:63708 28468:13216 AVNetSDKMgr.cpp:504]Load avnetsdk library dynamically
[2023-11-06T02:22:46.447 info Netsdk:63708 28468:13216 AVNetSDKMgr.cpp:549]avnetsdk module handle: 0000018FC9580000

[2023-11-06T02:22:46.447 info Netsdk:63708 28468:13216 AVNetSDKMgr.cpp:823]Load configsdk dynamically
[2023-11-06T02:22:46.451 info Netsdk:63708 28468:13216 dhnetsdk.cpp:352]Enter CLIENT_SetNetworkParam:[nWaittime=0, nConnectTime=0, nConnectTryNum=2, nSubConnectSpaceTime=0, nGetDevInfoTime=3000, nConnectBufSize=0, nGetConnInfoTime=0, nSearchRecordTime=0, nsubDisconnetTime=0, byNetType=0, byPlaybackBufSize=0, bDetectDisconnTime=0, bKeepLifeInterval=0, nPicBufSize=0].
[2023-11-06T02:22:46.451 info Netsdk:63708 28468:13216 dhnetsdk.cpp:367]Leave CLIENT_SetNetworkParam.
[2023-11-06T02:22:46.451 info Netsdk:63708 28468:13216 dhnetsdk.cpp:302]Enter CLIENT_SetAutoReconnect:[cbAutoConnect=00007FF75F129CA4, dwUser=000000140AB2E3D0].
[2023-11-06T02:22:46.451 info Netsdk:63708 28468:13216 dhnetsdk.cpp:304]Leave CLIENT_SetAutoReconnect.
[2023-11-06T02:22:46.496 info Netsdk:63708 28468:13216 dhnetsdk.cpp:991]Enter CLIENT_LoginWithHighLevelSecurity. pstInParam:000000140AB2C940, pstOutParam:000000140AB2CA40.
[2023-11-06T02:22:46.496 info Netsdk:63708 28468:13216 dhnetsdk.cpp:1007]IP:218.240.128.210, port:37777, SpeCap:0, CapParam:0000000000000000, TLSCap:0
Begin Time:2023-11-06T02:22:47.043
[2023-11-06T02:22:47.043 info Netsdk:63708 30048:3496 AVNetSDKMgr.cpp:504]Load avnetsdk library dynamically
[2023-11-06T02:22:47.046 info Netsdk:63708 30048:3496 AVNetSDKMgr.cpp:549]avnetsdk module handle: 0000027AADC30000

[2023-11-06T02:22:47.046 info Netsdk:63708 30048:3496 AVNetSDKMgr.cpp:823]Load configsdk dynamically
[2023-11-06T02:22:47.048 info Netsdk:63708 30048:3496 dhnetsdk.cpp:302]Enter CLIENT_SetAutoReconnect:[cbAutoConnect=00007FF6E5C99DA8, dwUser=000000FB6AEFD0D0].
[2023-11-06T02:22:47.048 info Netsdk:63708 30048:3496 dhnetsdk.cpp:304]Leave CLIENT_SetAutoReconnect.
[2023-11-06T02:22:47.063 info Netsdk:63708 30048:3496 dhnetsdk.cpp:991]Enter CLIENT_LoginWithHighLevelSecurity. pstInParam:000000FB6AEFB560, pstOutParam:000000FB6AEFB660.
[2023-11-06T02:22:47.063 info Netsdk:63708 30048:3496 dhnetsdk.cpp:1007]IP:218.240.128.210, port:37777, SpeCap:0, CapParam:0000000000000000, TLSCap:0
[2023-11-06T02:22:47.389 info Netsdk:63708 28468:13216 dhnetsdk.cpp:1054]Leave CLIENT_LoginWithHighLevelSecurity. error:0, login ID:-974031280.
[2023-11-06T02:22:47.393 info Netsdk:63708 28468:13216 dhnetsdk.cpp:8181]Enter CLIENT_QueryDevState. [lLoginID=-974031280, nType=4, pBuf=000000140AB2AF80, nBufLen=3076, pRetLen=000000140AB2C7D4, waittime=3000.]
[2023-11-06T02:22:47.425 info Netsdk:63708 30048:3496 dhnetsdk.cpp:1054]Leave CLIENT_LoginWithHighLevelSecurity. error:0, login ID:-1451265488.
[2023-11-06T02:22:47.431 info Netsdk:63708 30048:3496 dhnetsdk.cpp:8181]Enter CLIENT_QueryDevState. [lLoginID=-1451265488, nType=82, pBuf=000000FB6AEFB788, nBufLen=60, pRetLen=000000FB6AEFB764, waittime=1000.]
[2023-11-06T02:22:47.431 info Netsdk:63708 28468:13216 dhnetsdk.cpp:8205]Leave CLIENT_QueryDevState.ret:1.
[2023-11-06T02:22:47.641 info Netsdk:63708 30048:3496 dhnetsdk.cpp:8205]Leave CLIENT_QueryDevState.ret:1.
[2023-11-06T02:22:47.643 info Netsdk:63708 30048:3496 dhnetsdk.cpp:1288]Enter CLIENT_RealPlayEx. lLoginID:-1451265488. nChannelID:0. rType:0
[2023-11-06T02:22:47.873 error Netsdk:63708 30048:3496 Generation2ProtocolSecureTransmit.cpp:661]Not find
[2023-11-06T02:22:47.873 info Netsdk:63708 30048:3496 DevConfigEx.cpp:11689]IN SetupSession PORT=0 and PORT: 37777
[2023-11-06T02:22:47.942 info Netsdk:63708 30048:3496 dhnetsdk.cpp:1354]Leave CLIENT_RealPlayEx. ret:-1374158720
[2023-11-06T02:23:21.457 info Netsdk:63708 28468:13216 dhnetsdk.cpp:1075]Enter CLIENT_Logout. lLoginID:-974031280.
[2023-11-06T02:23:21.457 error Netsdk:63708 28468:13216 TPTCPClient.cpp:723]Device is not online, ip:218.240.128.210
[2023-11-06T02:23:21.457 info Netsdk:63708 28468:13216 dhnetsdk.cpp:1097]Leave CLIENT_Logout. ret:1
[2023-11-06T02:23:22.059 info Netsdk:63708 30048:3496 dhnetsdk.cpp:2090]Enter CLIENT_StopRealPlayEx. lRealHandle:-1374158720.
[2023-11-06T02:23:22.086 info Netsdk:63708 30048:3496 dhnetsdk.cpp:2104]Leave CLIENT_StopRealPlayEx. ret:1
[2023-11-06T02:23:22.086 info Netsdk:63708 30048:3496 dhnetsdk.cpp:1075]Enter CLIENT_Logout. lLoginID:-1451265488.
[2023-11-06T02:23:22.086 error Netsdk:63708 30048:3496 TPTCPClient.cpp:723]Device is not online, ip:218.240.128.210
[2023-11-06T02:23:22.086 info Netsdk:63708 30048:3496 dhnetsdk.cpp:1097]Leave CLIENT_Logout. ret:1
Begin Time:2023-11-06T02:23:24.371
[2023-11-06T02:23:24.371 info Netsdk:63708 4036:25344 AVNetSDKMgr.cpp:504]Load avnetsdk library dynamically
[2023-11-06T02:23:24.388 info Netsdk:63708 4036:25344 AVNetSDKMgr.cpp:549]avnetsdk module handle: 000001543AF60000

[2023-11-06T02:23:24.388 info Netsdk:63708 4036:25344 AVNetSDKMgr.cpp:823]Load configsdk dynamically
[2023-11-06T02:23:24.393 info Netsdk:63708 4036:25344 dhnetsdk.cpp:352]Enter CLIENT_SetNetworkParam:[nWaittime=0, nConnectTime=0, nConnectTryNum=2, nSubConnectSpaceTime=0, nGetDevInfoTime=3000, nConnectBufSize=0, nGetConnInfoTime=0, nSearchRecordTime=0, nsubDisconnetTime=0, byNetType=0, byPlaybackBufSize=0, bDetectDisconnTime=0, bKeepLifeInterval=0, nPicBufSize=0].
[2023-11-06T02:23:24.393 info Netsdk:63708 4036:25344 dhnetsdk.cpp:367]Leave CLIENT_SetNetworkParam.
[2023-11-06T02:23:24.393 info Netsdk:63708 4036:25344 dhnetsdk.cpp:302]Enter CLIENT_SetAutoReconnect:[cbAutoConnect=00007FF75F129CA4, dwUser=0000000D8AD4E9A0].
[2023-11-06T02:23:24.393 info Netsdk:63708 4036:25344 dhnetsdk.cpp:304]Leave CLIENT_SetAutoReconnect.
[2023-11-06T02:23:24.438 info Netsdk:63708 4036:25344 dhnetsdk.cpp:991]Enter CLIENT_LoginWithHighLevelSecurity. pstInParam:0000000D8AD4CF10, pstOutParam:0000000D8AD4D010.
[2023-11-06T02:23:24.438 info Netsdk:63708 4036:25344 dhnetsdk.cpp:1007]IP:218.240.128.210, port:37777, SpeCap:0, CapParam:0000000000000000, TLSCap:0
Begin Time:2023-11-06T02:23:25.004
[2023-11-06T02:23:25.004 info Netsdk:63708 19188:11928 AVNetSDKMgr.cpp:504]Load avnetsdk library dynamically
[2023-11-06T02:23:25.007 info Netsdk:63708 19188:11928 AVNetSDKMgr.cpp:549]avnetsdk module handle: 0000014CABA90000

[2023-11-06T02:23:25.007 info Netsdk:63708 19188:11928 AVNetSDKMgr.cpp:823]Load configsdk dynamically
[2023-11-06T02:23:25.008 info Netsdk:63708 19188:11928 dhnetsdk.cpp:302]Enter CLIENT_SetAutoReconnect:[cbAutoConnect=00007FF6E5C99DA8, dwUser=0000002B0852D110].
[2023-11-06T02:23:25.008 info Netsdk:63708 19188:11928 dhnetsdk.cpp:304]Leave CLIENT_SetAutoReconnect.
[2023-11-06T02:23:25.025 info Netsdk:63708 19188:11928 dhnetsdk.cpp:991]Enter CLIENT_LoginWithHighLevelSecurity. pstInParam:0000002B0852B5A0, pstOutParam:0000002B0852B6A0.
[2023-11-06T02:23:25.025 info Netsdk:63708 19188:11928 dhnetsdk.cpp:1007]IP:218.240.128.210, port:37777, SpeCap:0, CapParam:0000000000000000, TLSCap:0
[2023-11-06T02:23:25.277 info Netsdk:63708 19188:11928 dhnetsdk.cpp:1054]Leave CLIENT_LoginWithHighLevelSecurity. error:0, login ID:-1486843328.
[2023-11-06T02:23:25.286 info Netsdk:63708 19188:11928 dhnetsdk.cpp:8181]Enter CLIENT_QueryDevState. [lLoginID=-1486843328, nType=82, pBuf=0000002B0852B7C8, nBufLen=60, pRetLen=0000002B0852B7A4, waittime=1000.]
[2023-11-06T02:23:25.315 info Netsdk:63708 4036:25344 dhnetsdk.cpp:1054]Leave CLIENT_LoginWithHighLevelSecurity. error:0, login ID:931363408.
[2023-11-06T02:23:25.318 info Netsdk:63708 4036:25344 dhnetsdk.cpp:8181]Enter CLIENT_QueryDevState. [lLoginID=931363408, nType=4, pBuf=0000000D8AD4B550, nBufLen=3076, pRetLen=0000000D8AD4CDA4, waittime=3000.]
[2023-11-06T02:23:25.389 info Netsdk:63708 4036:25344 dhnetsdk.cpp:8205]Leave CLIENT_QueryDevState.ret:1.
[2023-11-06T02:23:25.481 info Netsdk:63708 19188:11928 dhnetsdk.cpp:8205]Leave CLIENT_QueryDevState.ret:1.
[2023-11-06T02:23:25.487 info Netsdk:63708 19188:11928 dhnetsdk.cpp:1288]Enter CLIENT_RealPlayEx. lLoginID:-1486843328. nChannelID:0. rType:0
[2023-11-06T02:23:25.800 error Netsdk:63708 19188:11928 Generation2ProtocolSecureTransmit.cpp:661]Not find
[2023-11-06T02:23:25.800 info Netsdk:63708 19188:11928 DevConfigEx.cpp:11689]IN SetupSession PORT=0 and PORT: 37777
[2023-11-06T02:23:25.868 info Netsdk:63708 19188:11928 dhnetsdk.cpp:1354]Leave CLIENT_RealPlayEx. ret:-1408696528
[2023-11-06T02:23:59.395 info Netsdk:63708 4036:25344 dhnetsdk.cpp:1075]Enter CLIENT_Logout. lLoginID:931363408.
[2023-11-06T02:23:59.395 error Netsdk:63708 4036:25344 TPTCPClient.cpp:723]Device is not online, ip:218.240.128.210
[2023-11-06T02:23:59.395 info Netsdk:63708 4036:25344 dhnetsdk.cpp:1097]Leave CLIENT_Logout. ret:1
[2023-11-06T02:24:00.025 info Netsdk:63708 19188:11928 dhnetsdk.cpp:2090]Enter CLIENT_StopRealPlayEx. lRealHandle:-1408696528.
[2023-11-06T02:24:00.121 info Netsdk:63708 19188:11928 dhnetsdk.cpp:2104]Leave CLIENT_StopRealPlayEx. ret:1
[2023-11-06T02:24:00.121 info Netsdk:63708 19188:11928 dhnetsdk.cpp:1075]Enter CLIENT_Logout. lLoginID:-1486843328.
[2023-11-06T02:24:00.121 error Netsdk:63708 19188:11928 TPTCPClient.cpp:723]Device is not online, ip:218.240.128.210
[2023-11-06T02:24:00.121 info Netsdk:63708 19188:11928 dhnetsdk.cpp:1097]Leave CLIENT_Logout. ret:1
Begin Time:2023-11-06T02:24:02.393
[2023-11-06T02:24:02.393 info Netsdk:63708 10636:28248 AVNetSDKMgr.cpp:504]Load avnetsdk library dynamically
[2023-11-06T02:24:02.411 info Netsdk:63708 10636:28248 AVNetSDKMgr.cpp:549]avnetsdk module handle: 0000025430240000

[2023-11-06T02:24:02.411 info Netsdk:63708 10636:28248 AVNetSDKMgr.cpp:823]Load configsdk dynamically
[2023-11-06T02:24:02.416 info Netsdk:63708 10636:28248 dhnetsdk.cpp:352]Enter CLIENT_SetNetworkParam:[nWaittime=0, nConnectTime=0, nConnectTryNum=2, nSubConnectSpaceTime=0, nGetDevInfoTime=3000, nConnectBufSize=0, nGetConnInfoTime=0, nSearchRecordTime=0, nsubDisconnetTime=0, byNetType=0, byPlaybackBufSize=0, bDetectDisconnTime=0, bKeepLifeInterval=0, nPicBufSize=0].
[2023-11-06T02:24:02.416 info Netsdk:63708 10636:28248 dhnetsdk.cpp:367]Leave CLIENT_SetNetworkParam.
[2023-11-06T02:24:02.416 info Netsdk:63708 10636:28248 dhnetsdk.cpp:302]Enter CLIENT_SetAutoReconnect:[cbAutoConnect=00007FF75F129CA4, dwUser=0000006A7B4FEA80].
[2023-11-06T02:24:02.416 info Netsdk:63708 10636:28248 dhnetsdk.cpp:304]Leave CLIENT_SetAutoReconnect.
[2023-11-06T02:24:02.467 info Netsdk:63708 10636:28248 dhnetsdk.cpp:991]Enter CLIENT_LoginWithHighLevelSecurity. pstInParam:0000006A7B4FCFF0, pstOutParam:0000006A7B4FD0F0.
[2023-11-06T02:24:02.467 info Netsdk:63708 10636:28248 dhnetsdk.cpp:1007]IP:218.240.128.210, port:37777, SpeCap:0, CapParam:0000000000000000, TLSCap:0
Begin Time:2023-11-06T02:24:03.018
[2023-11-06T02:24:03.018 info Netsdk:63708 5892:3860 AVNetSDKMgr.cpp:504]Load avnetsdk library dynamically
[2023-11-06T02:24:03.020 info Netsdk:63708 5892:3860 AVNetSDKMgr.cpp:549]avnetsdk module handle: 00000211F6270000

[2023-11-06T02:24:03.020 info Netsdk:63708 5892:3860 AVNetSDKMgr.cpp:823]Load configsdk dynamically
[2023-11-06T02:24:03.022 info Netsdk:63708 5892:3860 dhnetsdk.cpp:302]Enter CLIENT_SetAutoReconnect:[cbAutoConnect=00007FF6E5C99DA8, dwUser=0000002989B1CC60].
[2023-11-06T02:24:03.022 info Netsdk:63708 5892:3860 dhnetsdk.cpp:304]Leave CLIENT_SetAutoReconnect.
[2023-11-06T02:24:03.033 info Netsdk:63708 5892:3860 dhnetsdk.cpp:991]Enter CLIENT_LoginWithHighLevelSecurity. pstInParam:0000002989B1B0F0, pstOutParam:0000002989B1B1F0.
[2023-11-06T02:24:03.033 info Netsdk:63708 5892:3860 dhnetsdk.cpp:1007]IP:218.240.128.210, port:37777, SpeCap:0, CapParam:0000000000000000, TLSCap:0
[2023-11-06T02:24:03.364 info Netsdk:63708 5892:3860 dhnetsdk.cpp:1054]Leave CLIENT_LoginWithHighLevelSecurity. error:0, login ID:-237276624.
[2023-11-06T02:24:03.373 info Netsdk:63708 5892:3860 dhnetsdk.cpp:8181]Enter CLIENT_QueryDevState. [lLoginID=-237276624, nType=82, pBuf=0000002989B1B318, nBufLen=60, pRetLen=0000002989B1B2F4, waittime=1000.]
[2023-11-06T02:24:03.531 info Netsdk:63708 10636:28248 dhnetsdk.cpp:1054]Leave CLIENT_LoginWithHighLevelSecurity. error:0, login ID:752122448.
[2023-11-06T02:24:03.533 info Netsdk:63708 10636:28248 dhnetsdk.cpp:8181]Enter CLIENT_QueryDevState. [lLoginID=752122448, nType=4, pBuf=0000006A7B4FB630, nBufLen=3076, pRetLen=0000006A7B4FCE84, waittime=3000.]
[2023-11-06T02:24:03.587 info Netsdk:63708 10636:28248 dhnetsdk.cpp:8205]Leave CLIENT_QueryDevState.ret:1.
[2023-11-06T02:24:03.649 info Netsdk:63708 5892:3860 dhnetsdk.cpp:8205]Leave CLIENT_QueryDevState.ret:1.
[2023-11-06T02:24:03.652 info Netsdk:63708 5892:3860 dhnetsdk.cpp:1288]Enter CLIENT_RealPlayEx. lLoginID:-237276624. nChannelID:0. rType:0
[2023-11-06T02:24:03.820 error Netsdk:63708 5892:3860 Generation2ProtocolSecureTransmit.cpp:661]Not find
[2023-11-06T02:24:03.820 info Netsdk:63708 5892:3860 DevConfigEx.cpp:11689]IN SetupSession PORT=0 and PORT: 37777
[2023-11-06T02:24:03.890 info Netsdk:63708 5892:3860 dhnetsdk.cpp:1354]Leave CLIENT_RealPlayEx. ret:-237254432
[2023-11-06T02:24:37.421 info Netsdk:63708 10636:28248 dhnetsdk.cpp:1075]Enter CLIENT_Logout. lLoginID:752122448.
[2023-11-06T02:24:37.421 error Netsdk:63708 10636:28248 TPTCPClient.cpp:723]Device is not online, ip:218.240.128.210
[2023-11-06T02:24:37.421 info Netsdk:63708 10636:28248 dhnetsdk.cpp:1097]Leave CLIENT_Logout. ret:1
[2023-11-06T02:24:38.034 info Netsdk:63708 5892:3860 dhnetsdk.cpp:2090]Enter CLIENT_StopRealPlayEx. lRealHandle:-237254432.
[2023-11-06T02:24:38.055 info Netsdk:63708 5892:3860 dhnetsdk.cpp:2104]Leave CLIENT_StopRealPlayEx. ret:1
[2023-11-06T02:24:38.055 info Netsdk:63708 5892:3860 dhnetsdk.cpp:1075]Enter CLIENT_Logout. lLoginID:-237276624.
[2023-11-06T02:24:38.056 error Netsdk:63708 5892:3860 TPTCPClient.cpp:723]Device is not online, ip:218.240.128.210
[2023-11-06T02:24:38.056 info Netsdk:63708 5892:3860 dhnetsdk.cpp:1097]Leave CLIENT_Logout. ret:1
Begin Time:2023-11-06T02:24:40.435
[2023-11-06T02:24:40.435 info Netsdk:63708 29872:22028 AVNetSDKMgr.cpp:504]Load avnetsdk library dynamically
[2023-11-06T02:24:40.452 info Netsdk:63708 29872:22028 AVNetSDKMgr.cpp:549]avnetsdk module handle: 0000020ABACF0000

[2023-11-06T02:24:40.452 info Netsdk:63708 29872:22028 AVNetSDKMgr.cpp:823]Load configsdk dynamically
[2023-11-06T02:24:40.456 info Netsdk:63708 29872:22028 dhnetsdk.cpp:352]Enter CLIENT_SetNetworkParam:[nWaittime=0, nConnectTime=0, nConnectTryNum=2, nSubConnectSpaceTime=0, nGetDevInfoTime=3000, nConnectBufSize=0, nGetConnInfoTime=0, nSearchRecordTime=0, nsubDisconnetTime=0, byNetType=0, byPlaybackBufSize=0, bDetectDisconnTime=0, bKeepLifeInterval=0, nPicBufSize=0].
[2023-11-06T02:24:40.456 info Netsdk:63708 29872:22028 dhnetsdk.cpp:367]Leave CLIENT_SetNetworkParam.
[2023-11-06T02:24:40.456 info Netsdk:63708 29872:22028 dhnetsdk.cpp:302]Enter CLIENT_SetAutoReconnect:[cbAutoConnect=00007FF75F129CA4, dwUser=00000084A8EFE640].
[2023-11-06T02:24:40.456 info Netsdk:63708 29872:22028 dhnetsdk.cpp:304]Leave CLIENT_SetAutoReconnect.
[2023-11-06T02:24:40.501 info Netsdk:63708 29872:22028 dhnetsdk.cpp:991]Enter CLIENT_LoginWithHighLevelSecurity. pstInParam:00000084A8EFCBB0, pstOutParam:00000084A8EFCCB0.
[2023-11-06T02:24:40.501 info Netsdk:63708 29872:22028 dhnetsdk.cpp:1007]IP:218.240.128.210, port:37777, SpeCap:0, CapParam:0000000000000000, TLSCap:0
Begin Time:2023-11-06T02:24:41.006
[2023-11-06T02:24:41.006 info Netsdk:63708 1668:16292 AVNetSDKMgr.cpp:504]Load avnetsdk library dynamically
[2023-11-06T02:24:41.009 info Netsdk:63708 1668:16292 AVNetSDKMgr.cpp:549]avnetsdk module handle: 000001C424210000

[2023-11-06T02:24:41.009 info Netsdk:63708 1668:16292 AVNetSDKMgr.cpp:823]Load configsdk dynamically
[2023-11-06T02:24:41.011 info Netsdk:63708 1668:16292 dhnetsdk.cpp:302]Enter CLIENT_SetAutoReconnect:[cbAutoConnect=00007FF6E5C99DA8, dwUser=000000985ECFD200].
[2023-11-06T02:24:41.011 info Netsdk:63708 1668:16292 dhnetsdk.cpp:304]Leave CLIENT_SetAutoReconnect.
[2023-11-06T02:24:41.022 info Netsdk:63708 1668:16292 dhnetsdk.cpp:991]Enter CLIENT_LoginWithHighLevelSecurity. pstInParam:000000985ECFB690, pstOutParam:000000985ECFB790.
[2023-11-06T02:24:41.022 info Netsdk:63708 1668:16292 dhnetsdk.cpp:1007]IP:218.240.128.210, port:37777, SpeCap:0, CapParam:0000000000000000, TLSCap:0
[2023-11-06T02:24:41.378 info Netsdk:63708 1668:16292 dhnetsdk.cpp:1054]Leave CLIENT_LoginWithHighLevelSecurity. error:0, login ID:509897728.
[2023-11-06T02:24:41.387 info Netsdk:63708 1668:16292 dhnetsdk.cpp:8181]Enter CLIENT_QueryDevState. [lLoginID=509897728, nType=82, pBuf=000000985ECFB8B8, nBufLen=60, pRetLen=000000985ECFB894, waittime=1000.]
[2023-11-06T02:24:41.534 info Netsdk:63708 29872:22028 dhnetsdk.cpp:1054]Leave CLIENT_LoginWithHighLevelSecurity. error:0, login ID:-1217956272.
[2023-11-06T02:24:41.538 info Netsdk:63708 29872:22028 dhnetsdk.cpp:8181]Enter CLIENT_QueryDevState. [lLoginID=-1217956272, nType=4, pBuf=00000084A8EFB1F0, nBufLen=3076, pRetLen=00000084A8EFCA44, waittime=3000.]
[2023-11-06T02:24:41.577 info Netsdk:63708 29872:22028 dhnetsdk.cpp:8205]Leave CLIENT_QueryDevState.ret:1.
[2023-11-06T02:24:41.619 info Netsdk:63708 1668:16292 dhnetsdk.cpp:8205]Leave CLIENT_QueryDevState.ret:1.
[2023-11-06T02:24:41.624 info Netsdk:63708 1668:16292 dhnetsdk.cpp:1288]Enter CLIENT_RealPlayEx. lLoginID:509897728. nChannelID:0. rType:0
[2023-11-06T02:24:41.875 error Netsdk:63708 1668:16292 Generation2ProtocolSecureTransmit.cpp:661]Not find
[2023-11-06T02:24:41.875 info Netsdk:63708 1668:16292 DevConfigEx.cpp:11689]IN SetupSession PORT=0 and PORT: 37777
[2023-11-06T02:24:41.941 info Netsdk:63708 1668:16292 dhnetsdk.cpp:1354]Leave CLIENT_RealPlayEx. ret:509923168
[2023-11-06T02:25:15.470 info Netsdk:63708 29872:22028 dhnetsdk.cpp:1075]Enter CLIENT_Logout. lLoginID:-1217956272.
[2023-11-06T02:25:15.470 error Netsdk:63708 29872:22028 TPTCPClient.cpp:723]Device is not online, ip:218.240.128.210
[2023-11-06T02:25:15.470 info Netsdk:63708 29872:22028 dhnetsdk.cpp:1097]Leave CLIENT_Logout. ret:1
[2023-11-06T02:25:16.036 info Netsdk:63708 1668:16292 dhnetsdk.cpp:2090]Enter CLIENT_StopRealPlayEx. lRealHandle:509923168.
[2023-11-06T02:25:16.056 info Netsdk:63708 1668:16292 dhnetsdk.cpp:2104]Leave CLIENT_StopRealPlayEx. ret:1
[2023-11-06T02:25:16.056 info Netsdk:63708 1668:16292 dhnetsdk.cpp:1075]Enter CLIENT_Logout. lLoginID:509897728.
[2023-11-06T02:25:16.056 error Netsdk:63708 1668:16292 TPTCPClient.cpp:723]Device is not online, ip:218.240.128.210
[2023-11-06T02:25:16.056 info Netsdk:63708 1668:16292 dhnetsdk.cpp:1097]Leave CLIENT_Logout. ret:1
Begin Time:2023-11-06T02:25:18.401
[2023-11-06T02:25:18.401 info Netsdk:63708 5180:5752 AVNetSDKMgr.cpp:504]Load avnetsdk library dynamically
[2023-11-06T02:25:18.418 info Netsdk:63708 5180:5752 AVNetSDKMgr.cpp:549]avnetsdk module handle: 00000164F9D60000

[2023-11-06T02:25:18.418 info Netsdk:63708 5180:5752 AVNetSDKMgr.cpp:823]Load configsdk dynamically
[2023-11-06T02:25:18.423 info Netsdk:63708 5180:5752 dhnetsdk.cpp:352]Enter CLIENT_SetNetworkParam:[nWaittime=0, nConnectTime=0, nConnectTryNum=2, nSubConnectSpaceTime=0, nGetDevInfoTime=3000, nConnectBufSize=0, nGetConnInfoTime=0, nSearchRecordTime=0, nsubDisconnetTime=0, byNetType=0, byPlaybackBufSize=0, bDetectDisconnTime=0, bKeepLifeInterval=0, nPicBufSize=0].
[2023-11-06T02:25:18.423 info Netsdk:63708 5180:5752 dhnetsdk.cpp:367]Leave CLIENT_SetNetworkParam.
[2023-11-06T02:25:18.423 info Netsdk:63708 5180:5752 dhnetsdk.cpp:302]Enter CLIENT_SetAutoReconnect:[cbAutoConnect=00007FF75F129CA4, dwUser=000000598594E670].
[2023-11-06T02:25:18.423 info Netsdk:63708 5180:5752 dhnetsdk.cpp:304]Leave CLIENT_SetAutoReconnect.
[2023-11-06T02:25:18.466 info Netsdk:63708 5180:5752 dhnetsdk.cpp:991]Enter CLIENT_LoginWithHighLevelSecurity. pstInParam:000000598594CBE0, pstOutParam:000000598594CCE0.
[2023-11-06T02:25:18.466 info Netsdk:63708 5180:5752 dhnetsdk.cpp:1007]IP:218.240.128.210, port:37777, SpeCap:0, CapParam:0000000000000000, TLSCap:0
Begin Time:2023-11-06T02:25:19.039
[2023-11-06T02:25:19.039 info Netsdk:63708 26400:15392 AVNetSDKMgr.cpp:504]Load avnetsdk library dynamically
[2023-11-06T02:25:19.042 info Netsdk:63708 26400:15392 AVNetSDKMgr.cpp:549]avnetsdk module handle: 000001D722120000

[2023-11-06T02:25:19.042 info Netsdk:63708 26400:15392 AVNetSDKMgr.cpp:823]Load configsdk dynamically
[2023-11-06T02:25:19.044 info Netsdk:63708 26400:15392 dhnetsdk.cpp:302]Enter CLIENT_SetAutoReconnect:[cbAutoConnect=00007FF6E5C99DA8, dwUser=000000921999D0A0].
[2023-11-06T02:25:19.044 info Netsdk:63708 26400:15392 dhnetsdk.cpp:304]Leave CLIENT_SetAutoReconnect.
[2023-11-06T02:25:19.059 info Netsdk:63708 26400:15392 dhnetsdk.cpp:991]Enter CLIENT_LoginWithHighLevelSecurity. pstInParam:000000921999B530, pstOutParam:000000921999B630.
[2023-11-06T02:25:19.059 info Netsdk:63708 26400:15392 dhnetsdk.cpp:1007]IP:218.240.128.210, port:37777, SpeCap:0, CapParam:0000000000000000, TLSCap:0
[2023-11-06T02:25:19.298 info Netsdk:63708 5180:5752 dhnetsdk.cpp:1054]Leave CLIENT_LoginWithHighLevelSecurity. error:0, login ID:-159289648.
[2023-11-06T02:25:19.303 info Netsdk:63708 5180:5752 dhnetsdk.cpp:8181]Enter CLIENT_QueryDevState. [lLoginID=-159289648, nType=4, pBuf=000000598594B220, nBufLen=3076, pRetLen=000000598594CA74, waittime=3000.]
[2023-11-06T02:25:19.350 info Netsdk:63708 5180:5752 dhnetsdk.cpp:8205]Leave CLIENT_QueryDevState.ret:1.
[2023-11-06T02:25:19.351 info Netsdk:63708 26400:15392 dhnetsdk.cpp:1054]Leave CLIENT_LoginWithHighLevelSecurity. error:0, login ID:499936256.
[2023-11-06T02:25:19.361 info Netsdk:63708 26400:15392 dhnetsdk.cpp:8181]Enter CLIENT_QueryDevState. [lLoginID=499936256, nType=82, pBuf=000000921999B758, nBufLen=60, pRetLen=000000921999B734, waittime=1000.]
[2023-11-06T02:25:19.549 info Netsdk:63708 26400:15392 dhnetsdk.cpp:8205]Leave CLIENT_QueryDevState.ret:1.
[2023-11-06T02:25:19.551 info Netsdk:63708 26400:15392 dhnetsdk.cpp:1288]Enter CLIENT_RealPlayEx. lLoginID:499936256. nChannelID:0. rType:0
[2023-11-06T02:25:19.801 error Netsdk:63708 26400:15392 Generation2ProtocolSecureTransmit.cpp:661]Not find
[2023-11-06T02:25:19.801 info Netsdk:63708 26400:15392 DevConfigEx.cpp:11689]IN SetupSession PORT=0 and PORT: 37777
[2023-11-06T02:25:19.863 info Netsdk:63708 26400:15392 dhnetsdk.cpp:1354]Leave CLIENT_RealPlayEx. ret:499967600
[2023-11-06T02:25:53.456 info Netsdk:63708 5180:5752 dhnetsdk.cpp:1075]Enter CLIENT_Logout. lLoginID:-159289648.
[2023-11-06T02:25:53.457 error Netsdk:63708 5180:5752 TPTCPClient.cpp:723]Device is not online, ip:218.240.128.210
[2023-11-06T02:25:53.457 info Netsdk:63708 5180:5752 dhnetsdk.cpp:1097]Leave CLIENT_Logout. ret:1
[2023-11-06T02:25:54.063 info Netsdk:63708 26400:15392 dhnetsdk.cpp:2090]Enter CLIENT_StopRealPlayEx. lRealHandle:499967600.
[2023-11-06T02:25:54.076 info Netsdk:63708 26400:15392 dhnetsdk.cpp:2104]Leave CLIENT_StopRealPlayEx. ret:1
[2023-11-06T02:25:54.076 info Netsdk:63708 26400:15392 dhnetsdk.cpp:1075]Enter CLIENT_Logout. lLoginID:499936256.
[2023-11-06T02:25:54.077 error Netsdk:63708 26400:15392 TPTCPClient.cpp:723]Device is not online, ip:218.240.128.210
[2023-11-06T02:25:54.077 info Netsdk:63708 26400:15392 dhnetsdk.cpp:1097]Leave CLIENT_Logout. ret:1
Begin Time:2023-11-06T02:25:56.233
[2023-11-06T02:25:56.233 info Netsdk:63708 18776:32564 AVNetSDKMgr.cpp:504]Load avnetsdk library dynamically
[2023-11-06T02:25:56.248 info Netsdk:63708 18776:32564 AVNetSDKMgr.cpp:549]avnetsdk module handle: 0000012360560000

[2023-11-06T02:25:56.248 info Netsdk:63708 18776:32564 AVNetSDKMgr.cpp:823]Load configsdk dynamically
[2023-11-06T02:25:56.251 info Netsdk:63708 18776:32564 dhnetsdk.cpp:352]Enter CLIENT_SetNetworkParam:[nWaittime=0, nConnectTime=0, nConnectTryNum=2, nSubConnectSpaceTime=0, nGetDevInfoTime=3000, nConnectBufSize=0, nGetConnInfoTime=0, nSearchRecordTime=0, nsubDisconnetTime=0, byNetType=0, byPlaybackBufSize=0, bDetectDisconnTime=0, bKeepLifeInterval=0, nPicBufSize=0].
[2023-11-06T02:25:56.251 info Netsdk:63708 18776:32564 dhnetsdk.cpp:367]Leave CLIENT_SetNetworkParam.
[2023-11-06T02:25:56.251 info Netsdk:63708 18776:32564 dhnetsdk.cpp:302]Enter CLIENT_SetAutoReconnect:[cbAutoConnect=00007FF75F129CA4, dwUser=000000223F6FE410].
[2023-11-06T02:25:56.251 info Netsdk:63708 18776:32564 dhnetsdk.cpp:304]Leave CLIENT_SetAutoReconnect.
[2023-11-06T02:25:56.294 info Netsdk:63708 18776:32564 dhnetsdk.cpp:991]Enter CLIENT_LoginWithHighLevelSecurity. pstInParam:000000223F6FC980, pstOutParam:000000223F6FCA80.
[2023-11-06T02:25:56.294 info Netsdk:63708 18776:32564 dhnetsdk.cpp:1007]IP:218.240.128.210, port:37777, SpeCap:0, CapParam:0000000000000000, TLSCap:0
Begin Time:2023-11-06T02:25:56.975
[2023-11-06T02:25:56.975 info Netsdk:63708 24676:36124 AVNetSDKMgr.cpp:504]Load avnetsdk library dynamically
[2023-11-06T02:25:56.978 info Netsdk:63708 24676:36124 AVNetSDKMgr.cpp:549]avnetsdk module handle: 000001CF1BFD0000

[2023-11-06T02:25:56.978 info Netsdk:63708 24676:36124 AVNetSDKMgr.cpp:823]Load configsdk dynamically
[2023-11-06T02:25:56.979 info Netsdk:63708 24676:36124 dhnetsdk.cpp:302]Enter CLIENT_SetAutoReconnect:[cbAutoConnect=00007FF6E5C99DA8, dwUser=000000BD554FCFF0].
[2023-11-06T02:25:56.979 info Netsdk:63708 24676:36124 dhnetsdk.cpp:304]Leave CLIENT_SetAutoReconnect.
[2023-11-06T02:25:56.990 info Netsdk:63708 24676:36124 dhnetsdk.cpp:991]Enter CLIENT_LoginWithHighLevelSecurity. pstInParam:000000BD554FB480, pstOutParam:000000BD554FB580.
[2023-11-06T02:25:56.990 info Netsdk:63708 24676:36124 dhnetsdk.cpp:1007]IP:218.240.128.210, port:37777, SpeCap:0, CapParam:0000000000000000, TLSCap:0
[2023-11-06T02:25:57.015 info Netsdk:63708 18776:32564 dhnetsdk.cpp:1054]Leave CLIENT_LoginWithHighLevelSecurity. error:0, login ID:1560181328.
[2023-11-06T02:25:57.020 info Netsdk:63708 18776:32564 dhnetsdk.cpp:8181]Enter CLIENT_QueryDevState. [lLoginID=1560181328, nType=4, pBuf=000000223F6FAFC0, nBufLen=3076, pRetLen=000000223F6FC814, waittime=3000.]
[2023-11-06T02:25:57.109 info Netsdk:63708 18776:32564 dhnetsdk.cpp:8205]Leave CLIENT_QueryDevState.ret:1.
[2023-11-06T02:25:57.301 info Netsdk:63708 24676:36124 dhnetsdk.cpp:1054]Leave CLIENT_LoginWithHighLevelSecurity. error:0, login ID:397436640.
[2023-11-06T02:25:57.307 info Netsdk:63708 24676:36124 dhnetsdk.cpp:8181]Enter CLIENT_QueryDevState. [lLoginID=397436640, nType=82, pBuf=000000BD554FB6A8, nBufLen=60, pRetLen=000000BD554FB684, waittime=1000.]
[2023-11-06T02:25:57.489 info Netsdk:63708 24676:36124 dhnetsdk.cpp:8205]Leave CLIENT_QueryDevState.ret:1.
[2023-11-06T02:25:57.491 info Netsdk:63708 24676:36124 dhnetsdk.cpp:1288]Enter CLIENT_RealPlayEx. lLoginID:397436640. nChannelID:0. rType:0
[2023-11-06T02:25:57.742 error Netsdk:63708 24676:36124 Generation2ProtocolSecureTransmit.cpp:661]Not find
[2023-11-06T02:25:57.742 info Netsdk:63708 24676:36124 DevConfigEx.cpp:11689]IN SetupSession PORT=0 and PORT: 37777
[2023-11-06T02:25:57.813 info Netsdk:63708 24676:36124 dhnetsdk.cpp:1354]Leave CLIENT_RealPlayEx. ret:397470496
[2023-11-06T02:26:31.266 info Netsdk:63708 18776:32564 dhnetsdk.cpp:1075]Enter CLIENT_Logout. lLoginID:1560181328.
[2023-11-06T02:26:31.266 error Netsdk:63708 18776:32564 TPTCPClient.cpp:723]Device is not online, ip:218.240.128.210
[2023-11-06T02:26:31.266 info Netsdk:63708 18776:32564 dhnetsdk.cpp:1097]Leave CLIENT_Logout. ret:1
[2023-11-06T02:26:31.986 info Netsdk:63708 24676:36124 dhnetsdk.cpp:2090]Enter CLIENT_StopRealPlayEx. lRealHandle:397470496.
[2023-11-06T02:26:31.999 info Netsdk:63708 24676:36124 dhnetsdk.cpp:2104]Leave CLIENT_StopRealPlayEx. ret:1
[2023-11-06T02:26:31.999 info Netsdk:63708 24676:36124 dhnetsdk.cpp:1075]Enter CLIENT_Logout. lLoginID:397436640.
[2023-11-06T02:26:32.000 error Netsdk:63708 24676:36124 TPTCPClient.cpp:723]Device is not online, ip:218.240.128.210
[2023-11-06T02:26:32.000 info Netsdk:63708 24676:36124 dhnetsdk.cpp:1097]Leave CLIENT_Logout. ret:1
Begin Time:2023-11-06T02:26:34.285
[2023-11-06T02:26:34.285 info Netsdk:63708 13640:12412 AVNetSDKMgr.cpp:504]Load avnetsdk library dynamically
[2023-11-06T02:26:34.300 info Netsdk:63708 13640:12412 AVNetSDKMgr.cpp:549]avnetsdk module handle: 00000219D0A10000

[2023-11-06T02:26:34.300 info Netsdk:63708 13640:12412 AVNetSDKMgr.cpp:823]Load configsdk dynamically
[2023-11-06T02:26:34.304 info Netsdk:63708 13640:12412 dhnetsdk.cpp:352]Enter CLIENT_SetNetworkParam:[nWaittime=0, nConnectTime=0, nConnectTryNum=2, nSubConnectSpaceTime=0, nGetDevInfoTime=3000, nConnectBufSize=0, nGetConnInfoTime=0, nSearchRecordTime=0, nsubDisconnetTime=0, byNetType=0, byPlaybackBufSize=0, bDetectDisconnTime=0, bKeepLifeInterval=0, nPicBufSize=0].
[2023-11-06T02:26:34.304 info Netsdk:63708 13640:12412 dhnetsdk.cpp:367]Leave CLIENT_SetNetworkParam.
[2023-11-06T02:26:34.304 info Netsdk:63708 13640:12412 dhnetsdk.cpp:302]Enter CLIENT_SetAutoReconnect:[cbAutoConnect=00007FF75F129CA4, dwUser=000000CF5C35E5E0].
[2023-11-06T02:26:34.304 info Netsdk:63708 13640:12412 dhnetsdk.cpp:304]Leave CLIENT_SetAutoReconnect.
[2023-11-06T02:26:34.343 info Netsdk:63708 13640:12412 dhnetsdk.cpp:991]Enter CLIENT_LoginWithHighLevelSecurity. pstInParam:000000CF5C35CB50, pstOutParam:000000CF5C35CC50.
[2023-11-06T02:26:34.343 info Netsdk:63708 13640:12412 dhnetsdk.cpp:1007]IP:218.240.128.210, port:37777, SpeCap:0, CapParam:0000000000000000, TLSCap:0
Begin Time:2023-11-06T02:26:34.971
[2023-11-06T02:26:34.971 info Netsdk:63708 18692:20140 AVNetSDKMgr.cpp:504]Load avnetsdk library dynamically
[2023-11-06T02:26:34.973 info Netsdk:63708 18692:20140 AVNetSDKMgr.cpp:549]avnetsdk module handle: 000001B9422A0000

[2023-11-06T02:26:34.973 info Netsdk:63708 18692:20140 AVNetSDKMgr.cpp:823]Load configsdk dynamically
[2023-11-06T02:26:34.975 info Netsdk:63708 18692:20140 dhnetsdk.cpp:302]Enter CLIENT_SetAutoReconnect:[cbAutoConnect=00007FF6E5C99DA8, dwUser=000000894FEFCF70].
[2023-11-06T02:26:34.975 info Netsdk:63708 18692:20140 dhnetsdk.cpp:304]Leave CLIENT_SetAutoReconnect.
[2023-11-06T02:26:34.984 info Netsdk:63708 18692:20140 dhnetsdk.cpp:991]Enter CLIENT_LoginWithHighLevelSecurity. pstInParam:000000894FEFB400, pstOutParam:000000894FEFB500.
[2023-11-06T02:26:34.984 info Netsdk:63708 18692:20140 dhnetsdk.cpp:1007]IP:218.240.128.210, port:37777, SpeCap:0, CapParam:0000000000000000, TLSCap:0
[2023-11-06T02:26:35.016 info Netsdk:63708 13640:12412 dhnetsdk.cpp:1054]Leave CLIENT_LoginWithHighLevelSecurity. error:0, login ID:-850561456.
[2023-11-06T02:26:35.021 info Netsdk:63708 13640:12412 dhnetsdk.cpp:8181]Enter CLIENT_QueryDevState. [lLoginID=-850561456, nType=4, pBuf=000000CF5C35B190, nBufLen=3076, pRetLen=000000CF5C35C9E4, waittime=3000.]
[2023-11-06T02:26:35.106 info Netsdk:63708 13640:12412 dhnetsdk.cpp:8205]Leave CLIENT_QueryDevState.ret:1.
[2023-11-06T02:26:35.256 info Netsdk:63708 18692:20140 dhnetsdk.cpp:1054]Leave CLIENT_LoginWithHighLevelSecurity. error:0, login ID:1036939824.
[2023-11-06T02:26:35.264 info Netsdk:63708 18692:20140 dhnetsdk.cpp:8181]Enter CLIENT_QueryDevState. [lLoginID=1036939824, nType=82, pBuf=000000894FEFB628, nBufLen=60, pRetLen=000000894FEFB604, waittime=1000.]
[2023-11-06T02:26:35.480 info Netsdk:63708 18692:20140 dhnetsdk.cpp:8205]Leave CLIENT_QueryDevState.ret:1.
[2023-11-06T02:26:35.482 info Netsdk:63708 18692:20140 dhnetsdk.cpp:1288]Enter CLIENT_RealPlayEx. lLoginID:1036939824. nChannelID:0. rType:0
[2023-11-06T02:26:35.725 error Netsdk:63708 18692:20140 Generation2ProtocolSecureTransmit.cpp:661]Not find
[2023-11-06T02:26:35.725 info Netsdk:63708 18692:20140 DevConfigEx.cpp:11689]IN SetupSession PORT=0 and PORT: 37777
[2023-11-06T02:26:35.779 info Netsdk:63708 18692:20140 dhnetsdk.cpp:1354]Leave CLIENT_RealPlayEx. ret:1115727760
[2023-11-06T02:27:09.307 info Netsdk:63708 13640:12412 dhnetsdk.cpp:1075]Enter CLIENT_Logout. lLoginID:-850561456.
[2023-11-06T02:27:09.308 error Netsdk:63708 13640:12412 TPTCPClient.cpp:723]Device is not online, ip:218.240.128.210
[2023-11-06T02:27:09.308 info Netsdk:63708 13640:12412 dhnetsdk.cpp:1097]Leave CLIENT_Logout. ret:1
[2023-11-06T02:27:09.973 info Netsdk:63708 18692:20140 dhnetsdk.cpp:2090]Enter CLIENT_StopRealPlayEx. lRealHandle:1115727760.
[2023-11-06T02:27:09.988 info Netsdk:63708 18692:20140 dhnetsdk.cpp:2104]Leave CLIENT_StopRealPlayEx. ret:1
[2023-11-06T02:27:09.988 info Netsdk:63708 18692:20140 dhnetsdk.cpp:1075]Enter CLIENT_Logout. lLoginID:1036939824.
[2023-11-06T02:27:09.989 error Netsdk:63708 18692:20140 TPTCPClient.cpp:723]Device is not online, ip:218.240.128.210
[2023-11-06T02:27:09.989 info Netsdk:63708 18692:20140 dhnetsdk.cpp:1097]Leave CLIENT_Logout. ret:1
Begin Time:2023-11-06T02:27:12.360
[2023-11-06T02:27:12.360 info Netsdk:63708 11808:7352 AVNetSDKMgr.cpp:504]Load avnetsdk library dynamically
[2023-11-06T02:27:12.374 info Netsdk:63708 11808:7352 AVNetSDKMgr.cpp:549]avnetsdk module handle: 00000274AC970000

[2023-11-06T02:27:12.374 info Netsdk:63708 11808:7352 AVNetSDKMgr.cpp:823]Load configsdk dynamically
[2023-11-06T02:27:12.377 info Netsdk:63708 11808:7352 dhnetsdk.cpp:352]Enter CLIENT_SetNetworkParam:[nWaittime=0, nConnectTime=0, nConnectTryNum=2, nSubConnectSpaceTime=0, nGetDevInfoTime=3000, nConnectBufSize=0, nGetConnInfoTime=0, nSearchRecordTime=0, nsubDisconnetTime=0, byNetType=0, byPlaybackBufSize=0, bDetectDisconnTime=0, bKeepLifeInterval=0, nPicBufSize=0].
[2023-11-06T02:27:12.377 info Netsdk:63708 11808:7352 dhnetsdk.cpp:367]Leave CLIENT_SetNetworkParam.
[2023-11-06T02:27:12.378 info Netsdk:63708 11808:7352 dhnetsdk.cpp:302]Enter CLIENT_SetAutoReconnect:[cbAutoConnect=00007FF75F129CA4, dwUser=0000008183EFE6C0].
[2023-11-06T02:27:12.378 info Netsdk:63708 11808:7352 dhnetsdk.cpp:304]Leave CLIENT_SetAutoReconnect.
[2023-11-06T02:27:12.413 info Netsdk:63708 11808:7352 dhnetsdk.cpp:991]Enter CLIENT_LoginWithHighLevelSecurity. pstInParam:0000008183EFCC30, pstOutParam:0000008183EFCD30.
[2023-11-06T02:27:12.413 info Netsdk:63708 11808:7352 dhnetsdk.cpp:1007]IP:218.240.128.210, port:37777, SpeCap:0, CapParam:0000000000000000, TLSCap:0
Begin Time:2023-11-06T02:27:12.979
[2023-11-06T02:27:12.979 info Netsdk:63708 15284:11564 AVNetSDKMgr.cpp:504]Load avnetsdk library dynamically
[2023-11-06T02:27:12.982 info Netsdk:63708 15284:11564 AVNetSDKMgr.cpp:549]avnetsdk module handle: 0000026A603C0000

[2023-11-06T02:27:12.982 info Netsdk:63708 15284:11564 AVNetSDKMgr.cpp:823]Load configsdk dynamically
[2023-11-06T02:27:12.983 info Netsdk:63708 15284:11564 dhnetsdk.cpp:302]Enter CLIENT_SetAutoReconnect:[cbAutoConnect=00007FF6E5C99DA8, dwUser=000000E5650FCF60].
[2023-11-06T02:27:12.983 info Netsdk:63708 15284:11564 dhnetsdk.cpp:304]Leave CLIENT_SetAutoReconnect.
[2023-11-06T02:27:12.993 info Netsdk:63708 15284:11564 dhnetsdk.cpp:991]Enter CLIENT_LoginWithHighLevelSecurity. pstInParam:000000E5650FB3F0, pstOutParam:000000E5650FB4F0.
[2023-11-06T02:27:12.993 info Netsdk:63708 15284:11564 dhnetsdk.cpp:1007]IP:218.240.128.210, port:37777, SpeCap:0, CapParam:0000000000000000, TLSCap:0
[2023-11-06T02:27:13.118 info Netsdk:63708 11808:7352 dhnetsdk.cpp:1054]Leave CLIENT_LoginWithHighLevelSecurity. error:0, login ID:-1456702896.
[2023-11-06T02:27:13.120 info Netsdk:63708 11808:7352 dhnetsdk.cpp:8181]Enter CLIENT_QueryDevState. [lLoginID=-1456702896, nType=4, pBuf=0000008183EFB270, nBufLen=3076, pRetLen=0000008183EFCAC4, waittime=3000.]
[2023-11-06T02:27:13.171 info Netsdk:63708 11808:7352 dhnetsdk.cpp:8205]Leave CLIENT_QueryDevState.ret:1.
[2023-11-06T02:27:13.303 info Netsdk:63708 15284:11564 dhnetsdk.cpp:1054]Leave CLIENT_LoginWithHighLevelSecurity. error:0, login ID:1543072768.
[2023-11-06T02:27:13.310 info Netsdk:63708 15284:11564 dhnetsdk.cpp:8181]Enter CLIENT_QueryDevState. [lLoginID=1543072768, nType=82, pBuf=000000E5650FB618, nBufLen=60, pRetLen=000000E5650FB5F4, waittime=1000.]
[2023-11-06T02:27:13.528 info Netsdk:63708 15284:11564 dhnetsdk.cpp:8205]Leave CLIENT_QueryDevState.ret:1.
[2023-11-06T02:27:13.529 info Netsdk:63708 15284:11564 dhnetsdk.cpp:1288]Enter CLIENT_RealPlayEx. lLoginID:1543072768. nChannelID:0. rType:0
[2023-11-06T02:27:13.779 error Netsdk:63708 15284:11564 Generation2ProtocolSecureTransmit.cpp:661]Not find
[2023-11-06T02:27:13.779 info Netsdk:63708 15284:11564 DevConfigEx.cpp:11689]IN SetupSession PORT=0 and PORT: 37777
[2023-11-06T02:27:13.873 info Netsdk:63708 15284:11564 dhnetsdk.cpp:1354]Leave CLIENT_RealPlayEx. ret:1620991520
[2023-11-06T02:27:47.386 info Netsdk:63708 11808:7352 dhnetsdk.cpp:1075]Enter CLIENT_Logout. lLoginID:-1456702896.
[2023-11-06T02:27:47.386 error Netsdk:63708 11808:7352 TPTCPClient.cpp:723]Device is not online, ip:218.240.128.210
[2023-11-06T02:27:47.386 info Netsdk:63708 11808:7352 dhnetsdk.cpp:1097]Leave CLIENT_Logout. ret:1
[2023-11-06T02:27:48.007 info Netsdk:63708 15284:11564 dhnetsdk.cpp:2090]Enter CLIENT_StopRealPlayEx. lRealHandle:1620991520.
[2023-11-06T02:27:48.026 info Netsdk:63708 15284:11564 dhnetsdk.cpp:2104]Leave CLIENT_StopRealPlayEx. ret:1
[2023-11-06T02:27:48.026 info Netsdk:63708 15284:11564 dhnetsdk.cpp:1075]Enter CLIENT_Logout. lLoginID:1543072768.
[2023-11-06T02:27:48.027 error Netsdk:63708 15284:11564 TPTCPClient.cpp:723]Device is not online, ip:218.240.128.210
[2023-11-06T02:27:48.027 info Netsdk:63708 15284:11564 dhnetsdk.cpp:1097]Leave CLIENT_Logout. ret:1
Begin Time:2023-11-06T02:27:50.395
[2023-11-06T02:27:50.395 info Netsdk:63708 31160:8996 AVNetSDKMgr.cpp:504]Load avnetsdk library dynamically
[2023-11-06T02:27:50.415 info Netsdk:63708 31160:8996 AVNetSDKMgr.cpp:549]avnetsdk module handle: 000002A22F6F0000

[2023-11-06T02:27:50.415 info Netsdk:63708 31160:8996 AVNetSDKMgr.cpp:823]Load configsdk dynamically
[2023-11-06T02:27:50.419 info Netsdk:63708 31160:8996 dhnetsdk.cpp:352]Enter CLIENT_SetNetworkParam:[nWaittime=0, nConnectTime=0, nConnectTryNum=2, nSubConnectSpaceTime=0, nGetDevInfoTime=3000, nConnectBufSize=0, nGetConnInfoTime=0, nSearchRecordTime=0, nsubDisconnetTime=0, byNetType=0, byPlaybackBufSize=0, bDetectDisconnTime=0, bKeepLifeInterval=0, nPicBufSize=0].
[2023-11-06T02:27:50.419 info Netsdk:63708 31160:8996 dhnetsdk.cpp:367]Leave CLIENT_SetNetworkParam.
[2023-11-06T02:27:50.419 info Netsdk:63708 31160:8996 dhnetsdk.cpp:302]Enter CLIENT_SetAutoReconnect:[cbAutoConnect=00007FF75F129CA4, dwUser=000000B6BCAFE780].
[2023-11-06T02:27:50.419 info Netsdk:63708 31160:8996 dhnetsdk.cpp:304]Leave CLIENT_SetAutoReconnect.
[2023-11-06T02:27:50.458 info Netsdk:63708 31160:8996 dhnetsdk.cpp:991]Enter CLIENT_LoginWithHighLevelSecurity. pstInParam:000000B6BCAFCCF0, pstOutParam:000000B6BCAFCDF0.
[2023-11-06T02:27:50.458 info Netsdk:63708 31160:8996 dhnetsdk.cpp:1007]IP:218.240.128.210, port:37777, SpeCap:0, CapParam:0000000000000000, TLSCap:0
Begin Time:2023-11-06T02:27:51.092
[2023-11-06T02:27:51.092 info Netsdk:63708 32928:19108 AVNetSDKMgr.cpp:504]Load avnetsdk library dynamically
[2023-11-06T02:27:51.097 info Netsdk:63708 32928:19108 AVNetSDKMgr.cpp:549]avnetsdk module handle: 000001B46B350000

[2023-11-06T02:27:51.097 info Netsdk:63708 32928:19108 AVNetSDKMgr.cpp:823]Load configsdk dynamically
[2023-11-06T02:27:51.100 info Netsdk:63708 32928:19108 dhnetsdk.cpp:302]Enter CLIENT_SetAutoReconnect:[cbAutoConnect=00007FF6E5C99DA8, dwUser=00000051A12FCC20].
[2023-11-06T02:27:51.100 info Netsdk:63708 32928:19108 dhnetsdk.cpp:304]Leave CLIENT_SetAutoReconnect.
[2023-11-06T02:27:51.122 info Netsdk:63708 32928:19108 dhnetsdk.cpp:991]Enter CLIENT_LoginWithHighLevelSecurity. pstInParam:00000051A12FB0B0, pstOutParam:00000051A12FB1B0.
[2023-11-06T02:27:51.123 info Netsdk:63708 32928:19108 dhnetsdk.cpp:1007]IP:218.240.128.210, port:37777, SpeCap:0, CapParam:0000000000000000, TLSCap:0
[2023-11-06T02:27:51.469 info Netsdk:63708 31160:8996 dhnetsdk.cpp:1054]Leave CLIENT_LoginWithHighLevelSecurity. error:0, login ID:738622032.
[2023-11-06T02:27:51.475 info Netsdk:63708 31160:8996 dhnetsdk.cpp:8181]Enter CLIENT_QueryDevState. [lLoginID=738622032, nType=4, pBuf=000000B6BCAFB330, nBufLen=3076, pRetLen=000000B6BCAFCB84, waittime=3000.]
[2023-11-06T02:27:51.476 info Netsdk:63708 32928:19108 dhnetsdk.cpp:1054]Leave CLIENT_LoginWithHighLevelSecurity. error:0, login ID:1735224320.
[2023-11-06T02:27:51.485 info Netsdk:63708 32928:19108 dhnetsdk.cpp:8181]Enter CLIENT_QueryDevState. [lLoginID=1735224320, nType=82, pBuf=00000051A12FB2D8, nBufLen=60, pRetLen=00000051A12FB2B4, waittime=1000.]
[2023-11-06T02:27:51.525 info Netsdk:63708 31160:8996 dhnetsdk.cpp:8205]Leave CLIENT_QueryDevState.ret:1.
[2023-11-06T02:27:51.669 info Netsdk:63708 32928:19108 dhnetsdk.cpp:8205]Leave CLIENT_QueryDevState.ret:1.
[2023-11-06T02:27:51.673 info Netsdk:63708 32928:19108 dhnetsdk.cpp:1288]Enter CLIENT_RealPlayEx. lLoginID:1735224320. nChannelID:0. rType:0
[2023-11-06T02:27:51.901 error Netsdk:63708 32928:19108 Generation2ProtocolSecureTransmit.cpp:661]Not find
[2023-11-06T02:27:51.901 info Netsdk:63708 32928:19108 DevConfigEx.cpp:11689]IN SetupSession PORT=0 and PORT: 37777
[2023-11-06T02:27:52.029 info Netsdk:63708 32928:19108 dhnetsdk.cpp:1354]Leave CLIENT_RealPlayEx. ret:1804268448
[2023-11-06T02:28:25.427 info Netsdk:63708 31160:8996 dhnetsdk.cpp:1075]Enter CLIENT_Logout. lLoginID:738622032.
[2023-11-06T02:28:25.428 error Netsdk:63708 31160:8996 TPTCPClient.cpp:723]Device is not online, ip:218.240.128.210
[2023-11-06T02:28:25.428 info Netsdk:63708 31160:8996 dhnetsdk.cpp:1097]Leave CLIENT_Logout. ret:1
[2023-11-06T02:28:26.108 info Netsdk:63708 32928:19108 dhnetsdk.cpp:2090]Enter CLIENT_StopRealPlayEx. lRealHandle:1804268448.
[2023-11-06T02:28:26.129 info Netsdk:63708 32928:19108 dhnetsdk.cpp:2104]Leave CLIENT_StopRealPlayEx. ret:1
[2023-11-06T02:28:26.129 info Netsdk:63708 32928:19108 dhnetsdk.cpp:1075]Enter CLIENT_Logout. lLoginID:1735224320.
[2023-11-06T02:28:26.130 error Netsdk:63708 32928:19108 TPTCPClient.cpp:723]Device is not online, ip:218.240.128.210
[2023-11-06T02:28:26.130 info Netsdk:63708 32928:19108 dhnetsdk.cpp:1097]Leave CLIENT_Logout. ret:1
Begin Time:2023-11-06T02:28:28.469
[2023-11-06T02:28:28.469 info Netsdk:63708 27904:35020 AVNetSDKMgr.cpp:504]Load avnetsdk library dynamically
[2023-11-06T02:28:28.490 info Netsdk:63708 27904:35020 AVNetSDKMgr.cpp:549]avnetsdk module handle: 0000023373B00000

[2023-11-06T02:28:28.490 info Netsdk:63708 27904:35020 AVNetSDKMgr.cpp:823]Load configsdk dynamically
[2023-11-06T02:28:28.495 info Netsdk:63708 27904:35020 dhnetsdk.cpp:352]Enter CLIENT_SetNetworkParam:[nWaittime=0, nConnectTime=0, nConnectTryNum=2, nSubConnectSpaceTime=0, nGetDevInfoTime=3000, nConnectBufSize=0, nGetConnInfoTime=0, nSearchRecordTime=0, nsubDisconnetTime=0, byNetType=0, byPlaybackBufSize=0, bDetectDisconnTime=0, bKeepLifeInterval=0, nPicBufSize=0].
[2023-11-06T02:28:28.495 info Netsdk:63708 27904:35020 dhnetsdk.cpp:367]Leave CLIENT_SetNetworkParam.
[2023-11-06T02:28:28.495 info Netsdk:63708 27904:35020 dhnetsdk.cpp:302]Enter CLIENT_SetAutoReconnect:[cbAutoConnect=00007FF75F129CA4, dwUser=00000039444FE900].
[2023-11-06T02:28:28.495 info Netsdk:63708 27904:35020 dhnetsdk.cpp:304]Leave CLIENT_SetAutoReconnect.
[2023-11-06T02:28:28.545 info Netsdk:63708 27904:35020 dhnetsdk.cpp:991]Enter CLIENT_LoginWithHighLevelSecurity. pstInParam:00000039444FCE70, pstOutParam:00000039444FCF70.
[2023-11-06T02:28:28.545 info Netsdk:63708 27904:35020 dhnetsdk.cpp:1007]IP:218.240.128.210, port:37777, SpeCap:0, CapParam:0000000000000000, TLSCap:0
Begin Time:2023-11-06T02:28:29.121
[2023-11-06T02:28:29.122 info Netsdk:63708 31672:13988 AVNetSDKMgr.cpp:504]Load avnetsdk library dynamically
[2023-11-06T02:28:29.125 info Netsdk:63708 31672:13988 AVNetSDKMgr.cpp:549]avnetsdk module handle: 0000025430870000

[2023-11-06T02:28:29.125 info Netsdk:63708 31672:13988 AVNetSDKMgr.cpp:823]Load configsdk dynamically
[2023-11-06T02:28:29.128 info Netsdk:63708 31672:13988 dhnetsdk.cpp:302]Enter CLIENT_SetAutoReconnect:[cbAutoConnect=00007FF6E5C99DA8, dwUser=00000080490FCCD0].
[2023-11-06T02:28:29.128 info Netsdk:63708 31672:13988 dhnetsdk.cpp:304]Leave CLIENT_SetAutoReconnect.
[2023-11-06T02:28:29.142 info Netsdk:63708 31672:13988 dhnetsdk.cpp:991]Enter CLIENT_LoginWithHighLevelSecurity. pstInParam:00000080490FB160, pstOutParam:00000080490FB260.
[2023-11-06T02:28:29.142 info Netsdk:63708 31672:13988 dhnetsdk.cpp:1007]IP:218.240.128.210, port:37777, SpeCap:0, CapParam:0000000000000000, TLSCap:0
[2023-11-06T02:28:29.512 info Netsdk:63708 31672:13988 dhnetsdk.cpp:1054]Leave CLIENT_LoginWithHighLevelSecurity. error:0, login ID:742888000.
[2023-11-06T02:28:29.521 info Netsdk:63708 31672:13988 dhnetsdk.cpp:8181]Enter CLIENT_QueryDevState. [lLoginID=742888000, nType=82, pBuf=00000080490FB388, nBufLen=60, pRetLen=00000080490FB364, waittime=1000.]
[2023-11-06T02:28:29.614 info Netsdk:63708 27904:35020 dhnetsdk.cpp:1054]Leave CLIENT_LoginWithHighLevelSecurity. error:0, login ID:1884322384.
[2023-11-06T02:28:29.618 info Netsdk:63708 27904:35020 dhnetsdk.cpp:8181]Enter CLIENT_QueryDevState. [lLoginID=1884322384, nType=4, pBuf=00000039444FB4B0, nBufLen=3076, pRetLen=00000039444FCD04, waittime=3000.]
[2023-11-06T02:28:29.644 info Netsdk:63708 27904:35020 dhnetsdk.cpp:8205]Leave CLIENT_QueryDevState.ret:1.
[2023-11-06T02:28:29.688 info Netsdk:63708 31672:13988 dhnetsdk.cpp:8205]Leave CLIENT_QueryDevState.ret:1.
[2023-11-06T02:28:29.690 info Netsdk:63708 31672:13988 dhnetsdk.cpp:1288]Enter CLIENT_RealPlayEx. lLoginID:742888000. nChannelID:0. rType:0
[2023-11-06T02:28:29.939 error Netsdk:63708 31672:13988 Generation2ProtocolSecureTransmit.cpp:661]Not find
[2023-11-06T02:28:29.939 info Netsdk:63708 31672:13988 DevConfigEx.cpp:11689]IN SetupSession PORT=0 and PORT: 37777
[2023-11-06T02:28:30.023 info Netsdk:63708 31672:13988 dhnetsdk.cpp:1354]Leave CLIENT_RealPlayEx. ret:820842336
[2023-11-06T02:29:03.509 info Netsdk:63708 27904:35020 dhnetsdk.cpp:1075]Enter CLIENT_Logout. lLoginID:1884322384.
[2023-11-06T02:29:03.510 error Netsdk:63708 27904:35020 TPTCPClient.cpp:723]Device is not online, ip:218.240.128.210
[2023-11-06T02:29:03.510 info Netsdk:63708 27904:35020 dhnetsdk.cpp:1097]Leave CLIENT_Logout. ret:1
[2023-11-06T02:29:04.145 info Netsdk:63708 31672:13988 dhnetsdk.cpp:2090]Enter CLIENT_StopRealPlayEx. lRealHandle:820842336.
[2023-11-06T02:29:04.183 info Netsdk:63708 31672:13988 dhnetsdk.cpp:2104]Leave CLIENT_StopRealPlayEx. ret:1
[2023-11-06T02:29:04.183 info Netsdk:63708 31672:13988 dhnetsdk.cpp:1075]Enter CLIENT_Logout. lLoginID:742888000.
[2023-11-06T02:29:04.183 error Netsdk:63708 31672:13988 TPTCPClient.cpp:723]Device is not online, ip:218.240.128.210
[2023-11-06T02:29:04.184 info Netsdk:63708 31672:13988 dhnetsdk.cpp:1097]Leave CLIENT_Logout. ret:1
Begin Time:2023-11-06T02:29:06.495
[2023-11-06T02:29:06.495 info Netsdk:63708 22596:29456 AVNetSDKMgr.cpp:504]Load avnetsdk library dynamically
[2023-11-06T02:29:06.515 info Netsdk:63708 22596:29456 AVNetSDKMgr.cpp:549]avnetsdk module handle: 00000212A7F20000

[2023-11-06T02:29:06.515 info Netsdk:63708 22596:29456 AVNetSDKMgr.cpp:823]Load configsdk dynamically
[2023-11-06T02:29:06.520 info Netsdk:63708 22596:29456 dhnetsdk.cpp:352]Enter CLIENT_SetNetworkParam:[nWaittime=0, nConnectTime=0, nConnectTryNum=2, nSubConnectSpaceTime=0, nGetDevInfoTime=3000, nConnectBufSize=0, nGetConnInfoTime=0, nSearchRecordTime=0, nsubDisconnetTime=0, byNetType=0, byPlaybackBufSize=0, bDetectDisconnTime=0, bKeepLifeInterval=0, nPicBufSize=0].
[2023-11-06T02:29:06.520 info Netsdk:63708 22596:29456 dhnetsdk.cpp:367]Leave CLIENT_SetNetworkParam.
[2023-11-06T02:29:06.520 info Netsdk:63708 22596:29456 dhnetsdk.cpp:302]Enter CLIENT_SetAutoReconnect:[cbAutoConnect=00007FF75F129CA4, dwUser=000000A0EE6FEA40].
[2023-11-06T02:29:06.520 info Netsdk:63708 22596:29456 dhnetsdk.cpp:304]Leave CLIENT_SetAutoReconnect.
[2023-11-06T02:29:06.582 info Netsdk:63708 22596:29456 dhnetsdk.cpp:991]Enter CLIENT_LoginWithHighLevelSecurity. pstInParam:000000A0EE6FCFB0, pstOutParam:000000A0EE6FD0B0.
[2023-11-06T02:29:06.582 info Netsdk:63708 22596:29456 dhnetsdk.cpp:1007]IP:218.240.128.210, port:37777, SpeCap:0, CapParam:0000000000000000, TLSCap:0
Begin Time:2023-11-06T02:29:07.096
[2023-11-06T02:29:07.096 info Netsdk:63708 31960:19784 AVNetSDKMgr.cpp:504]Load avnetsdk library dynamically
[2023-11-06T02:29:07.099 info Netsdk:63708 31960:19784 AVNetSDKMgr.cpp:549]avnetsdk module handle: 000001B266780000

[2023-11-06T02:29:07.100 info Netsdk:63708 31960:19784 AVNetSDKMgr.cpp:823]Load configsdk dynamically
[2023-11-06T02:29:07.102 info Netsdk:63708 31960:19784 dhnetsdk.cpp:302]Enter CLIENT_SetAutoReconnect:[cbAutoConnect=00007FF6E5C99DA8, dwUser=0000004B9131CD20].
[2023-11-06T02:29:07.102 info Netsdk:63708 31960:19784 dhnetsdk.cpp:304]Leave CLIENT_SetAutoReconnect.
[2023-11-06T02:29:07.116 info Netsdk:63708 31960:19784 dhnetsdk.cpp:991]Enter CLIENT_LoginWithHighLevelSecurity. pstInParam:0000004B9131B1B0, pstOutParam:0000004B9131B2B0.
[2023-11-06T02:29:07.117 info Netsdk:63708 31960:19784 dhnetsdk.cpp:1007]IP:218.240.128.210, port:37777, SpeCap:0, CapParam:0000000000000000, TLSCap:0
[2023-11-06T02:29:07.523 info Netsdk:63708 31960:19784 dhnetsdk.cpp:1054]Leave CLIENT_LoginWithHighLevelSecurity. error:0, login ID:1656066624.
[2023-11-06T02:29:07.531 info Netsdk:63708 31960:19784 dhnetsdk.cpp:8181]Enter CLIENT_QueryDevState. [lLoginID=1656066624, nType=82, pBuf=0000004B9131B3D8, nBufLen=60, pRetLen=0000004B9131B3B4, waittime=1000.]
[2023-11-06T02:29:07.688 info Netsdk:63708 22596:29456 dhnetsdk.cpp:1054]Leave CLIENT_LoginWithHighLevelSecurity. error:0, login ID:-1533970864.
[2023-11-06T02:29:07.691 info Netsdk:63708 31960:19784 dhnetsdk.cpp:8205]Leave CLIENT_QueryDevState.ret:1.
[2023-11-06T02:29:07.694 info Netsdk:63708 22596:29456 dhnetsdk.cpp:8181]Enter CLIENT_QueryDevState. [lLoginID=-1533970864, nType=4, pBuf=000000A0EE6FB5F0, nBufLen=3076, pRetLen=000000A0EE6FCE44, waittime=3000.]
[2023-11-06T02:29:07.695 info Netsdk:63708 31960:19784 dhnetsdk.cpp:1288]Enter CLIENT_RealPlayEx. lLoginID:1656066624. nChannelID:0. rType:0
[2023-11-06T02:29:07.724 info Netsdk:63708 22596:29456 dhnetsdk.cpp:8205]Leave CLIENT_QueryDevState.ret:1.
[2023-11-06T02:29:07.880 error Netsdk:63708 31960:19784 Generation2ProtocolSecureTransmit.cpp:661]Not find
[2023-11-06T02:29:07.880 info Netsdk:63708 31960:19784 DevConfigEx.cpp:11689]IN SetupSession PORT=0 and PORT: 37777
[2023-11-06T02:29:07.968 info Netsdk:63708 31960:19784 dhnetsdk.cpp:1354]Leave CLIENT_RealPlayEx. ret:1656086928
[2023-11-06T02:29:41.521 info Netsdk:63708 22596:29456 dhnetsdk.cpp:1075]Enter CLIENT_Logout. lLoginID:-1533970864.
[2023-11-06T02:29:41.521 error Netsdk:63708 22596:29456 TPTCPClient.cpp:723]Device is not online, ip:218.240.128.210
[2023-11-06T02:29:41.521 info Netsdk:63708 22596:29456 dhnetsdk.cpp:1097]Leave CLIENT_Logout. ret:1
[2023-11-06T02:29:42.109 info Netsdk:63708 31960:19784 dhnetsdk.cpp:2090]Enter CLIENT_StopRealPlayEx. lRealHandle:1656086928.
[2023-11-06T02:29:42.133 info Netsdk:63708 31960:19784 dhnetsdk.cpp:2104]Leave CLIENT_StopRealPlayEx. ret:1
[2023-11-06T02:29:42.133 info Netsdk:63708 31960:19784 dhnetsdk.cpp:1075]Enter CLIENT_Logout. lLoginID:1656066624.
[2023-11-06T02:29:42.134 error Netsdk:63708 31960:19784 TPTCPClient.cpp:723]Device is not online, ip:218.240.128.210
[2023-11-06T02:29:42.134 info Netsdk:63708 31960:19784 dhnetsdk.cpp:1097]Leave CLIENT_Logout. ret:1
Begin Time:2023-11-06T02:29:44.502
[2023-11-06T02:29:44.503 info Netsdk:63708 24580:29996 AVNetSDKMgr.cpp:504]Load avnetsdk library dynamically
[2023-11-06T02:29:44.524 info Netsdk:63708 24580:29996 AVNetSDKMgr.cpp:549]avnetsdk module handle: 00000220A11A0000

[2023-11-06T02:29:44.524 info Netsdk:63708 24580:29996 AVNetSDKMgr.cpp:823]Load configsdk dynamically
[2023-11-06T02:29:44.529 info Netsdk:63708 24580:29996 dhnetsdk.cpp:352]Enter CLIENT_SetNetworkParam:[nWaittime=0, nConnectTime=0, nConnectTryNum=2, nSubConnectSpaceTime=0, nGetDevInfoTime=3000, nConnectBufSize=0, nGetConnInfoTime=0, nSearchRecordTime=0, nsubDisconnetTime=0, byNetType=0, byPlaybackBufSize=0, bDetectDisconnTime=0, bKeepLifeInterval=0, nPicBufSize=0].
[2023-11-06T02:29:44.529 info Netsdk:63708 24580:29996 dhnetsdk.cpp:367]Leave CLIENT_SetNetworkParam.
[2023-11-06T02:29:44.529 info Netsdk:63708 24580:29996 dhnetsdk.cpp:302]Enter CLIENT_SetAutoReconnect:[cbAutoConnect=00007FF75F129CA4, dwUser=000000712073E5A0].
[2023-11-06T02:29:44.529 info Netsdk:63708 24580:29996 dhnetsdk.cpp:304]Leave CLIENT_SetAutoReconnect.
[2023-11-06T02:29:44.579 info Netsdk:63708 24580:29996 dhnetsdk.cpp:991]Enter CLIENT_LoginWithHighLevelSecurity. pstInParam:000000712073CB10, pstOutParam:000000712073CC10.
[2023-11-06T02:29:44.579 info Netsdk:63708 24580:29996 dhnetsdk.cpp:1007]IP:218.240.128.210, port:37777, SpeCap:0, CapParam:0000000000000000, TLSCap:0
Begin Time:2023-11-06T02:29:45.128
[2023-11-06T02:29:45.128 info Netsdk:63708 26364:13812 AVNetSDKMgr.cpp:504]Load avnetsdk library dynamically
[2023-11-06T02:29:45.131 info Netsdk:63708 26364:13812 AVNetSDKMgr.cpp:549]avnetsdk module handle: 000001EE8C530000

[2023-11-06T02:29:45.131 info Netsdk:63708 26364:13812 AVNetSDKMgr.cpp:823]Load configsdk dynamically
[2023-11-06T02:29:45.133 info Netsdk:63708 26364:13812 dhnetsdk.cpp:302]Enter CLIENT_SetAutoReconnect:[cbAutoConnect=00007FF6E5C99DA8, dwUser=0000003285F7D080].
[2023-11-06T02:29:45.134 info Netsdk:63708 26364:13812 dhnetsdk.cpp:304]Leave CLIENT_SetAutoReconnect.
[2023-11-06T02:29:45.146 info Netsdk:63708 26364:13812 dhnetsdk.cpp:991]Enter CLIENT_LoginWithHighLevelSecurity. pstInParam:0000003285F7B510, pstOutParam:0000003285F7B610.
[2023-11-06T02:29:45.146 info Netsdk:63708 26364:13812 dhnetsdk.cpp:1007]IP:218.240.128.210, port:37777, SpeCap:0, CapParam:0000000000000000, TLSCap:0
[2023-11-06T02:29:45.512 info Netsdk:63708 26364:13812 dhnetsdk.cpp:1054]Leave CLIENT_LoginWithHighLevelSecurity. error:0, login ID:-2014024704.
[2023-11-06T02:29:45.522 info Netsdk:63708 26364:13812 dhnetsdk.cpp:8181]Enter CLIENT_QueryDevState. [lLoginID=-2014024704, nType=82, pBuf=0000003285F7B738, nBufLen=60, pRetLen=0000003285F7B714, waittime=1000.]
[2023-11-06T02:29:45.666 info Netsdk:63708 24580:29996 dhnetsdk.cpp:1054]Leave CLIENT_LoginWithHighLevelSecurity. error:0, login ID:-1649183152.
[2023-11-06T02:29:45.671 info Netsdk:63708 24580:29996 dhnetsdk.cpp:8181]Enter CLIENT_QueryDevState. [lLoginID=-1649183152, nType=4, pBuf=000000712073B150, nBufLen=3076, pRetLen=000000712073C9A4, waittime=3000.]
[2023-11-06T02:29:45.710 info Netsdk:63708 24580:29996 dhnetsdk.cpp:8205]Leave CLIENT_QueryDevState.ret:1.
[2023-11-06T02:29:45.739 info Netsdk:63708 26364:13812 dhnetsdk.cpp:8205]Leave CLIENT_QueryDevState.ret:1.
[2023-11-06T02:29:45.743 info Netsdk:63708 26364:13812 dhnetsdk.cpp:1288]Enter CLIENT_RealPlayEx. lLoginID:-2014024704. nChannelID:0. rType:0
[2023-11-06T02:29:46.031 error Netsdk:63708 26364:13812 Generation2ProtocolSecureTransmit.cpp:661]Not find
[2023-11-06T02:29:46.031 info Netsdk:63708 26364:13812 DevConfigEx.cpp:11689]IN SetupSession PORT=0 and PORT: 37777
[2023-11-06T02:29:46.093 info Netsdk:63708 26364:13812 dhnetsdk.cpp:1354]Leave CLIENT_RealPlayEx. ret:-1935038240
[2023-11-06T02:30:19.538 info Netsdk:63708 24580:29996 dhnetsdk.cpp:1075]Enter CLIENT_Logout. lLoginID:-1649183152.
[2023-11-06T02:30:19.539 error Netsdk:63708 24580:29996 TPTCPClient.cpp:723]Device is not online, ip:218.240.128.210
[2023-11-06T02:30:19.539 info Netsdk:63708 24580:29996 dhnetsdk.cpp:1097]Leave CLIENT_Logout. ret:1
[2023-11-06T02:30:20.141 info Netsdk:63708 26364:13812 dhnetsdk.cpp:2090]Enter CLIENT_StopRealPlayEx. lRealHandle:-1935038240.
[2023-11-06T02:30:20.166 info Netsdk:63708 26364:13812 dhnetsdk.cpp:2104]Leave CLIENT_StopRealPlayEx. ret:1
[2023-11-06T02:30:20.166 info Netsdk:63708 26364:13812 dhnetsdk.cpp:1075]Enter CLIENT_Logout. lLoginID:-2014024704.
[2023-11-06T02:30:20.166 error Netsdk:63708 26364:13812 TPTCPClient.cpp:723]Device is not online, ip:218.240.128.210
[2023-11-06T02:30:20.167 info Netsdk:63708 26364:13812 dhnetsdk.cpp:1097]Leave CLIENT_Logout. ret:1
Begin Time:2023-11-06T02:30:22.458
[2023-11-06T02:30:22.458 info Netsdk:63708 35196:9956 AVNetSDKMgr.cpp:504]Load avnetsdk library dynamically
[2023-11-06T02:30:22.476 info Netsdk:63708 35196:9956 AVNetSDKMgr.cpp:549]avnetsdk module handle: 000001FA67500000

[2023-11-06T02:30:22.476 info Netsdk:63708 35196:9956 AVNetSDKMgr.cpp:823]Load configsdk dynamically
[2023-11-06T02:30:22.480 info Netsdk:63708 35196:9956 dhnetsdk.cpp:352]Enter CLIENT_SetNetworkParam:[nWaittime=0, nConnectTime=0, nConnectTryNum=2, nSubConnectSpaceTime=0, nGetDevInfoTime=3000, nConnectBufSize=0, nGetConnInfoTime=0, nSearchRecordTime=0, nsubDisconnetTime=0, byNetType=0, byPlaybackBufSize=0, bDetectDisconnTime=0, bKeepLifeInterval=0, nPicBufSize=0].
[2023-11-06T02:30:22.480 info Netsdk:63708 35196:9956 dhnetsdk.cpp:367]Leave CLIENT_SetNetworkParam.
[2023-11-06T02:30:22.481 info Netsdk:63708 35196:9956 dhnetsdk.cpp:302]Enter CLIENT_SetAutoReconnect:[cbAutoConnect=00007FF75F129CA4, dwUser=000000DB9A6FE810].
[2023-11-06T02:30:22.481 info Netsdk:63708 35196:9956 dhnetsdk.cpp:304]Leave CLIENT_SetAutoReconnect.
[2023-11-06T02:30:22.527 info Netsdk:63708 35196:9956 dhnetsdk.cpp:991]Enter CLIENT_LoginWithHighLevelSecurity. pstInParam:000000DB9A6FCD80, pstOutParam:000000DB9A6FCE80.
[2023-11-06T02:30:22.527 info Netsdk:63708 35196:9956 dhnetsdk.cpp:1007]IP:218.240.128.210, port:37777, SpeCap:0, CapParam:0000000000000000, TLSCap:0
Begin Time:2023-11-06T02:30:23.082
[2023-11-06T02:30:23.083 info Netsdk:63708 23636:28292 AVNetSDKMgr.cpp:504]Load avnetsdk library dynamically
[2023-11-06T02:30:23.087 info Netsdk:63708 23636:28292 AVNetSDKMgr.cpp:549]avnetsdk module handle: 000002A9E45C0000

[2023-11-06T02:30:23.087 info Netsdk:63708 23636:28292 AVNetSDKMgr.cpp:823]Load configsdk dynamically
[2023-11-06T02:30:23.089 info Netsdk:63708 23636:28292 dhnetsdk.cpp:302]Enter CLIENT_SetAutoReconnect:[cbAutoConnect=00007FF6E5C99DA8, dwUser=000000E8DA12CDE0].
[2023-11-06T02:30:23.089 info Netsdk:63708 23636:28292 dhnetsdk.cpp:304]Leave CLIENT_SetAutoReconnect.
[2023-11-06T02:30:23.127 info Netsdk:63708 23636:28292 dhnetsdk.cpp:991]Enter CLIENT_LoginWithHighLevelSecurity. pstInParam:000000E8DA12B270, pstOutParam:000000E8DA12B370.
[2023-11-06T02:30:23.127 info Netsdk:63708 23636:28292 dhnetsdk.cpp:1007]IP:218.240.128.210, port:37777, SpeCap:0, CapParam:0000000000000000, TLSCap:0
[2023-11-06T02:30:23.469 info Netsdk:63708 23636:28292 dhnetsdk.cpp:1054]Leave CLIENT_LoginWithHighLevelSecurity. error:0, login ID:-535597920.
[2023-11-06T02:30:23.481 info Netsdk:63708 23636:28292 dhnetsdk.cpp:8181]Enter CLIENT_QueryDevState. [lLoginID=-535597920, nType=82, pBuf=000000E8DA12B498, nBufLen=60, pRetLen=000000E8DA12B474, waittime=1000.]
[2023-11-06T02:30:23.513 info Netsdk:63708 35196:9956 dhnetsdk.cpp:1054]Leave CLIENT_LoginWithHighLevelSecurity. error:0, login ID:1686729344.
[2023-11-06T02:30:23.516 info Netsdk:63708 35196:9956 dhnetsdk.cpp:8181]Enter CLIENT_QueryDevState. [lLoginID=1686729344, nType=4, pBuf=000000DB9A6FB3C0, nBufLen=3076, pRetLen=000000DB9A6FCC14, waittime=3000.]
[2023-11-06T02:30:23.564 info Netsdk:63708 35196:9956 dhnetsdk.cpp:8205]Leave CLIENT_QueryDevState.ret:1.
[2023-11-06T02:30:23.668 info Netsdk:63708 23636:28292 dhnetsdk.cpp:8205]Leave CLIENT_QueryDevState.ret:1.
[2023-11-06T02:30:23.689 info Netsdk:63708 23636:28292 dhnetsdk.cpp:1288]Enter CLIENT_RealPlayEx. lLoginID:-535597920. nChannelID:0. rType:0
[2023-11-06T02:30:23.959 error Netsdk:63708 23636:28292 Generation2ProtocolSecureTransmit.cpp:661]Not find
[2023-11-06T02:30:23.959 info Netsdk:63708 23636:28292 DevConfigEx.cpp:11689]IN SetupSession PORT=0 and PORT: 37777
[2023-11-06T02:30:24.065 info Netsdk:63708 23636:28292 dhnetsdk.cpp:1354]Leave CLIENT_RealPlayEx. ret:-457279088
Begin Time:2023-11-06T02:30:27.574
[2023-11-06T02:30:27.574 info Netsdk:63708 13328:32688 AVNetSDKMgr.cpp:504]Load avnetsdk library dynamically
[2023-11-06T02:30:27.609 info Netsdk:63708 13328:32688 AVNetSDKMgr.cpp:549]avnetsdk module handle: 000001E05EC70000

[2023-11-06T02:30:27.610 info Netsdk:63708 13328:32688 AVNetSDKMgr.cpp:823]Load configsdk dynamically
[2023-11-06T02:30:27.617 info Netsdk:63708 13328:32688 dhnetsdk.cpp:352]Enter CLIENT_SetNetworkParam:[nWaittime=0, nConnectTime=0, nConnectTryNum=2, nSubConnectSpaceTime=0, nGetDevInfoTime=3000, nConnectBufSize=0, nGetConnInfoTime=0, nSearchRecordTime=0, nsubDisconnetTime=0, byNetType=0, byPlaybackBufSize=0, bDetectDisconnTime=0, bKeepLifeInterval=0, nPicBufSize=0].
[2023-11-06T02:30:27.617 info Netsdk:63708 13328:32688 dhnetsdk.cpp:367]Leave CLIENT_SetNetworkParam.
[2023-11-06T02:30:27.617 info Netsdk:63708 13328:32688 dhnetsdk.cpp:302]Enter CLIENT_SetAutoReconnect:[cbAutoConnect=00007FF75F129CA4, dwUser=00000038F82FE440].
[2023-11-06T02:30:27.617 info Netsdk:63708 13328:32688 dhnetsdk.cpp:304]Leave CLIENT_SetAutoReconnect.
[2023-11-06T02:30:27.751 info Netsdk:63708 13328:32688 dhnetsdk.cpp:991]Enter CLIENT_LoginWithHighLevelSecurity. pstInParam:00000038F82FC9B0, pstOutParam:00000038F82FCAB0.
[2023-11-06T02:30:27.752 info Netsdk:63708 13328:32688 dhnetsdk.cpp:1007]IP:218.240.128.210, port:37777, SpeCap:0, CapParam:0000000000000000, TLSCap:0
[2023-11-06T02:30:29.253 error Netsdk:63708 13328:32688 TPTCPClient.cpp:522]Connect host failed, ip:218.240.128.210
[2023-11-06T02:30:29.892 info Netsdk:63708 13328:32688 dhnetsdk.cpp:1054]Leave CLIENT_LoginWithHighLevelSecurity. error:0, login ID:1539603472.
[2023-11-06T02:30:29.909 info Netsdk:63708 13328:32688 dhnetsdk.cpp:8181]Enter CLIENT_QueryDevState. [lLoginID=1539603472, nType=4, pBuf=00000038F82FAFF0, nBufLen=3076, pRetLen=00000038F82FC844, waittime=3000.]
[2023-11-06T02:30:29.952 info Netsdk:63708 13328:32688 dhnetsdk.cpp:8205]Leave CLIENT_QueryDevState.ret:1.
Begin Time:2023-11-06T02:30:55.020
[2023-11-06T02:30:55.020 info Netsdk:63708 15736:31972 AVNetSDKMgr.cpp:504]Load avnetsdk library dynamically
[2023-11-06T02:30:55.051 info Netsdk:63708 15736:31972 AVNetSDKMgr.cpp:549]avnetsdk module handle: 000001C290200000

[2023-11-06T02:30:55.051 info Netsdk:63708 15736:31972 AVNetSDKMgr.cpp:823]Load configsdk dynamically
[2023-11-06T02:30:55.059 info Netsdk:63708 15736:31972 dhnetsdk.cpp:352]Enter CLIENT_SetNetworkParam:[nWaittime=0, nConnectTime=0, nConnectTryNum=2, nSubConnectSpaceTime=0, nGetDevInfoTime=3000, nConnectBufSize=0, nGetConnInfoTime=0, nSearchRecordTime=0, nsubDisconnetTime=0, byNetType=0, byPlaybackBufSize=0, bDetectDisconnTime=0, bKeepLifeInterval=0, nPicBufSize=0].
[2023-11-06T02:30:55.059 info Netsdk:63708 15736:31972 dhnetsdk.cpp:367]Leave CLIENT_SetNetworkParam.
[2023-11-06T02:30:55.059 info Netsdk:63708 15736:31972 dhnetsdk.cpp:302]Enter CLIENT_SetAutoReconnect:[cbAutoConnect=00007FF75F129CA4, dwUser=0000001AB392E5B0].
[2023-11-06T02:30:55.059 info Netsdk:63708 15736:31972 dhnetsdk.cpp:304]Leave CLIENT_SetAutoReconnect.
Begin Time:2023-11-06T02:30:55.120
[2023-11-06T02:30:55.120 info Netsdk:63708 25732:27636 AVNetSDKMgr.cpp:504]Load avnetsdk library dynamically
[2023-11-06T02:30:55.126 info Netsdk:63708 25732:27636 AVNetSDKMgr.cpp:549]avnetsdk module handle: 0000025E90030000

[2023-11-06T02:30:55.126 info Netsdk:63708 25732:27636 AVNetSDKMgr.cpp:823]Load configsdk dynamically
[2023-11-06T02:30:55.130 info Netsdk:63708 25732:27636 dhnetsdk.cpp:302]Enter CLIENT_SetAutoReconnect:[cbAutoConnect=00007FF6E5C99DA8, dwUser=000000B6AC0FD210].
[2023-11-06T02:30:55.130 info Netsdk:63708 25732:27636 dhnetsdk.cpp:304]Leave CLIENT_SetAutoReconnect.
[2023-11-06T02:30:55.228 info Netsdk:63708 15736:31972 dhnetsdk.cpp:991]Enter CLIENT_LoginWithHighLevelSecurity. pstInParam:0000001AB392CB20, pstOutParam:0000001AB392CC20.
[2023-11-06T02:30:55.229 info Netsdk:63708 15736:31972 dhnetsdk.cpp:1007]IP:218.240.128.210, port:37777, SpeCap:0, CapParam:0000000000000000, TLSCap:0
[2023-11-06T02:30:55.230 info Netsdk:63708 25732:27636 dhnetsdk.cpp:991]Enter CLIENT_LoginWithHighLevelSecurity. pstInParam:000000B6AC0FB6A0, pstOutParam:000000B6AC0FB7A0.
[2023-11-06T02:30:55.230 info Netsdk:63708 25732:27636 dhnetsdk.cpp:1007]IP:218.240.128.210, port:37777, SpeCap:0, CapParam:0000000000000000, TLSCap:0
[2023-11-06T02:30:55.613 info Netsdk:63708 25732:27636 dhnetsdk.cpp:1054]Leave CLIENT_LoginWithHighLevelSecurity. error:0, login ID:-1935116320.
[2023-11-06T02:30:55.623 info Netsdk:63708 25732:27636 dhnetsdk.cpp:8181]Enter CLIENT_QueryDevState. [lLoginID=-1935116320, nType=82, pBuf=000000B6AC0FB8C8, nBufLen=60, pRetLen=000000B6AC0FB8A4, waittime=1000.]
[2023-11-06T02:30:55.760 info Netsdk:63708 25732:27636 dhnetsdk.cpp:8205]Leave CLIENT_QueryDevState.ret:1.
[2023-11-06T02:30:55.767 info Netsdk:63708 25732:27636 dhnetsdk.cpp:1288]Enter CLIENT_RealPlayEx. lLoginID:-1935116320. nChannelID:0. rType:0
[2023-11-06T02:30:56.020 error Netsdk:63708 25732:27636 Generation2ProtocolSecureTransmit.cpp:661]Not find
[2023-11-06T02:30:56.020 info Netsdk:63708 25732:27636 DevConfigEx.cpp:11689]IN SetupSession PORT=0 and PORT: 37777
[2023-11-06T02:30:56.122 info Netsdk:63708 25732:27636 dhnetsdk.cpp:1354]Leave CLIENT_RealPlayEx. ret:-1872803424
[2023-11-06T02:30:56.426 info Netsdk:63708 15736:31972 dhnetsdk.cpp:1054]Leave CLIENT_LoginWithHighLevelSecurity. error:0, login ID:-1933540800.
[2023-11-06T02:30:56.436 info Netsdk:63708 15736:31972 dhnetsdk.cpp:8181]Enter CLIENT_QueryDevState. [lLoginID=-1933540800, nType=4, pBuf=0000001AB392B160, nBufLen=3076, pRetLen=0000001AB392C9B4, waittime=3000.]
[2023-11-06T02:30:56.500 info Netsdk:63708 15736:31972 dhnetsdk.cpp:8205]Leave CLIENT_QueryDevState.ret:1.
[2023-11-06T02:31:08.660 info Netsdk:63708 15736:31972 dhnetsdk.cpp:8113]Enter CLIENT_ControlDevice. [lLoginID=-1933540800, type=11, param=0000000000000000, waittime=3000.]
[2023-11-06T02:31:08.662 info Netsdk:63708 15736:31972 dhnetsdk.cpp:8136]Leave CLIENT_ControlDevice.ret:1.
[2023-11-06T02:31:21.160 info Netsdk:63708 15736:31972 dhnetsdk.cpp:8113]Enter CLIENT_ControlDevice. [lLoginID=-1933540800, type=12, param=0000000000000000, waittime=3000.]
[2023-11-06T02:31:21.160 info Netsdk:63708 15736:31972 dhnetsdk.cpp:8136]Leave CLIENT_ControlDevice.ret:1.
[2023-11-06T02:31:30.374 info Netsdk:63708 25732:27636 dhnetsdk.cpp:2090]Enter CLIENT_StopRealPlayEx. lRealHandle:-1872803424.
[2023-11-06T02:31:30.394 info Netsdk:63708 25732:27636 dhnetsdk.cpp:2104]Leave CLIENT_StopRealPlayEx. ret:1
[2023-11-06T02:31:30.394 info Netsdk:63708 25732:27636 dhnetsdk.cpp:1288]Enter CLIENT_RealPlayEx. lLoginID:-1935116320. nChannelID:1. rType:0
[2023-11-06T02:31:30.417 error Netsdk:63708 25732:27636 Generation2ProtocolSecureTransmit.cpp:661]Not find
[2023-11-06T02:31:30.418 info Netsdk:63708 25732:27636 DevConfigEx.cpp:11689]IN SetupSession PORT=0 and PORT: 37777
[2023-11-06T02:31:30.468 info Netsdk:63708 25732:27636 dhnetsdk.cpp:1354]Leave CLIENT_RealPlayEx. ret:-1872696720
[2023-11-06T02:31:30.470 info Netsdk:63708 25732:27636 dhnetsdk.cpp:5105]Enter CLIENT_DHPTZControl. [lLoginID=-1935116320, nChannelID=1, dwPTZCommand=2, param1=0, param2=4, param3=0, dwStop=0, param4=0000000000000000.]
[2023-11-06T02:31:30.470 info Netsdk:63708 25732:27636 dhnetsdk.cpp:5128]Leave CLIENT_DHPTZControl.ret:1.
[2023-11-06T02:31:30.592 info Netsdk:63708 25732:27636 dhnetsdk.cpp:5105]Enter CLIENT_DHPTZControl. [lLoginID=-1935116320, nChannelID=1, dwPTZCommand=2, param1=0, param2=4, param3=0, dwStop=1, param4=0000000000000000.]
[2023-11-06T02:31:30.592 info Netsdk:63708 25732:27636 dhnetsdk.cpp:5128]Leave CLIENT_DHPTZControl.ret:1.
[2023-11-06T02:31:33.288 info Netsdk:63708 25732:27636 dhnetsdk.cpp:5105]Enter CLIENT_DHPTZControl. [lLoginID=-1935116320, nChannelID=1, dwPTZCommand=2, param1=0, param2=4, param3=0, dwStop=0, param4=0000000000000000.]
[2023-11-06T02:31:33.288 info Netsdk:63708 25732:27636 dhnetsdk.cpp:5128]Leave CLIENT_DHPTZControl.ret:1.
[2023-11-06T02:31:34.459 info Netsdk:63708 25732:27636 dhnetsdk.cpp:5105]Enter CLIENT_DHPTZControl. [lLoginID=-1935116320, nChannelID=1, dwPTZCommand=2, param1=0, param2=4, param3=0, dwStop=1, param4=0000000000000000.]
[2023-11-06T02:31:34.459 info Netsdk:63708 25732:27636 dhnetsdk.cpp:5128]Leave CLIENT_DHPTZControl.ret:1.
[2023-11-06T02:31:36.615 info Netsdk:63708 25732:27636 dhnetsdk.cpp:5105]Enter CLIENT_DHPTZControl. [lLoginID=-1935116320, nChannelID=1, dwPTZCommand=3, param1=0, param2=4, param3=0, dwStop=0, param4=0000000000000000.]
[2023-11-06T02:31:36.616 info Netsdk:63708 25732:27636 dhnetsdk.cpp:5128]Leave CLIENT_DHPTZControl.ret:1.
[2023-11-06T02:31:37.754 info Netsdk:63708 25732:27636 dhnetsdk.cpp:5105]Enter CLIENT_DHPTZControl. [lLoginID=-1935116320, nChannelID=1, dwPTZCommand=3, param1=0, param2=4, param3=0, dwStop=1, param4=0000000000000000.]
[2023-11-06T02:31:37.755 info Netsdk:63708 25732:27636 dhnetsdk.cpp:5128]Leave CLIENT_DHPTZControl.ret:1.
[2023-11-06T02:31:40.488 info Netsdk:63708 25732:27636 dhnetsdk.cpp:5105]Enter CLIENT_DHPTZControl. [lLoginID=-1935116320, nChannelID=1, dwPTZCommand=2, param1=0, param2=4, param3=0, dwStop=0, param4=0000000000000000.]
[2023-11-06T02:31:40.488 info Netsdk:63708 25732:27636 dhnetsdk.cpp:5128]Leave CLIENT_DHPTZControl.ret:1.
[2023-11-06T02:31:41.421 info Netsdk:63708 25732:27636 dhnetsdk.cpp:5105]Enter CLIENT_DHPTZControl. [lLoginID=-1935116320, nChannelID=1, dwPTZCommand=2, param1=0, param2=4, param3=0, dwStop=1, param4=0000000000000000.]
[2023-11-06T02:31:41.421 info Netsdk:63708 25732:27636 dhnetsdk.cpp:5128]Leave CLIENT_DHPTZControl.ret:1.
Begin Time:2023-11-06T11:20:39.298
[2023-11-06T11:20:39.299 info Netsdk:63708 13092:12996 AVNetSDKMgr.cpp:504]Load avnetsdk library dynamically
[2023-11-06T11:20:39.332 info Netsdk:63708 13092:12996 AVNetSDKMgr.cpp:549]avnetsdk module handle: 000001A92E300000

[2023-11-06T11:20:39.333 info Netsdk:63708 13092:12996 AVNetSDKMgr.cpp:823]Load configsdk dynamically
[2023-11-06T11:20:39.346 info Netsdk:63708 13092:12996 dhnetsdk.cpp:352]Enter CLIENT_SetNetworkParam:[nWaittime=0, nConnectTime=0, nConnectTryNum=2, nSubConnectSpaceTime=0, nGetDevInfoTime=3000, nConnectBufSize=0, nGetConnInfoTime=0, nSearchRecordTime=0, nsubDisconnetTime=0, byNetType=0, byPlaybackBufSize=0, bDetectDisconnTime=0, bKeepLifeInterval=0, nPicBufSize=0].
[2023-11-06T11:20:39.346 info Netsdk:63708 13092:12996 dhnetsdk.cpp:367]Leave CLIENT_SetNetworkParam.
[2023-11-06T11:20:39.346 info Netsdk:63708 13092:12996 dhnetsdk.cpp:302]Enter CLIENT_SetAutoReconnect:[cbAutoConnect=00007FF766D99CA4, dwUser=000000087B8FE500].
[2023-11-06T11:20:39.346 info Netsdk:63708 13092:12996 dhnetsdk.cpp:304]Leave CLIENT_SetAutoReconnect.
Begin Time:2023-11-06T11:20:39.379
[2023-11-06T11:20:39.379 info Netsdk:63708 5320:32196 AVNetSDKMgr.cpp:504]Load avnetsdk library dynamically
[2023-11-06T11:20:39.384 info Netsdk:63708 5320:32196 AVNetSDKMgr.cpp:549]avnetsdk module handle: 00000287FB490000

[2023-11-06T11:20:39.384 info Netsdk:63708 5320:32196 AVNetSDKMgr.cpp:823]Load configsdk dynamically
[2023-11-06T11:20:39.386 info Netsdk:63708 5320:32196 dhnetsdk.cpp:302]Enter CLIENT_SetAutoReconnect:[cbAutoConnect=00007FF75C999DA8, dwUser=000000CF390FD230].
[2023-11-06T11:20:39.386 info Netsdk:63708 5320:32196 dhnetsdk.cpp:304]Leave CLIENT_SetAutoReconnect.
[2023-11-06T11:20:39.425 info Netsdk:63708 5320:32196 dhnetsdk.cpp:991]Enter CLIENT_LoginWithHighLevelSecurity. pstInParam:000000CF390FB6C0, pstOutParam:000000CF390FB7C0.
[2023-11-06T11:20:39.425 info Netsdk:63708 5320:32196 dhnetsdk.cpp:1007]IP:218.240.128.210, port:37777, SpeCap:0, CapParam:0000000000000000, TLSCap:0
[2023-11-06T11:20:39.454 info Netsdk:63708 13092:12996 dhnetsdk.cpp:991]Enter CLIENT_LoginWithHighLevelSecurity. pstInParam:000000087B8FCA70, pstOutParam:000000087B8FCB70.
[2023-11-06T11:20:39.454 info Netsdk:63708 13092:12996 dhnetsdk.cpp:1007]IP:218.240.128.210, port:37777, SpeCap:0, CapParam:0000000000000000, TLSCap:0
[2023-11-06T11:20:39.695 info Netsdk:63708 5320:32196 dhnetsdk.cpp:1054]Leave CLIENT_LoginWithHighLevelSecurity. error:0, login ID:-143166928.
[2023-11-06T11:20:39.705 info Netsdk:63708 5320:32196 dhnetsdk.cpp:8181]Enter CLIENT_QueryDevState. [lLoginID=-143166928, nType=82, pBuf=000000CF390FB8E8, nBufLen=60, pRetLen=000000CF390FB8C4, waittime=1000.]
[2023-11-06T11:20:39.912 info Netsdk:63708 5320:32196 dhnetsdk.cpp:8205]Leave CLIENT_QueryDevState.ret:1.
[2023-11-06T11:20:39.916 info Netsdk:63708 5320:32196 dhnetsdk.cpp:1288]Enter CLIENT_RealPlayEx. lLoginID:-143166928. nChannelID:0. rType:0
[2023-11-06T11:20:40.181 error Netsdk:63708 5320:32196 Generation2ProtocolSecureTransmit.cpp:661]Not find
[2023-11-06T11:20:40.181 info Netsdk:63708 5320:32196 DevConfigEx.cpp:11689]IN SetupSession PORT=0 and PORT: 37777
[2023-11-06T11:20:40.283 info Netsdk:63708 5320:32196 dhnetsdk.cpp:1354]Leave CLIENT_RealPlayEx. ret:-72452160
[2023-11-06T11:20:40.316 info Netsdk:63708 13092:12996 dhnetsdk.cpp:1054]Leave CLIENT_LoginWithHighLevelSecurity. error:0, login ID:692154928.
[2023-11-06T11:20:40.323 info Netsdk:63708 13092:12996 dhnetsdk.cpp:8181]Enter CLIENT_QueryDevState. [lLoginID=692154928, nType=4, pBuf=000000087B8FB0B0, nBufLen=3076, pRetLen=000000087B8FC904, waittime=3000.]
[2023-11-06T11:20:40.349 info Netsdk:63708 13092:12996 dhnetsdk.cpp:8205]Leave CLIENT_QueryDevState.ret:1.
[2023-11-06T11:21:40.916 error Netsdk:63708 5320:36776 TcpSocket.cpp:864]Heartbeat failed, second:60
[2023-11-06T11:22:09.519 info Netsdk:63708 13092:12996 dhnetsdk.cpp:8113]Enter CLIENT_ControlDevice. [lLoginID=692154928, type=27, param=0000000000000000, waittime=3000.]
[2023-11-06T11:22:09.519 info Netsdk:63708 13092:12996 dhnetsdk.cpp:8136]Leave CLIENT_ControlDevice.ret:1.
[2023-11-06T11:22:18.099 info Netsdk:63708 13092:12996 dhnetsdk.cpp:8113]Enter CLIENT_ControlDevice. [lLoginID=692154928, type=12, param=0000000000000000, waittime=3000.]
[2023-11-06T11:22:18.099 info Netsdk:63708 13092:12996 dhnetsdk.cpp:8136]Leave CLIENT_ControlDevice.ret:1.
[2023-11-06T11:22:44.983 error Netsdk:63708 5320:36776 TcpSocket.cpp:864]Heartbeat failed, second:60
[2023-11-06T11:22:47.040 error Netsdk:63708 5320:31880 TPIOCPMultiplexer.cpp:161]iocp disconnected by remote host or something:GetLastError:997
[2023-11-06T11:23:49.045 error Netsdk:63708 5320:36776 TcpSocket.cpp:864]Heartbeat failed, second:60
[2023-11-06T11:24:45.359 info Netsdk:63708 13092:12996 dhnetsdk.cpp:1075]Enter CLIENT_Logout. lLoginID:692154928.
[2023-11-06T11:24:45.363 error Netsdk:63708 13092:12996 TPTCPClient.cpp:723]Device is not online, ip:218.240.128.210
[2023-11-06T11:24:45.364 info Netsdk:63708 13092:12996 dhnetsdk.cpp:1097]Leave CLIENT_Logout. ret:1
[2023-11-06T11:24:45.420 info Netsdk:63708 5320:32196 dhnetsdk.cpp:2090]Enter CLIENT_StopRealPlayEx. lRealHandle:-72452160.
[2023-11-06T11:24:45.432 info Netsdk:63708 5320:32196 dhnetsdk.cpp:2104]Leave CLIENT_StopRealPlayEx. ret:1
[2023-11-06T11:24:45.432 info Netsdk:63708 5320:32196 dhnetsdk.cpp:1075]Enter CLIENT_Logout. lLoginID:-143166928.
[2023-11-06T11:24:45.432 error Netsdk:63708 5320:32196 TPTCPClient.cpp:723]Device is not online, ip:218.240.128.210
[2023-11-06T11:24:45.432 info Netsdk:63708 5320:32196 dhnetsdk.cpp:1097]Leave CLIENT_Logout. ret:1
Begin Time:2023-11-06T11:24:49.710
[2023-11-06T11:24:49.710 info Netsdk:63708 34200:9952 AVNetSDKMgr.cpp:504]Load avnetsdk library dynamically
Begin Time:2023-11-06T11:24:49.723
[2023-11-06T11:24:49.723 info Netsdk:63708 15048:17304 AVNetSDKMgr.cpp:504]Load avnetsdk library dynamically
[2023-11-06T11:24:49.726 info Netsdk:63708 15048:17304 AVNetSDKMgr.cpp:549]avnetsdk module handle: 0000017D2CCC0000

[2023-11-06T11:24:49.726 info Netsdk:63708 15048:17304 AVNetSDKMgr.cpp:823]Load configsdk dynamically
[2023-11-06T11:24:49.728 info Netsdk:63708 15048:17304 dhnetsdk.cpp:302]Enter CLIENT_SetAutoReconnect:[cbAutoConnect=00007FF75C999DA8, dwUser=000000692F0FCEF0].
[2023-11-06T11:24:49.728 info Netsdk:63708 15048:17304 dhnetsdk.cpp:304]Leave CLIENT_SetAutoReconnect.
[2023-11-06T11:24:49.728 info Netsdk:63708 34200:9952 AVNetSDKMgr.cpp:549]avnetsdk module handle: 0000017AD42C0000

[2023-11-06T11:24:49.728 info Netsdk:63708 34200:9952 AVNetSDKMgr.cpp:823]Load configsdk dynamically
[2023-11-06T11:24:49.733 info Netsdk:63708 34200:9952 dhnetsdk.cpp:352]Enter CLIENT_SetNetworkParam:[nWaittime=0, nConnectTime=0, nConnectTryNum=2, nSubConnectSpaceTime=0, nGetDevInfoTime=3000, nConnectBufSize=0, nGetConnInfoTime=0, nSearchRecordTime=0, nsubDisconnetTime=0, byNetType=0, byPlaybackBufSize=0, bDetectDisconnTime=0, bKeepLifeInterval=0, nPicBufSize=0].
[2023-11-06T11:24:49.733 info Netsdk:63708 34200:9952 dhnetsdk.cpp:367]Leave CLIENT_SetNetworkParam.
[2023-11-06T11:24:49.733 info Netsdk:63708 34200:9952 dhnetsdk.cpp:302]Enter CLIENT_SetAutoReconnect:[cbAutoConnect=00007FF766D99CA4, dwUser=00000023124FE9E0].
[2023-11-06T11:24:49.733 info Netsdk:63708 34200:9952 dhnetsdk.cpp:304]Leave CLIENT_SetAutoReconnect.
[2023-11-06T11:24:49.749 info Netsdk:63708 15048:17304 dhnetsdk.cpp:991]Enter CLIENT_LoginWithHighLevelSecurity. pstInParam:000000692F0FB380, pstOutParam:000000692F0FB480.
[2023-11-06T11:24:49.749 info Netsdk:63708 15048:17304 dhnetsdk.cpp:1007]IP:218.240.128.210, port:37777, SpeCap:0, CapParam:0000000000000000, TLSCap:0
[2023-11-06T11:24:49.790 info Netsdk:63708 34200:9952 dhnetsdk.cpp:991]Enter CLIENT_LoginWithHighLevelSecurity. pstInParam:00000023124FCF50, pstOutParam:00000023124FD050.
[2023-11-06T11:24:49.790 info Netsdk:63708 34200:9952 dhnetsdk.cpp:1007]IP:218.240.128.210, port:37777, SpeCap:0, CapParam:0000000000000000, TLSCap:0
[2023-11-06T11:24:49.989 info Netsdk:63708 15048:17304 dhnetsdk.cpp:1054]Leave CLIENT_LoginWithHighLevelSecurity. error:0, login ID:687764016.
[2023-11-06T11:24:49.994 info Netsdk:63708 34200:9952 dhnetsdk.cpp:1054]Leave CLIENT_LoginWithHighLevelSecurity. error:0, login ID:-792102320.
[2023-11-06T11:24:49.998 info Netsdk:63708 15048:17304 dhnetsdk.cpp:8181]Enter CLIENT_QueryDevState. [lLoginID=687764016, nType=82, pBuf=000000692F0FB5A8, nBufLen=60, pRetLen=000000692F0FB584, waittime=1000.]
[2023-11-06T11:24:50.000 info Netsdk:63708 34200:9952 dhnetsdk.cpp:8181]Enter CLIENT_QueryDevState. [lLoginID=-792102320, nType=4, pBuf=00000023124FB590, nBufLen=3076, pRetLen=00000023124FCDE4, waittime=3000.]
[2023-11-06T11:24:50.053 info Netsdk:63708 34200:9952 dhnetsdk.cpp:8205]Leave CLIENT_QueryDevState.ret:1.
[2023-11-06T11:24:50.119 info Netsdk:63708 15048:17304 dhnetsdk.cpp:8205]Leave CLIENT_QueryDevState.ret:1.
[2023-11-06T11:24:50.121 info Netsdk:63708 15048:17304 dhnetsdk.cpp:1288]Enter CLIENT_RealPlayEx. lLoginID:687764016. nChannelID:0. rType:0
[2023-11-06T11:24:50.348 error Netsdk:63708 15048:17304 Generation2ProtocolSecureTransmit.cpp:661]Not find
[2023-11-06T11:24:50.348 info Netsdk:63708 15048:17304 DevConfigEx.cpp:11689]IN SetupSession PORT=0 and PORT: 37777
[2023-11-06T11:24:50.444 info Netsdk:63708 15048:17304 dhnetsdk.cpp:1354]Leave CLIENT_RealPlayEx. ret:757766864
[2023-11-06T11:25:51.266 error Netsdk:63708 15048:35908 TcpSocket.cpp:864]Heartbeat failed, second:60
[2023-11-06T11:26:03.836 info Netsdk:63708 15048:17304 dhnetsdk.cpp:2090]Enter CLIENT_StopRealPlayEx. lRealHandle:757766864.
[2023-11-06T11:26:03.836 error Netsdk:63708 34200:9952 TPTCPClient.cpp:723]Device is not online, ip:218.240.128.210
[2023-11-06T11:26:03.837 info Netsdk:63708 34200:9952 dhnetsdk.cpp:1097]Leave CLIENT_Logout. ret:1
[2023-11-06T11:26:03.848 info Netsdk:63708 15048:17304 dhnetsdk.cpp:2104]Leave CLIENT_StopRealPlayEx. ret:1
[2023-11-06T11:26:03.848 info Netsdk:63708 15048:17304 dhnetsdk.cpp:1075]Enter CLIENT_Logout. lLoginID:687764016.
[2023-11-06T11:26:03.848 error Netsdk:63708 15048:17304 TPTCPClient.cpp:723]Device is not online, ip:218.240.128.210
[2023-11-06T11:26:03.848 info Netsdk:63708 15048:17304 dhnetsdk.cpp:1097]Leave CLIENT_Logout. ret:1
Begin Time:2023-11-06T11:26:08.662
[2023-11-06T11:26:08.662 info Netsdk:63708 10492:28192 AVNetSDKMgr.cpp:504]Load avnetsdk library dynamically
Begin Time:2023-11-06T11:26:08.672
[2023-11-06T11:26:08.672 info Netsdk:63708 30864:26528 AVNetSDKMgr.cpp:504]Load avnetsdk library dynamically
[2023-11-06T11:26:08.674 info Netsdk:63708 30864:26528 AVNetSDKMgr.cpp:549]avnetsdk module handle: 00000265262E0000

[2023-11-06T11:26:08.674 info Netsdk:63708 30864:26528 AVNetSDKMgr.cpp:823]Load configsdk dynamically
[2023-11-06T11:26:08.676 info Netsdk:63708 30864:26528 dhnetsdk.cpp:302]Enter CLIENT_SetAutoReconnect:[cbAutoConnect=00007FF75C999DA8, dwUser=000000C79073CEE0].
[2023-11-06T11:26:08.676 info Netsdk:63708 30864:26528 dhnetsdk.cpp:304]Leave CLIENT_SetAutoReconnect.
[2023-11-06T11:26:08.678 info Netsdk:63708 10492:28192 AVNetSDKMgr.cpp:549]avnetsdk module handle: 000002CF64800000

[2023-11-06T11:26:08.678 info Netsdk:63708 10492:28192 AVNetSDKMgr.cpp:823]Load configsdk dynamically
[2023-11-06T11:26:08.682 info Netsdk:63708 10492:28192 dhnetsdk.cpp:352]Enter CLIENT_SetNetworkParam:[nWaittime=0, nConnectTime=0, nConnectTryNum=2, nSubConnectSpaceTime=0, nGetDevInfoTime=3000, nConnectBufSize=0, nGetConnInfoTime=0, nSearchRecordTime=0, nsubDisconnetTime=0, byNetType=0, byPlaybackBufSize=0, bDetectDisconnTime=0, bKeepLifeInterval=0, nPicBufSize=0].
[2023-11-06T11:26:08.682 info Netsdk:63708 10492:28192 dhnetsdk.cpp:367]Leave CLIENT_SetNetworkParam.
[2023-11-06T11:26:08.682 info Netsdk:63708 10492:28192 dhnetsdk.cpp:302]Enter CLIENT_SetAutoReconnect:[cbAutoConnect=00007FF766D99CA4, dwUser=000000F9A1EFE7B0].
[2023-11-06T11:26:08.682 info Netsdk:63708 10492:28192 dhnetsdk.cpp:304]Leave CLIENT_SetAutoReconnect.
[2023-11-06T11:26:08.692 info Netsdk:63708 30864:26528 dhnetsdk.cpp:991]Enter CLIENT_LoginWithHighLevelSecurity. pstInParam:000000C79073B370, pstOutParam:000000C79073B470.
[2023-11-06T11:26:08.692 info Netsdk:63708 30864:26528 dhnetsdk.cpp:1007]IP:218.240.128.210, port:37777, SpeCap:0, CapParam:0000000000000000, TLSCap:0
[2023-11-06T11:26:08.730 info Netsdk:63708 10492:28192 dhnetsdk.cpp:991]Enter CLIENT_LoginWithHighLevelSecurity. pstInParam:000000F9A1EFCD20, pstOutParam:000000F9A1EFCE20.
[2023-11-06T11:26:08.730 info Netsdk:63708 10492:28192 dhnetsdk.cpp:1007]IP:218.240.128.210, port:37777, SpeCap:0, CapParam:0000000000000000, TLSCap:0
[2023-11-06T11:26:08.961 info Netsdk:63708 30864:26528 dhnetsdk.cpp:1054]Leave CLIENT_LoginWithHighLevelSecurity. error:0, login ID:575304240.
[2023-11-06T11:26:08.968 info Netsdk:63708 30864:26528 dhnetsdk.cpp:8181]Enter CLIENT_QueryDevState. [lLoginID=575304240, nType=82, pBuf=000000C79073B598, nBufLen=60, pRetLen=000000C79073B574, waittime=1000.]
[2023-11-06T11:26:09.013 info Netsdk:63708 10492:28192 dhnetsdk.cpp:1054]Leave CLIENT_LoginWithHighLevelSecurity. error:0, login ID:1628897984.
[2023-11-06T11:26:09.019 info Netsdk:63708 10492:28192 dhnetsdk.cpp:8181]Enter CLIENT_QueryDevState. [lLoginID=1628897984, nType=4, pBuf=000000F9A1EFB360, nBufLen=3076, pRetLen=000000F9A1EFCBB4, waittime=3000.]
[2023-11-06T11:26:09.045 info Netsdk:63708 10492:28192 dhnetsdk.cpp:8205]Leave CLIENT_QueryDevState.ret:1.
[2023-11-06T11:26:09.088 info Netsdk:63708 30864:26528 dhnetsdk.cpp:8205]Leave CLIENT_QueryDevState.ret:1.
[2023-11-06T11:26:09.090 info Netsdk:63708 30864:26528 dhnetsdk.cpp:1288]Enter CLIENT_RealPlayEx. lLoginID:575304240. nChannelID:0. rType:0
[2023-11-06T11:26:09.299 error Netsdk:63708 30864:26528 Generation2ProtocolSecureTransmit.cpp:661]Not find
[2023-11-06T11:26:09.299 info Netsdk:63708 30864:26528 DevConfigEx.cpp:11689]IN SetupSession PORT=0 and PORT: 37777
[2023-11-06T11:26:09.361 info Netsdk:63708 30864:26528 dhnetsdk.cpp:1354]Leave CLIENT_RealPlayEx. ret:646128800
[2023-11-06T11:26:43.774 info Netsdk:63708 10492:28192 dhnetsdk.cpp:1075]Enter CLIENT_Logout. lLoginID:1628897984.
[2023-11-06T11:26:43.774 info Netsdk:63708 30864:26528 dhnetsdk.cpp:2090]Enter CLIENT_StopRealPlayEx. lRealHandle:646128800.
[2023-11-06T11:26:43.774 error Netsdk:63708 10492:28192 TPTCPClient.cpp:723]Device is not online, ip:218.240.128.210
[2023-11-06T11:26:43.775 info Netsdk:63708 10492:28192 dhnetsdk.cpp:1097]Leave CLIENT_Logout. ret:1
[2023-11-06T11:26:43.778 info Netsdk:63708 30864:26528 dhnetsdk.cpp:2104]Leave CLIENT_StopRealPlayEx. ret:1
[2023-11-06T11:26:43.778 info Netsdk:63708 30864:26528 dhnetsdk.cpp:1075]Enter CLIENT_Logout. lLoginID:575304240.
[2023-11-06T11:26:43.778 error Netsdk:63708 30864:26528 TPTCPClient.cpp:723]Device is not online, ip:218.240.128.210
[2023-11-06T11:26:43.778 info Netsdk:63708 30864:26528 dhnetsdk.cpp:1097]Leave CLIENT_Logout. ret:1
Begin Time:2023-11-06T11:26:45.765
[2023-11-06T11:26:45.765 info Netsdk:63708 19936:20028 AVNetSDKMgr.cpp:504]Load avnetsdk library dynamically
[2023-11-06T11:26:45.768 info Netsdk:63708 19936:20028 AVNetSDKMgr.cpp:549]avnetsdk module handle: 000001A15DC90000

[2023-11-06T11:26:45.768 info Netsdk:63708 19936:20028 AVNetSDKMgr.cpp:823]Load configsdk dynamically
[2023-11-06T11:26:45.770 info Netsdk:63708 19936:20028 dhnetsdk.cpp:302]Enter CLIENT_SetAutoReconnect:[cbAutoConnect=00007FF75C999DA8, dwUser=0000007C4ADFCF50].
[2023-11-06T11:26:45.770 info Netsdk:63708 19936:20028 dhnetsdk.cpp:304]Leave CLIENT_SetAutoReconnect.
[2023-11-06T11:26:45.779 info Netsdk:63708 19936:20028 dhnetsdk.cpp:991]Enter CLIENT_LoginWithHighLevelSecurity. pstInParam:0000007C4ADFB3E0, pstOutParam:0000007C4ADFB4E0.
[2023-11-06T11:26:45.779 info Netsdk:63708 19936:20028 dhnetsdk.cpp:1007]IP:218.240.128.210, port:37777, SpeCap:0, CapParam:0000000000000000, TLSCap:0
Begin Time:2023-11-06T11:26:45.785
[2023-11-06T11:26:45.786 info Netsdk:63708 27844:29716 AVNetSDKMgr.cpp:504]Load avnetsdk library dynamically
[2023-11-06T11:26:45.805 info Netsdk:63708 27844:29716 AVNetSDKMgr.cpp:549]avnetsdk module handle: 0000023A09880000

[2023-11-06T11:26:45.805 info Netsdk:63708 27844:29716 AVNetSDKMgr.cpp:823]Load configsdk dynamically
[2023-11-06T11:26:45.810 info Netsdk:63708 27844:29716 dhnetsdk.cpp:352]Enter CLIENT_SetNetworkParam:[nWaittime=0, nConnectTime=0, nConnectTryNum=2, nSubConnectSpaceTime=0, nGetDevInfoTime=3000, nConnectBufSize=0, nGetConnInfoTime=0, nSearchRecordTime=0, nsubDisconnetTime=0, byNetType=0, byPlaybackBufSize=0, bDetectDisconnTime=0, bKeepLifeInterval=0, nPicBufSize=0].
[2023-11-06T11:26:45.810 info Netsdk:63708 27844:29716 dhnetsdk.cpp:367]Leave CLIENT_SetNetworkParam.
[2023-11-06T11:26:45.810 info Netsdk:63708 27844:29716 dhnetsdk.cpp:302]Enter CLIENT_SetAutoReconnect:[cbAutoConnect=00007FF766D99CA4, dwUser=00000044B74FEA70].
[2023-11-06T11:26:45.810 info Netsdk:63708 27844:29716 dhnetsdk.cpp:304]Leave CLIENT_SetAutoReconnect.
[2023-11-06T11:26:45.854 info Netsdk:63708 27844:29716 dhnetsdk.cpp:991]Enter CLIENT_LoginWithHighLevelSecurity. pstInParam:00000044B74FCFE0, pstOutParam:00000044B74FD0E0.
[2023-11-06T11:26:45.854 info Netsdk:63708 27844:29716 dhnetsdk.cpp:1007]IP:218.240.128.210, port:37777, SpeCap:0, CapParam:0000000000000000, TLSCap:0
[2023-11-06T11:26:46.005 info Netsdk:63708 19936:20028 dhnetsdk.cpp:1054]Leave CLIENT_LoginWithHighLevelSecurity. error:0, login ID:1509401728.
[2023-11-06T11:26:46.010 info Netsdk:63708 19936:20028 dhnetsdk.cpp:8181]Enter CLIENT_QueryDevState. [lLoginID=1509401728, nType=82, pBuf=0000007C4ADFB608, nBufLen=60, pRetLen=0000007C4ADFB5E4, waittime=1000.]
[2023-11-06T11:26:46.089 info Netsdk:63708 27844:29716 dhnetsdk.cpp:1054]Leave CLIENT_LoginWithHighLevelSecurity. error:0, login ID:103835312.
[2023-11-06T11:26:46.092 info Netsdk:63708 27844:29716 dhnetsdk.cpp:8181]Enter CLIENT_QueryDevState. [lLoginID=103835312, nType=4, pBuf=00000044B74FB620, nBufLen=3076, pRetLen=00000044B74FCE74, waittime=3000.]
[2023-11-06T11:26:46.105 info Netsdk:63708 27844:29716 dhnetsdk.cpp:8205]Leave CLIENT_QueryDevState.ret:1.
[2023-11-06T11:26:46.128 info Netsdk:63708 19936:20028 dhnetsdk.cpp:8205]Leave CLIENT_QueryDevState.ret:1.
[2023-11-06T11:26:46.130 info Netsdk:63708 19936:20028 dhnetsdk.cpp:1288]Enter CLIENT_RealPlayEx. lLoginID:1509401728. nChannelID:0. rType:0
[2023-11-06T11:26:46.321 error Netsdk:63708 19936:20028 Generation2ProtocolSecureTransmit.cpp:661]Not find
[2023-11-06T11:26:46.321 info Netsdk:63708 19936:20028 DevConfigEx.cpp:11689]IN SetupSession PORT=0 and PORT: 37777
[2023-11-06T11:26:46.393 info Netsdk:63708 19936:20028 dhnetsdk.cpp:1354]Leave CLIENT_RealPlayEx. ret:1579139312
[2023-11-06T11:27:20.881 info Netsdk:63708 19936:20028 dhnetsdk.cpp:2090]Enter CLIENT_StopRealPlayEx. lRealHandle:1579139312.
[2023-11-06T11:27:20.881 info Netsdk:63708 27844:29716 dhnetsdk.cpp:1075]Enter CLIENT_Logout. lLoginID:103835312.
[2023-11-06T11:27:20.881 error Netsdk:63708 27844:29716 TPTCPClient.cpp:723]Device is not online, ip:218.240.128.210
[2023-11-06T11:27:20.882 info Netsdk:63708 27844:29716 dhnetsdk.cpp:1097]Leave CLIENT_Logout. ret:1
[2023-11-06T11:27:20.889 info Netsdk:63708 19936:20028 dhnetsdk.cpp:2104]Leave CLIENT_StopRealPlayEx. ret:1
[2023-11-06T11:27:20.889 info Netsdk:63708 19936:20028 dhnetsdk.cpp:1075]Enter CLIENT_Logout. lLoginID:1509401728.
[2023-11-06T11:27:20.889 error Netsdk:63708 19936:20028 TPTCPClient.cpp:723]Device is not online, ip:218.240.128.210
[2023-11-06T11:27:20.889 info Netsdk:63708 19936:20028 dhnetsdk.cpp:1097]Leave CLIENT_Logout. ret:1
Begin Time:2023-11-06T11:27:22.824
[2023-11-06T11:27:22.824 info Netsdk:63708 29588:13692 AVNetSDKMgr.cpp:504]Load avnetsdk library dynamically
Begin Time:2023-11-06T11:27:22.835
[2023-11-06T11:27:22.835 info Netsdk:63708 15980:33108 AVNetSDKMgr.cpp:504]Load avnetsdk library dynamically
[2023-11-06T11:27:22.837 info Netsdk:63708 15980:33108 AVNetSDKMgr.cpp:549]avnetsdk module handle: 0000017D4DA00000

[2023-11-06T11:27:22.837 info Netsdk:63708 15980:33108 AVNetSDKMgr.cpp:823]Load configsdk dynamically
[2023-11-06T11:27:22.839 info Netsdk:63708 15980:33108 dhnetsdk.cpp:302]Enter CLIENT_SetAutoReconnect:[cbAutoConnect=00007FF75C999DA8, dwUser=000000301D0FD200].
[2023-11-06T11:27:22.839 info Netsdk:63708 15980:33108 dhnetsdk.cpp:304]Leave CLIENT_SetAutoReconnect.
[2023-11-06T11:27:22.842 info Netsdk:63708 29588:13692 AVNetSDKMgr.cpp:549]avnetsdk module handle: 000002A663A00000

[2023-11-06T11:27:22.842 info Netsdk:63708 29588:13692 AVNetSDKMgr.cpp:823]Load configsdk dynamically
[2023-11-06T11:27:22.848 info Netsdk:63708 29588:13692 dhnetsdk.cpp:352]Enter CLIENT_SetNetworkParam:[nWaittime=0, nConnectTime=0, nConnectTryNum=2, nSubConnectSpaceTime=0, nGetDevInfoTime=3000, nConnectBufSize=0, nGetConnInfoTime=0, nSearchRecordTime=0, nsubDisconnetTime=0, byNetType=0, byPlaybackBufSize=0, bDetectDisconnTime=0, bKeepLifeInterval=0, nPicBufSize=0].
[2023-11-06T11:27:22.848 info Netsdk:63708 29588:13692 dhnetsdk.cpp:367]Leave CLIENT_SetNetworkParam.
[2023-11-06T11:27:22.848 info Netsdk:63708 29588:13692 dhnetsdk.cpp:302]Enter CLIENT_SetAutoReconnect:[cbAutoConnect=00007FF766D99CA4, dwUser=000000D22A59E5B0].
[2023-11-06T11:27:22.848 info Netsdk:63708 29588:13692 dhnetsdk.cpp:304]Leave CLIENT_SetAutoReconnect.
[2023-11-06T11:27:22.854 info Netsdk:63708 15980:33108 dhnetsdk.cpp:991]Enter CLIENT_LoginWithHighLevelSecurity. pstInParam:000000301D0FB690, pstOutParam:000000301D0FB790.
[2023-11-06T11:27:22.854 info Netsdk:63708 15980:33108 dhnetsdk.cpp:1007]IP:218.240.128.210, port:37777, SpeCap:0, CapParam:0000000000000000, TLSCap:0
[2023-11-06T11:27:22.890 info Netsdk:63708 29588:13692 dhnetsdk.cpp:991]Enter CLIENT_LoginWithHighLevelSecurity. pstInParam:000000D22A59CB20, pstOutParam:000000D22A59CC20.
[2023-11-06T11:27:22.890 info Netsdk:63708 29588:13692 dhnetsdk.cpp:1007]IP:218.240.128.210, port:37777, SpeCap:0, CapParam:0000000000000000, TLSCap:0
[2023-11-06T11:27:23.126 info Netsdk:63708 29588:13692 dhnetsdk.cpp:1054]Leave CLIENT_LoginWithHighLevelSecurity. error:0, login ID:1623947856.
[2023-11-06T11:27:23.130 info Netsdk:63708 29588:13692 dhnetsdk.cpp:8181]Enter CLIENT_QueryDevState. [lLoginID=1623947856, nType=4, pBuf=000000D22A59B160, nBufLen=3076, pRetLen=000000D22A59C9B4, waittime=3000.]
[2023-11-06T11:27:23.137 info Netsdk:63708 15980:33108 dhnetsdk.cpp:1054]Leave CLIENT_LoginWithHighLevelSecurity. error:0, login ID:1236890160.
[2023-11-06T11:27:23.143 info Netsdk:63708 15980:33108 dhnetsdk.cpp:8181]Enter CLIENT_QueryDevState. [lLoginID=1236890160, nType=82, pBuf=000000301D0FB8B8, nBufLen=60, pRetLen=000000301D0FB894, waittime=1000.]
[2023-11-06T11:27:23.145 info Netsdk:63708 29588:13692 dhnetsdk.cpp:8205]Leave CLIENT_QueryDevState.ret:1.
[2023-11-06T11:27:23.250 info Netsdk:63708 15980:33108 dhnetsdk.cpp:8205]Leave CLIENT_QueryDevState.ret:1.
[2023-11-06T11:27:23.252 info Netsdk:63708 15980:33108 dhnetsdk.cpp:1288]Enter CLIENT_RealPlayEx. lLoginID:1236890160. nChannelID:0. rType:0
[2023-11-06T11:27:23.439 error Netsdk:63708 15980:33108 Generation2ProtocolSecureTransmit.cpp:661]Not find
[2023-11-06T11:27:23.439 info Netsdk:63708 15980:33108 DevConfigEx.cpp:11689]IN SetupSession PORT=0 and PORT: 37777
[2023-11-06T11:27:23.491 info Netsdk:63708 15980:33108 dhnetsdk.cpp:1354]Leave CLIENT_RealPlayEx. ret:1308469216
[2023-11-06T11:27:57.913 info Netsdk:63708 15980:33108 dhnetsdk.cpp:2090]Enter CLIENT_StopRealPlayEx. lRealHandle:1308469216.
[2023-11-06T11:27:57.913 error Netsdk:63708 29588:13692 TPTCPClient.cpp:723]Device is not online, ip:218.240.128.210
[2023-11-06T11:27:57.913 info Netsdk:63708 29588:13692 dhnetsdk.cpp:1097]Leave CLIENT_Logout. ret:1
[2023-11-06T11:27:57.922 info Netsdk:63708 15980:33108 dhnetsdk.cpp:2104]Leave CLIENT_StopRealPlayEx. ret:1
[2023-11-06T11:27:57.922 info Netsdk:63708 15980:33108 dhnetsdk.cpp:1075]Enter CLIENT_Logout. lLoginID:1236890160.
[2023-11-06T11:27:57.922 error Netsdk:63708 15980:33108 TPTCPClient.cpp:723]Device is not online, ip:218.240.128.210
[2023-11-06T11:27:57.922 info Netsdk:63708 15980:33108 dhnetsdk.cpp:1097]Leave CLIENT_Logout. ret:1
Begin Time:2023-11-06T11:27:59.897
[2023-11-06T11:27:59.897 info Netsdk:63708 26060:22648 AVNetSDKMgr.cpp:504]Load avnetsdk library dynamically
[2023-11-06T11:27:59.899 info Netsdk:63708 26060:22648 AVNetSDKMgr.cpp:549]avnetsdk module handle: 0000020FBF650000

[2023-11-06T11:27:59.899 info Netsdk:63708 26060:22648 AVNetSDKMgr.cpp:823]Load configsdk dynamically
[2023-11-06T11:27:59.900 info Netsdk:63708 26060:22648 dhnetsdk.cpp:302]Enter CLIENT_SetAutoReconnect:[cbAutoConnect=00007FF75C999DA8, dwUser=0000001F9C0FCCB0].
[2023-11-06T11:27:59.900 info Netsdk:63708 26060:22648 dhnetsdk.cpp:304]Leave CLIENT_SetAutoReconnect.
Begin Time:2023-11-06T11:27:59.907
[2023-11-06T11:27:59.907 info Netsdk:63708 2960:36952 AVNetSDKMgr.cpp:504]Load avnetsdk library dynamically
[2023-11-06T11:27:59.910 info Netsdk:63708 26060:22648 dhnetsdk.cpp:991]Enter CLIENT_LoginWithHighLevelSecurity. pstInParam:0000001F9C0FB140, pstOutParam:0000001F9C0FB240.
[2023-11-06T11:27:59.910 info Netsdk:63708 26060:22648 dhnetsdk.cpp:1007]IP:218.240.128.210, port:37777, SpeCap:0, CapParam:0000000000000000, TLSCap:0
[2023-11-06T11:27:59.922 info Netsdk:63708 2960:36952 AVNetSDKMgr.cpp:549]avnetsdk module handle: 000001E7D4350000

[2023-11-06T11:27:59.922 info Netsdk:63708 2960:36952 AVNetSDKMgr.cpp:823]Load configsdk dynamically
[2023-11-06T11:27:59.925 info Netsdk:63708 2960:36952 dhnetsdk.cpp:352]Enter CLIENT_SetNetworkParam:[nWaittime=0, nConnectTime=0, nConnectTryNum=2, nSubConnectSpaceTime=0, nGetDevInfoTime=3000, nConnectBufSize=0, nGetConnInfoTime=0, nSearchRecordTime=0, nsubDisconnetTime=0, byNetType=0, byPlaybackBufSize=0, bDetectDisconnTime=0, bKeepLifeInterval=0, nPicBufSize=0].
[2023-11-06T11:27:59.925 info Netsdk:63708 2960:36952 dhnetsdk.cpp:367]Leave CLIENT_SetNetworkParam.
[2023-11-06T11:27:59.925 info Netsdk:63708 2960:36952 dhnetsdk.cpp:302]Enter CLIENT_SetAutoReconnect:[cbAutoConnect=00007FF766D99CA4, dwUser=0000005739CFE550].
[2023-11-06T11:27:59.925 info Netsdk:63708 2960:36952 dhnetsdk.cpp:304]Leave CLIENT_SetAutoReconnect.
[2023-11-06T11:27:59.957 info Netsdk:63708 2960:36952 dhnetsdk.cpp:991]Enter CLIENT_LoginWithHighLevelSecurity. pstInParam:0000005739CFCAC0, pstOutParam:0000005739CFCBC0.
[2023-11-06T11:27:59.959 info Netsdk:63708 2960:36952 dhnetsdk.cpp:1007]IP:218.240.128.210, port:37777, SpeCap:0, CapParam:0000000000000000, TLSCap:0
[2023-11-06T11:28:00.164 info Netsdk:63708 2960:36952 dhnetsdk.cpp:1054]Leave CLIENT_LoginWithHighLevelSecurity. error:0, login ID:-784501168.
[2023-11-06T11:28:00.165 info Netsdk:63708 2960:36952 dhnetsdk.cpp:8181]Enter CLIENT_QueryDevState. [lLoginID=-784501168, nType=4, pBuf=0000005739CFB100, nBufLen=3076, pRetLen=0000005739CFC954, waittime=3000.]
[2023-11-06T11:28:00.183 info Netsdk:63708 26060:22648 dhnetsdk.cpp:1054]Leave CLIENT_LoginWithHighLevelSecurity. error:0, login ID:-1140428240.
[2023-11-06T11:28:00.190 info Netsdk:63708 26060:22648 dhnetsdk.cpp:8181]Enter CLIENT_QueryDevState. [lLoginID=-1140428240, nType=82, pBuf=0000001F9C0FB368, nBufLen=60, pRetLen=0000001F9C0FB344, waittime=1000.]
[2023-11-06T11:28:00.223 info Netsdk:63708 2960:36952 dhnetsdk.cpp:8205]Leave CLIENT_QueryDevState.ret:1.
[2023-11-06T11:28:00.341 info Netsdk:63708 26060:22648 dhnetsdk.cpp:8205]Leave CLIENT_QueryDevState.ret:1.
[2023-11-06T11:28:00.344 info Netsdk:63708 26060:22648 dhnetsdk.cpp:1288]Enter CLIENT_RealPlayEx. lLoginID:-1140428240. nChannelID:0. rType:0
[2023-11-06T11:28:00.698 error Netsdk:63708 26060:22648 Generation2ProtocolSecureTransmit.cpp:661]Not find
[2023-11-06T11:28:00.699 info Netsdk:63708 26060:22648 DevConfigEx.cpp:11689]IN SetupSession PORT=0 and PORT: 37777
[2023-11-06T11:28:00.772 info Netsdk:63708 26060:22648 dhnetsdk.cpp:1354]Leave CLIENT_RealPlayEx. ret:-1140407072
Begin Time:2023-11-06T11:28:16.471
[2023-11-06T11:28:16.471 info Netsdk:63708 13724:19372 AVNetSDKMgr.cpp:504]Load avnetsdk library dynamically
[2023-11-06T11:28:16.495 info Netsdk:63708 13724:19372 AVNetSDKMgr.cpp:549]avnetsdk module handle: 000001DA21F50000

[2023-11-06T11:28:16.495 info Netsdk:63708 13724:19372 AVNetSDKMgr.cpp:823]Load configsdk dynamically
[2023-11-06T11:28:16.502 info Netsdk:63708 13724:19372 dhnetsdk.cpp:352]Enter CLIENT_SetNetworkParam:[nWaittime=0, nConnectTime=0, nConnectTryNum=2, nSubConnectSpaceTime=0, nGetDevInfoTime=3000, nConnectBufSize=0, nGetConnInfoTime=0, nSearchRecordTime=0, nsubDisconnetTime=0, byNetType=0, byPlaybackBufSize=0, bDetectDisconnTime=0, bKeepLifeInterval=0, nPicBufSize=0].
[2023-11-06T11:28:16.502 info Netsdk:63708 13724:19372 dhnetsdk.cpp:367]Leave CLIENT_SetNetworkParam.
[2023-11-06T11:28:16.502 info Netsdk:63708 13724:19372 dhnetsdk.cpp:302]Enter CLIENT_SetAutoReconnect:[cbAutoConnect=00007FF766D99CA4, dwUser=000000A0410FE8A0].
[2023-11-06T11:28:16.502 info Netsdk:63708 13724:19372 dhnetsdk.cpp:304]Leave CLIENT_SetAutoReconnect.
[2023-11-06T11:28:16.579 info Netsdk:63708 13724:19372 dhnetsdk.cpp:991]Enter CLIENT_LoginWithHighLevelSecurity. pstInParam:000000A0410FCE10, pstOutParam:000000A0410FCF10.
[2023-11-06T11:28:16.579 info Netsdk:63708 13724:19372 dhnetsdk.cpp:1007]IP:218.240.128.210, port:37777, SpeCap:0, CapParam:0000000000000000, TLSCap:0
[2023-11-06T11:28:16.825 info Netsdk:63708 13724:19372 dhnetsdk.cpp:1054]Leave CLIENT_LoginWithHighLevelSecurity. error:0, login ID:512722672.
[2023-11-06T11:28:16.827 info Netsdk:63708 13724:19372 dhnetsdk.cpp:8181]Enter CLIENT_QueryDevState. [lLoginID=512722672, nType=4, pBuf=000000A0410FB450, nBufLen=3076, pRetLen=000000A0410FCCA4, waittime=3000.]
[2023-11-06T11:28:16.850 info Netsdk:63708 13724:19372 dhnetsdk.cpp:8205]Leave CLIENT_QueryDevState.ret:1.
[2023-11-06T11:28:34.931 info Netsdk:63708 26060:22648 dhnetsdk.cpp:2090]Enter CLIENT_StopRealPlayEx. lRealHandle:-1140407072.
[2023-11-06T11:28:34.941 info Netsdk:63708 26060:22648 dhnetsdk.cpp:2104]Leave CLIENT_StopRealPlayEx. ret:1
[2023-11-06T11:28:34.941 info Netsdk:63708 26060:22648 dhnetsdk.cpp:1075]Enter CLIENT_Logout. lLoginID:-1140428240.
[2023-11-06T11:28:34.942 error Netsdk:63708 26060:22648 TPTCPClient.cpp:723]Device is not online, ip:218.240.128.210
[2023-11-06T11:28:34.942 info Netsdk:63708 26060:22648 dhnetsdk.cpp:1097]Leave CLIENT_Logout. ret:1
[2023-11-06T11:28:34.945 info Netsdk:63708 2960:36952 dhnetsdk.cpp:1075]Enter CLIENT_Logout. lLoginID:-784501168.
[2023-11-06T11:28:34.946 error Netsdk:63708 2960:36952 TPTCPClient.cpp:723]Device is not online, ip:218.240.128.210
[2023-11-06T11:28:34.946 info Netsdk:63708 2960:36952 dhnetsdk.cpp:1097]Leave CLIENT_Logout. ret:1
Begin Time:2023-11-06T11:28:37.031
[2023-11-06T11:28:37.031 info Netsdk:63708 18352:9796 AVNetSDKMgr.cpp:504]Load avnetsdk library dynamically
[2023-11-06T11:28:37.054 info Netsdk:63708 18352:9796 AVNetSDKMgr.cpp:549]avnetsdk module handle: 00000138F2A70000

[2023-11-06T11:28:37.054 info Netsdk:63708 18352:9796 AVNetSDKMgr.cpp:823]Load configsdk dynamically
[2023-11-06T11:28:37.059 info Netsdk:63708 18352:9796 dhnetsdk.cpp:352]Enter CLIENT_SetNetworkParam:[nWaittime=0, nConnectTime=0, nConnectTryNum=2, nSubConnectSpaceTime=0, nGetDevInfoTime=3000, nConnectBufSize=0, nGetConnInfoTime=0, nSearchRecordTime=0, nsubDisconnetTime=0, byNetType=0, byPlaybackBufSize=0, bDetectDisconnTime=0, bKeepLifeInterval=0, nPicBufSize=0].
[2023-11-06T11:28:37.060 info Netsdk:63708 18352:9796 dhnetsdk.cpp:367]Leave CLIENT_SetNetworkParam.
[2023-11-06T11:28:37.060 info Netsdk:63708 18352:9796 dhnetsdk.cpp:302]Enter CLIENT_SetAutoReconnect:[cbAutoConnect=00007FF766D99CA4, dwUser=0000001D9555E370].
[2023-11-06T11:28:37.060 info Netsdk:63708 18352:9796 dhnetsdk.cpp:304]Leave CLIENT_SetAutoReconnect.
[2023-11-06T11:28:37.109 info Netsdk:63708 18352:9796 dhnetsdk.cpp:991]Enter CLIENT_LoginWithHighLevelSecurity. pstInParam:0000001D9555C8E0, pstOutParam:0000001D9555C9E0.
[2023-11-06T11:28:37.109 info Netsdk:63708 18352:9796 dhnetsdk.cpp:1007]IP:218.240.128.210, port:37777, SpeCap:0, CapParam:0000000000000000, TLSCap:0
[2023-11-06T11:28:37.370 info Netsdk:63708 18352:9796 dhnetsdk.cpp:1054]Leave CLIENT_LoginWithHighLevelSecurity. error:0, login ID:-243952032.
[2023-11-06T11:28:37.374 info Netsdk:63708 18352:9796 dhnetsdk.cpp:8181]Enter CLIENT_QueryDevState. [lLoginID=-243952032, nType=4, pBuf=0000001D9555AF20, nBufLen=3076, pRetLen=0000001D9555C774, waittime=3000.]
[2023-11-06T11:28:37.430 info Netsdk:63708 18352:9796 dhnetsdk.cpp:8205]Leave CLIENT_QueryDevState.ret:1.
[2023-11-06T11:29:12.089 info Netsdk:63708 18352:9796 dhnetsdk.cpp:1075]Enter CLIENT_Logout. lLoginID:-243952032.
[2023-11-06T11:29:12.090 error Netsdk:63708 18352:9796 TPTCPClient.cpp:723]Device is not online, ip:218.240.128.210
[2023-11-06T11:29:12.090 info Netsdk:63708 18352:9796 dhnetsdk.cpp:1097]Leave CLIENT_Logout. ret:1
Begin Time:2023-11-06T11:29:14.868
[2023-11-06T11:29:14.868 info Netsdk:63708 9172:17180 AVNetSDKMgr.cpp:504]Load avnetsdk library dynamically
[2023-11-06T11:29:14.886 info Netsdk:63708 9172:17180 AVNetSDKMgr.cpp:549]avnetsdk module handle: 000001277A010000

[2023-11-06T11:29:14.887 info Netsdk:63708 9172:17180 AVNetSDKMgr.cpp:823]Load configsdk dynamically
[2023-11-06T11:29:14.890 info Netsdk:63708 9172:17180 dhnetsdk.cpp:352]Enter CLIENT_SetNetworkParam:[nWaittime=0, nConnectTime=0, nConnectTryNum=2, nSubConnectSpaceTime=0, nGetDevInfoTime=3000, nConnectBufSize=0, nGetConnInfoTime=0, nSearchRecordTime=0, nsubDisconnetTime=0, byNetType=0, byPlaybackBufSize=0, bDetectDisconnTime=0, bKeepLifeInterval=0, nPicBufSize=0].
[2023-11-06T11:29:14.890 info Netsdk:63708 9172:17180 dhnetsdk.cpp:367]Leave CLIENT_SetNetworkParam.
[2023-11-06T11:29:14.890 info Netsdk:63708 9172:17180 dhnetsdk.cpp:302]Enter CLIENT_SetAutoReconnect:[cbAutoConnect=00007FF766D99CA4, dwUser=00000001000FE450].
[2023-11-06T11:29:14.890 info Netsdk:63708 9172:17180 dhnetsdk.cpp:304]Leave CLIENT_SetAutoReconnect.
[2023-11-06T11:29:14.932 info Netsdk:63708 9172:17180 dhnetsdk.cpp:991]Enter CLIENT_LoginWithHighLevelSecurity. pstInParam:00000001000FC9C0, pstOutParam:00000001000FCAC0.
[2023-11-06T11:29:14.932 info Netsdk:63708 9172:17180 dhnetsdk.cpp:1007]IP:218.240.128.210, port:37777, SpeCap:0, CapParam:0000000000000000, TLSCap:0
[2023-11-06T11:29:15.229 info Netsdk:63708 9172:17180 dhnetsdk.cpp:1054]Leave CLIENT_LoginWithHighLevelSecurity. error:0, login ID:2000321104.
[2023-11-06T11:29:15.233 info Netsdk:63708 9172:17180 dhnetsdk.cpp:8181]Enter CLIENT_QueryDevState. [lLoginID=2000321104, nType=4, pBuf=00000001000FB000, nBufLen=3076, pRetLen=00000001000FC854, waittime=3000.]
[2023-11-06T11:29:15.245 info Netsdk:63708 9172:17180 dhnetsdk.cpp:8205]Leave CLIENT_QueryDevState.ret:1.
Begin Time:2023-11-06T11:29:50.628
[2023-11-06T11:29:50.628 info Netsdk:63708 28312:30544 AVNetSDKMgr.cpp:504]Load avnetsdk library dynamically
[2023-11-06T11:29:50.658 info Netsdk:63708 28312:30544 AVNetSDKMgr.cpp:549]avnetsdk module handle: 000001DFF4600000

[2023-11-06T11:29:50.658 info Netsdk:63708 28312:30544 AVNetSDKMgr.cpp:823]Load configsdk dynamically
[2023-11-06T11:29:50.664 info Netsdk:63708 28312:30544 dhnetsdk.cpp:352]Enter CLIENT_SetNetworkParam:[nWaittime=0, nConnectTime=0, nConnectTryNum=2, nSubConnectSpaceTime=0, nGetDevInfoTime=3000, nConnectBufSize=0, nGetConnInfoTime=0, nSearchRecordTime=0, nsubDisconnetTime=0, byNetType=0, byPlaybackBufSize=0, bDetectDisconnTime=0, bKeepLifeInterval=0, nPicBufSize=0].
[2023-11-06T11:29:50.664 info Netsdk:63708 28312:30544 dhnetsdk.cpp:367]Leave CLIENT_SetNetworkParam.
[2023-11-06T11:29:50.664 info Netsdk:63708 28312:30544 dhnetsdk.cpp:302]Enter CLIENT_SetAutoReconnect:[cbAutoConnect=00007FF766D99CA4, dwUser=000000451931E8A0].
[2023-11-06T11:29:50.664 info Netsdk:63708 28312:30544 dhnetsdk.cpp:304]Leave CLIENT_SetAutoReconnect.
Begin Time:2023-11-06T11:29:50.686
[2023-11-06T11:29:50.686 info Netsdk:63708 26236:24596 AVNetSDKMgr.cpp:504]Load avnetsdk library dynamically
[2023-11-06T11:29:50.690 info Netsdk:63708 26236:24596 AVNetSDKMgr.cpp:549]avnetsdk module handle: 0000023E2A9D0000

[2023-11-06T11:29:50.690 info Netsdk:63708 26236:24596 AVNetSDKMgr.cpp:823]Load configsdk dynamically
[2023-11-06T11:29:50.692 info Netsdk:63708 26236:24596 dhnetsdk.cpp:302]Enter CLIENT_SetAutoReconnect:[cbAutoConnect=00007FF75C999DA8, dwUser=000000754F78D1A0].
[2023-11-06T11:29:50.692 info Netsdk:63708 26236:24596 dhnetsdk.cpp:304]Leave CLIENT_SetAutoReconnect.
[2023-11-06T11:29:50.728 info Netsdk:63708 26236:24596 dhnetsdk.cpp:991]Enter CLIENT_LoginWithHighLevelSecurity. pstInParam:000000754F78B630, pstOutParam:000000754F78B730.
[2023-11-06T11:29:50.729 info Netsdk:63708 26236:24596 dhnetsdk.cpp:1007]IP:218.240.128.210, port:37777, SpeCap:0, CapParam:0000000000000000, TLSCap:0
[2023-11-06T11:29:50.755 info Netsdk:63708 28312:30544 dhnetsdk.cpp:991]Enter CLIENT_LoginWithHighLevelSecurity. pstInParam:000000451931CE10, pstOutParam:000000451931CF10.
[2023-11-06T11:29:50.756 info Netsdk:63708 28312:30544 dhnetsdk.cpp:1007]IP:218.240.128.210, port:37777, SpeCap:0, CapParam:0000000000000000, TLSCap:0
[2023-11-06T11:29:50.878 info Netsdk:63708 26236:24596 dhnetsdk.cpp:1054]Leave CLIENT_LoginWithHighLevelSecurity. error:0, login ID:625239744.
[2023-11-06T11:29:50.886 info Netsdk:63708 26236:24596 dhnetsdk.cpp:8181]Enter CLIENT_QueryDevState. [lLoginID=625239744, nType=82, pBuf=000000754F78B858, nBufLen=60, pRetLen=000000754F78B834, waittime=1000.]
[2023-11-06T11:29:50.928 info Netsdk:63708 28312:30544 dhnetsdk.cpp:1054]Leave CLIENT_LoginWithHighLevelSecurity. error:0, login ID:-251419360.
[2023-11-06T11:29:50.933 info Netsdk:63708 28312:30544 dhnetsdk.cpp:8181]Enter CLIENT_QueryDevState. [lLoginID=-251419360, nType=4, pBuf=000000451931B450, nBufLen=3076, pRetLen=000000451931CCA4, waittime=3000.]
[2023-11-06T11:29:50.944 info Netsdk:63708 28312:30544 dhnetsdk.cpp:8205]Leave CLIENT_QueryDevState.ret:1.
[2023-11-06T11:29:50.987 info Netsdk:63708 26236:24596 dhnetsdk.cpp:8205]Leave CLIENT_QueryDevState.ret:1.
[2023-11-06T11:29:50.991 info Netsdk:63708 26236:24596 dhnetsdk.cpp:1288]Enter CLIENT_RealPlayEx. lLoginID:625239744. nChannelID:0. rType:0
[2023-11-06T11:29:51.158 error Netsdk:63708 26236:24596 Generation2ProtocolSecureTransmit.cpp:661]Not find
[2023-11-06T11:29:51.159 info Netsdk:63708 26236:24596 DevConfigEx.cpp:11689]IN SetupSession PORT=0 and PORT: 37777
[2023-11-06T11:29:51.229 info Netsdk:63708 26236:24596 dhnetsdk.cpp:1354]Leave CLIENT_RealPlayEx. ret:625261664
[2023-11-06T11:30:16.291 info Netsdk:63708 28312:30544 dhnetsdk.cpp:8113]Enter CLIENT_ControlDevice. [lLoginID=-251419360, type=12, param=0000000000000000, waittime=3000.]
[2023-11-06T11:30:16.291 info Netsdk:63708 28312:30544 dhnetsdk.cpp:8136]Leave CLIENT_ControlDevice.ret:1.
[2023-11-06T11:30:52.219 error Netsdk:63708 26236:23872 TcpSocket.cpp:864]Heartbeat failed, second:60
[2023-11-06T11:31:02.832 info Netsdk:63708 26236:24596 dhnetsdk.cpp:2090]Enter CLIENT_StopRealPlayEx. lRealHandle:625261664.
[2023-11-06T11:31:02.832 info Netsdk:63708 28312:30544 dhnetsdk.cpp:1075]Enter CLIENT_Logout. lLoginID:-251419360.
[2023-11-06T11:31:02.832 error Netsdk:63708 28312:30544 TPTCPClient.cpp:723]Device is not online, ip:218.240.128.210
[2023-11-06T11:31:02.832 info Netsdk:63708 28312:30544 dhnetsdk.cpp:1097]Leave CLIENT_Logout. ret:1
[2023-11-06T11:31:02.838 info Netsdk:63708 26236:24596 dhnetsdk.cpp:2104]Leave CLIENT_StopRealPlayEx. ret:1
[2023-11-06T11:31:02.838 info Netsdk:63708 26236:24596 dhnetsdk.cpp:1075]Enter CLIENT_Logout. lLoginID:625239744.
[2023-11-06T11:31:02.838 error Netsdk:63708 26236:24596 TPTCPClient.cpp:723]Device is not online, ip:218.240.128.210
[2023-11-06T11:31:02.838 info Netsdk:63708 26236:24596 dhnetsdk.cpp:1097]Leave CLIENT_Logout. ret:1
Begin Time:2023-11-06T11:31:49.512
[2023-11-06T11:31:49.512 info Netsdk:63708 584:23012 AVNetSDKMgr.cpp:504]Load avnetsdk library dynamically
[2023-11-06T11:31:49.514 info Netsdk:63708 584:23012 AVNetSDKMgr.cpp:549]avnetsdk module handle: 0000026A7D5A0000

[2023-11-06T11:31:49.514 info Netsdk:63708 584:23012 AVNetSDKMgr.cpp:823]Load configsdk dynamically
[2023-11-06T11:31:49.515 info Netsdk:63708 584:23012 dhnetsdk.cpp:302]Enter CLIENT_SetAutoReconnect:[cbAutoConnect=00007FF75C999DA8, dwUser=000000781A6FCD70].
[2023-11-06T11:31:49.515 info Netsdk:63708 584:23012 dhnetsdk.cpp:304]Leave CLIENT_SetAutoReconnect.
[2023-11-06T11:31:49.523 info Netsdk:63708 584:23012 dhnetsdk.cpp:991]Enter CLIENT_LoginWithHighLevelSecurity. pstInParam:000000781A6FB200, pstOutParam:000000781A6FB300.
[2023-11-06T11:31:49.523 info Netsdk:63708 584:23012 dhnetsdk.cpp:1007]IP:218.240.128.210, port:37777, SpeCap:0, CapParam:0000000000000000, TLSCap:0
Begin Time:2023-11-06T11:31:49.532
[2023-11-06T11:31:49.532 info Netsdk:63708 25260:23320 AVNetSDKMgr.cpp:504]Load avnetsdk library dynamically
[2023-11-06T11:31:49.543 info Netsdk:63708 25260:23320 AVNetSDKMgr.cpp:549]avnetsdk module handle: 0000027C86120000

[2023-11-06T11:31:49.543 info Netsdk:63708 25260:23320 AVNetSDKMgr.cpp:823]Load configsdk dynamically
[2023-11-06T11:31:49.546 info Netsdk:63708 25260:23320 dhnetsdk.cpp:352]Enter CLIENT_SetNetworkParam:[nWaittime=0, nConnectTime=0, nConnectTryNum=2, nSubConnectSpaceTime=0, nGetDevInfoTime=3000, nConnectBufSize=0, nGetConnInfoTime=0, nSearchRecordTime=0, nsubDisconnetTime=0, byNetType=0, byPlaybackBufSize=0, bDetectDisconnTime=0, bKeepLifeInterval=0, nPicBufSize=0].
[2023-11-06T11:31:49.546 info Netsdk:63708 25260:23320 dhnetsdk.cpp:367]Leave CLIENT_SetNetworkParam.
[2023-11-06T11:31:49.546 info Netsdk:63708 25260:23320 dhnetsdk.cpp:302]Enter CLIENT_SetAutoReconnect:[cbAutoConnect=00007FF766D99CA4, dwUser=000000843DAFE530].
[2023-11-06T11:31:49.546 info Netsdk:63708 25260:23320 dhnetsdk.cpp:304]Leave CLIENT_SetAutoReconnect.
[2023-11-06T11:31:49.575 info Netsdk:63708 25260:23320 dhnetsdk.cpp:991]Enter CLIENT_LoginWithHighLevelSecurity. pstInParam:000000843DAFCAA0, pstOutParam:000000843DAFCBA0.
[2023-11-06T11:31:49.575 info Netsdk:63708 25260:23320 dhnetsdk.cpp:1007]IP:218.240.128.210, port:37777, SpeCap:0, CapParam:0000000000000000, TLSCap:0
[2023-11-06T11:31:49.765 info Netsdk:63708 584:23012 dhnetsdk.cpp:1054]Leave CLIENT_LoginWithHighLevelSecurity. error:0, login ID:2039311360.
[2023-11-06T11:31:49.770 info Netsdk:63708 584:23012 dhnetsdk.cpp:8181]Enter CLIENT_QueryDevState. [lLoginID=2039311360, nType=82, pBuf=000000781A6FB428, nBufLen=60, pRetLen=000000781A6FB404, waittime=1000.]
[2023-11-06T11:31:49.848 info Netsdk:63708 25260:23320 dhnetsdk.cpp:1054]Leave CLIENT_LoginWithHighLevelSecurity. error:0, login ID:-2103413168.
[2023-11-06T11:31:49.850 info Netsdk:63708 25260:23320 dhnetsdk.cpp:8181]Enter CLIENT_QueryDevState. [lLoginID=-2103413168, nType=4, pBuf=000000843DAFB0E0, nBufLen=3076, pRetLen=000000843DAFC934, waittime=3000.]
[2023-11-06T11:31:49.863 info Netsdk:63708 25260:23320 dhnetsdk.cpp:8205]Leave CLIENT_QueryDevState.ret:1.
[2023-11-06T11:31:49.886 info Netsdk:63708 584:23012 dhnetsdk.cpp:8205]Leave CLIENT_QueryDevState.ret:1.
[2023-11-06T11:31:49.888 info Netsdk:63708 584:23012 dhnetsdk.cpp:1288]Enter CLIENT_RealPlayEx. lLoginID:2039311360. nChannelID:0. rType:0
[2023-11-06T11:31:50.078 error Netsdk:63708 584:23012 Generation2ProtocolSecureTransmit.cpp:661]Not find
[2023-11-06T11:31:50.078 info Netsdk:63708 584:23012 DevConfigEx.cpp:11689]IN SetupSession PORT=0 and PORT: 37777
[2023-11-06T11:31:50.133 info Netsdk:63708 584:23012 dhnetsdk.cpp:1354]Leave CLIENT_RealPlayEx. ret:2108860640
[2023-11-06T11:32:16.301 info Netsdk:63708 25260:23320 dhnetsdk.cpp:8113]Enter CLIENT_ControlDevice. [lLoginID=-2103413168, type=12, param=0000000000000000, waittime=3000.]
[2023-11-06T11:32:16.301 info Netsdk:63708 25260:23320 dhnetsdk.cpp:8136]Leave CLIENT_ControlDevice.ret:1.
[2023-11-06T11:32:51.062 error Netsdk:63708 584:17988 TcpSocket.cpp:864]Heartbeat failed, second:60
[2023-11-06T11:33:55.131 error Netsdk:63708 584:17988 TcpSocket.cpp:864]Heartbeat failed, second:60
[2023-11-06T11:34:59.190 error Netsdk:63708 584:17988 TcpSocket.cpp:864]Heartbeat failed, second:60
[2023-11-06T11:35:01.245 error Netsdk:63708 584:3332 TPIOCPMultiplexer.cpp:161]iocp disconnected by remote host or something:GetLastError:997
Begin Time:2023-11-06T11:37:46.729
[2023-11-06T11:37:46.729 info Netsdk:63708 24600:27724 AVNetSDKMgr.cpp:504]Load avnetsdk library dynamically
Begin Time:2023-11-06T11:37:46.735
[2023-11-06T11:37:46.735 info Netsdk:63708 36868:35420 AVNetSDKMgr.cpp:504]Load avnetsdk library dynamically
[2023-11-06T11:37:46.737 info Netsdk:63708 36868:35420 AVNetSDKMgr.cpp:549]avnetsdk module handle: 00000154B2700000

[2023-11-06T11:37:46.737 info Netsdk:63708 36868:35420 AVNetSDKMgr.cpp:823]Load configsdk dynamically
[2023-11-06T11:37:46.739 info Netsdk:63708 36868:35420 dhnetsdk.cpp:302]Enter CLIENT_SetAutoReconnect:[cbAutoConnect=00007FF75C999DA8, dwUser=0000002C82EFCAE0].
[2023-11-06T11:37:46.739 info Netsdk:63708 36868:35420 dhnetsdk.cpp:304]Leave CLIENT_SetAutoReconnect.
[2023-11-06T11:37:46.741 info Netsdk:63708 24600:27724 AVNetSDKMgr.cpp:549]avnetsdk module handle: 000001D814150000

[2023-11-06T11:37:46.741 info Netsdk:63708 24600:27724 AVNetSDKMgr.cpp:823]Load configsdk dynamically
[2023-11-06T11:37:46.743 info Netsdk:63708 24600:27724 dhnetsdk.cpp:352]Enter CLIENT_SetNetworkParam:[nWaittime=0, nConnectTime=0, nConnectTryNum=2, nSubConnectSpaceTime=0, nGetDevInfoTime=3000, nConnectBufSize=0, nGetConnInfoTime=0, nSearchRecordTime=0, nsubDisconnetTime=0, byNetType=0, byPlaybackBufSize=0, bDetectDisconnTime=0, bKeepLifeInterval=0, nPicBufSize=0].
[2023-11-06T11:37:46.743 info Netsdk:63708 24600:27724 dhnetsdk.cpp:367]Leave CLIENT_SetNetworkParam.
[2023-11-06T11:37:46.743 info Netsdk:63708 24600:27724 dhnetsdk.cpp:302]Enter CLIENT_SetAutoReconnect:[cbAutoConnect=00007FF766D99CA4, dwUser=00000069E8D6E990].
[2023-11-06T11:37:46.743 info Netsdk:63708 24600:27724 dhnetsdk.cpp:304]Leave CLIENT_SetAutoReconnect.
[2023-11-06T11:37:46.749 info Netsdk:63708 36868:35420 dhnetsdk.cpp:991]Enter CLIENT_LoginWithHighLevelSecurity. pstInParam:0000002C82EFAF70, pstOutParam:0000002C82EFB070.
[2023-11-06T11:37:46.749 info Netsdk:63708 36868:35420 dhnetsdk.cpp:1007]IP:218.240.128.210, port:37777, SpeCap:0, CapParam:0000000000000000, TLSCap:0
[2023-11-06T11:37:46.773 info Netsdk:63708 24600:27724 dhnetsdk.cpp:991]Enter CLIENT_LoginWithHighLevelSecurity. pstInParam:00000069E8D6CF00, pstOutParam:00000069E8D6D000.
[2023-11-06T11:37:46.773 info Netsdk:63708 24600:27724 dhnetsdk.cpp:1007]IP:218.240.128.210, port:37777, SpeCap:0, CapParam:0000000000000000, TLSCap:0
[2023-11-06T11:37:47.014 info Netsdk:63708 36868:35420 dhnetsdk.cpp:1054]Leave CLIENT_LoginWithHighLevelSecurity. error:0, login ID:-1364628320.
[2023-11-06T11:37:47.030 info Netsdk:63708 36868:35420 dhnetsdk.cpp:8181]Enter CLIENT_QueryDevState. [lLoginID=-1364628320, nType=82, pBuf=0000002C82EFB198, nBufLen=60, pRetLen=0000002C82EFB174, waittime=1000.]
[2023-11-06T11:37:47.068 info Netsdk:63708 24600:27724 dhnetsdk.cpp:1054]Leave CLIENT_LoginWithHighLevelSecurity. error:0, login ID:279148112.
[2023-11-06T11:37:47.071 info Netsdk:63708 24600:27724 dhnetsdk.cpp:8181]Enter CLIENT_QueryDevState. [lLoginID=279148112, nType=4, pBuf=00000069E8D6B540, nBufLen=3076, pRetLen=00000069E8D6CD94, waittime=3000.]
[2023-11-06T11:37:47.091 info Netsdk:63708 24600:27724 dhnetsdk.cpp:8205]Leave CLIENT_QueryDevState.ret:1.
[2023-11-06T11:37:47.155 info Netsdk:63708 36868:35420 dhnetsdk.cpp:8205]Leave CLIENT_QueryDevState.ret:1.
[2023-11-06T11:37:47.157 info Netsdk:63708 36868:35420 dhnetsdk.cpp:1288]Enter CLIENT_RealPlayEx. lLoginID:-1364628320. nChannelID:0. rType:0
[2023-11-06T11:37:47.354 error Netsdk:63708 36868:35420 Generation2ProtocolSecureTransmit.cpp:661]Not find
[2023-11-06T11:37:47.354 info Netsdk:63708 36868:35420 DevConfigEx.cpp:11689]IN SetupSession PORT=0 and PORT: 37777
[2023-11-06T11:37:47.416 info Netsdk:63708 36868:35420 dhnetsdk.cpp:1354]Leave CLIENT_RealPlayEx. ret:-1295676496
Begin Time:2023-11-06T11:39:02.586
[2023-11-06T11:39:02.586 info Netsdk:63708 5524:5336 AVNetSDKMgr.cpp:504]Load avnetsdk library dynamically
[2023-11-06T11:39:02.609 info Netsdk:63708 5524:5336 AVNetSDKMgr.cpp:549]avnetsdk module handle: 0000024508E30000

[2023-11-06T11:39:02.609 info Netsdk:63708 5524:5336 AVNetSDKMgr.cpp:823]Load configsdk dynamically
[2023-11-06T11:39:02.614 info Netsdk:63708 5524:5336 dhnetsdk.cpp:352]Enter CLIENT_SetNetworkParam:[nWaittime=0, nConnectTime=0, nConnectTryNum=2, nSubConnectSpaceTime=0, nGetDevInfoTime=3000, nConnectBufSize=0, nGetConnInfoTime=0, nSearchRecordTime=0, nsubDisconnetTime=0, byNetType=0, byPlaybackBufSize=0, bDetectDisconnTime=0, bKeepLifeInterval=0, nPicBufSize=0].
[2023-11-06T11:39:02.614 info Netsdk:63708 5524:5336 dhnetsdk.cpp:367]Leave CLIENT_SetNetworkParam.
[2023-11-06T11:39:02.614 info Netsdk:63708 5524:5336 dhnetsdk.cpp:302]Enter CLIENT_SetAutoReconnect:[cbAutoConnect=00007FF766D99CA4, dwUser=0000004B950FEA80].
[2023-11-06T11:39:02.614 info Netsdk:63708 5524:5336 dhnetsdk.cpp:304]Leave CLIENT_SetAutoReconnect.
Begin Time:2023-11-06T11:39:02.634
[2023-11-06T11:39:02.634 info Netsdk:63708 7172:34564 AVNetSDKMgr.cpp:504]Load avnetsdk library dynamically
[2023-11-06T11:39:02.638 info Netsdk:63708 7172:34564 AVNetSDKMgr.cpp:549]avnetsdk module handle: 000001FD38F50000

[2023-11-06T11:39:02.638 info Netsdk:63708 7172:34564 AVNetSDKMgr.cpp:823]Load configsdk dynamically
[2023-11-06T11:39:02.641 info Netsdk:63708 7172:34564 dhnetsdk.cpp:302]Enter CLIENT_SetAutoReconnect:[cbAutoConnect=00007FF75C999DA8, dwUser=0000005E2C3DCB10].
[2023-11-06T11:39:02.641 info Netsdk:63708 7172:34564 dhnetsdk.cpp:304]Leave CLIENT_SetAutoReconnect.
[2023-11-06T11:39:02.698 info Netsdk:63708 7172:34564 dhnetsdk.cpp:991]Enter CLIENT_LoginWithHighLevelSecurity. pstInParam:0000005E2C3DAFA0, pstOutParam:0000005E2C3DB0A0.
[2023-11-06T11:39:02.698 info Netsdk:63708 7172:34564 dhnetsdk.cpp:1007]IP:218.240.128.210, port:37777, SpeCap:0, CapParam:0000000000000000, TLSCap:0
[2023-11-06T11:39:02.720 info Netsdk:63708 5524:5336 dhnetsdk.cpp:991]Enter CLIENT_LoginWithHighLevelSecurity. pstInParam:0000004B950FCFF0, pstOutParam:0000004B950FD0F0.
[2023-11-06T11:39:02.720 info Netsdk:63708 5524:5336 dhnetsdk.cpp:1007]IP:218.240.128.210, port:37777, SpeCap:0, CapParam:0000000000000000, TLSCap:0
[2023-11-06T11:39:02.971 info Netsdk:63708 5524:5336 dhnetsdk.cpp:1054]Leave CLIENT_LoginWithHighLevelSecurity. error:0, login ID:91846224.
[2023-11-06T11:39:02.976 info Netsdk:63708 5524:5336 dhnetsdk.cpp:8181]Enter CLIENT_QueryDevState. [lLoginID=91846224, nType=4, pBuf=0000004B950FB630, nBufLen=3076, pRetLen=0000004B950FCE84, waittime=3000.]
[2023-11-06T11:39:02.994 info Netsdk:63708 5524:5336 dhnetsdk.cpp:8205]Leave CLIENT_QueryDevState.ret:1.
[2023-11-06T11:39:02.995 info Netsdk:63708 7172:34564 dhnetsdk.cpp:1054]Leave CLIENT_LoginWithHighLevelSecurity. error:0, login ID:890662048.
[2023-11-06T11:39:03.008 info Netsdk:63708 7172:34564 dhnetsdk.cpp:8181]Enter CLIENT_QueryDevState. [lLoginID=890662048, nType=82, pBuf=0000005E2C3DB1C8, nBufLen=60, pRetLen=0000005E2C3DB1A4, waittime=1000.]
[2023-11-06T11:39:03.088 info Netsdk:63708 7172:34564 dhnetsdk.cpp:8205]Leave CLIENT_QueryDevState.ret:1.
[2023-11-06T11:39:03.092 info Netsdk:63708 7172:34564 dhnetsdk.cpp:1288]Enter CLIENT_RealPlayEx. lLoginID:890662048. nChannelID:0. rType:0
[2023-11-06T11:39:03.298 error Netsdk:63708 7172:34564 Generation2ProtocolSecureTransmit.cpp:661]Not find
[2023-11-06T11:39:03.298 info Netsdk:63708 7172:34564 DevConfigEx.cpp:11689]IN SetupSession PORT=0 and PORT: 37777
[2023-11-06T11:39:03.381 info Netsdk:63708 7172:34564 dhnetsdk.cpp:1354]Leave CLIENT_RealPlayEx. ret:961167552
[2023-11-06T11:39:13.992 info Netsdk:63708 5524:5336 dhnetsdk.cpp:8113]Enter CLIENT_ControlDevice. [lLoginID=91846224, type=12, param=0000000000000000, waittime=3000.]
[2023-11-06T11:39:13.992 info Netsdk:63708 5524:5336 dhnetsdk.cpp:8136]Leave CLIENT_ControlDevice.ret:1.
[2023-11-06T11:40:02.614 info Netsdk:63708 5524:5336 dhnetsdk.cpp:1075]Enter CLIENT_Logout. lLoginID:91846224.
[2023-11-06T11:40:02.614 error Netsdk:63708 5524:5336 TPTCPClient.cpp:723]Device is not online, ip:218.240.128.210
[2023-11-06T11:40:02.614 info Netsdk:63708 5524:5336 dhnetsdk.cpp:1097]Leave CLIENT_Logout. ret:1
[2023-11-06T11:40:02.646 info Netsdk:63708 7172:34564 dhnetsdk.cpp:2090]Enter CLIENT_StopRealPlayEx. lRealHandle:961167552.
[2023-11-06T11:40:02.652 info Netsdk:63708 7172:34564 dhnetsdk.cpp:2104]Leave CLIENT_StopRealPlayEx. ret:1
[2023-11-06T11:40:02.652 info Netsdk:63708 7172:34564 dhnetsdk.cpp:1075]Enter CLIENT_Logout. lLoginID:890662048.
[2023-11-06T11:40:02.652 error Netsdk:63708 7172:34564 TPTCPClient.cpp:723]Device is not online, ip:218.240.128.210
[2023-11-06T11:40:02.652 info Netsdk:63708 7172:34564 dhnetsdk.cpp:1097]Leave CLIENT_Logout. ret:1
Begin Time:2023-11-06T11:40:04.416
[2023-11-06T11:40:04.416 info Netsdk:63708 14084:31464 AVNetSDKMgr.cpp:504]Load avnetsdk library dynamically
[2023-11-06T11:40:04.436 info Netsdk:63708 14084:31464 AVNetSDKMgr.cpp:549]avnetsdk module handle: 0000014201440000

[2023-11-06T11:40:04.436 info Netsdk:63708 14084:31464 AVNetSDKMgr.cpp:823]Load configsdk dynamically
[2023-11-06T11:40:04.440 info Netsdk:63708 14084:31464 dhnetsdk.cpp:352]Enter CLIENT_SetNetworkParam:[nWaittime=0, nConnectTime=0, nConnectTryNum=2, nSubConnectSpaceTime=0, nGetDevInfoTime=3000, nConnectBufSize=0, nGetConnInfoTime=0, nSearchRecordTime=0, nsubDisconnetTime=0, byNetType=0, byPlaybackBufSize=0, bDetectDisconnTime=0, bKeepLifeInterval=0, nPicBufSize=0].
[2023-11-06T11:40:04.440 info Netsdk:63708 14084:31464 dhnetsdk.cpp:367]Leave CLIENT_SetNetworkParam.
[2023-11-06T11:40:04.440 info Netsdk:63708 14084:31464 dhnetsdk.cpp:302]Enter CLIENT_SetAutoReconnect:[cbAutoConnect=00007FF766D99CA4, dwUser=00000037810FE6B0].
[2023-11-06T11:40:04.441 info Netsdk:63708 14084:31464 dhnetsdk.cpp:304]Leave CLIENT_SetAutoReconnect.
Begin Time:2023-11-06T11:40:04.447
[2023-11-06T11:40:04.448 info Netsdk:63708 15148:2956 AVNetSDKMgr.cpp:504]Load avnetsdk library dynamically
[2023-11-06T11:40:04.450 info Netsdk:63708 15148:2956 AVNetSDKMgr.cpp:549]avnetsdk module handle: 000001C681EA0000

[2023-11-06T11:40:04.450 info Netsdk:63708 15148:2956 AVNetSDKMgr.cpp:823]Load configsdk dynamically
[2023-11-06T11:40:04.452 info Netsdk:63708 15148:2956 dhnetsdk.cpp:302]Enter CLIENT_SetAutoReconnect:[cbAutoConnect=00007FF75C999DA8, dwUser=00000048B19ACB10].
[2023-11-06T11:40:04.452 info Netsdk:63708 15148:2956 dhnetsdk.cpp:304]Leave CLIENT_SetAutoReconnect.
[2023-11-06T11:40:04.470 info Netsdk:63708 15148:2956 dhnetsdk.cpp:991]Enter CLIENT_LoginWithHighLevelSecurity. pstInParam:00000048B19AAFA0, pstOutParam:00000048B19AB0A0.
[2023-11-06T11:40:04.470 info Netsdk:63708 15148:2956 dhnetsdk.cpp:1007]IP:218.240.128.210, port:37777, SpeCap:0, CapParam:0000000000000000, TLSCap:0
[2023-11-06T11:40:04.489 info Netsdk:63708 14084:31464 dhnetsdk.cpp:991]Enter CLIENT_LoginWithHighLevelSecurity. pstInParam:00000037810FCC20, pstOutParam:00000037810FCD20.
[2023-11-06T11:40:04.489 info Netsdk:63708 14084:31464 dhnetsdk.cpp:1007]IP:218.240.128.210, port:37777, SpeCap:0, CapParam:0000000000000000, TLSCap:0
[2023-11-06T11:40:04.760 info Netsdk:63708 15148:2956 dhnetsdk.cpp:1054]Leave CLIENT_LoginWithHighLevelSecurity. error:0, login ID:-31626240.
[2023-11-06T11:40:04.766 info Netsdk:63708 15148:2956 dhnetsdk.cpp:8181]Enter CLIENT_QueryDevState. [lLoginID=-31626240, nType=82, pBuf=00000048B19AB1C8, nBufLen=60, pRetLen=00000048B19AB1A4, waittime=1000.]
[2023-11-06T11:40:04.806 info Netsdk:63708 14084:31464 dhnetsdk.cpp:1054]Leave CLIENT_LoginWithHighLevelSecurity. error:0, login ID:2117367776.
[2023-11-06T11:40:04.811 info Netsdk:63708 14084:31464 dhnetsdk.cpp:8181]Enter CLIENT_QueryDevState. [lLoginID=2117367776, nType=4, pBuf=00000037810FB260, nBufLen=3076, pRetLen=00000037810FCAB4, waittime=3000.]
[2023-11-06T11:40:04.839 info Netsdk:63708 14084:31464 dhnetsdk.cpp:8205]Leave CLIENT_QueryDevState.ret:1.
[2023-11-06T11:40:04.864 info Netsdk:63708 15148:2956 dhnetsdk.cpp:8205]Leave CLIENT_QueryDevState.ret:1.
[2023-11-06T11:40:04.867 info Netsdk:63708 15148:2956 dhnetsdk.cpp:1288]Enter CLIENT_RealPlayEx. lLoginID:-31626240. nChannelID:0. rType:0
[2023-11-06T11:40:05.036 error Netsdk:63708 15148:2956 Generation2ProtocolSecureTransmit.cpp:661]Not find
[2023-11-06T11:40:05.036 info Netsdk:63708 15148:2956 DevConfigEx.cpp:11689]IN SetupSession PORT=0 and PORT: 37777
[2023-11-06T11:40:05.091 info Netsdk:63708 15148:2956 dhnetsdk.cpp:1354]Leave CLIENT_RealPlayEx. ret:-2108683872
[2023-11-06T11:40:39.437 info Netsdk:63708 14084:31464 dhnetsdk.cpp:1075]Enter CLIENT_Logout. lLoginID:2117367776.
[2023-11-06T11:40:39.437 error Netsdk:63708 14084:31464 TPTCPClient.cpp:723]Device is not online, ip:218.240.128.210
[2023-11-06T11:40:39.438 info Netsdk:63708 14084:31464 dhnetsdk.cpp:1097]Leave CLIENT_Logout. ret:1
[2023-11-06T11:40:39.469 info Netsdk:63708 15148:2956 dhnetsdk.cpp:2090]Enter CLIENT_StopRealPlayEx. lRealHandle:-2108683872.
[2023-11-06T11:40:39.479 info Netsdk:63708 15148:2956 dhnetsdk.cpp:2104]Leave CLIENT_StopRealPlayEx. ret:1
[2023-11-06T11:40:39.479 info Netsdk:63708 15148:2956 dhnetsdk.cpp:1075]Enter CLIENT_Logout. lLoginID:-31626240.
[2023-11-06T11:40:39.479 error Netsdk:63708 15148:2956 TPTCPClient.cpp:723]Device is not online, ip:218.240.128.210
[2023-11-06T11:40:39.479 info Netsdk:63708 15148:2956 dhnetsdk.cpp:1097]Leave CLIENT_Logout. ret:1
Begin Time:2023-11-06T11:40:42.345
[2023-11-06T11:40:42.345 info Netsdk:63708 26392:11732 AVNetSDKMgr.cpp:504]Load avnetsdk library dynamically
[2023-11-06T11:40:42.348 info Netsdk:63708 26392:11732 AVNetSDKMgr.cpp:549]avnetsdk module handle: 0000023AD4440000

[2023-11-06T11:40:42.348 info Netsdk:63708 26392:11732 AVNetSDKMgr.cpp:823]Load configsdk dynamically
[2023-11-06T11:40:42.350 info Netsdk:63708 26392:11732 dhnetsdk.cpp:302]Enter CLIENT_SetAutoReconnect:[cbAutoConnect=00007FF75C999DA8, dwUser=000000B26F2FCC60].
[2023-11-06T11:40:42.350 info Netsdk:63708 26392:11732 dhnetsdk.cpp:304]Leave CLIENT_SetAutoReconnect.
[2023-11-06T11:40:42.377 info Netsdk:63708 26392:11732 dhnetsdk.cpp:991]Enter CLIENT_LoginWithHighLevelSecurity. pstInParam:000000B26F2FB0F0, pstOutParam:000000B26F2FB1F0.
[2023-11-06T11:40:42.378 info Netsdk:63708 26392:11732 dhnetsdk.cpp:1007]IP:218.240.128.210, port:37777, SpeCap:0, CapParam:0000000000000000, TLSCap:0
Begin Time:2023-11-06T11:40:42.491
[2023-11-06T11:40:42.491 info Netsdk:63708 32484:26928 AVNetSDKMgr.cpp:504]Load avnetsdk library dynamically
[2023-11-06T11:40:42.507 info Netsdk:63708 32484:26928 AVNetSDKMgr.cpp:549]avnetsdk module handle: 0000020686A50000

[2023-11-06T11:40:42.508 info Netsdk:63708 32484:26928 AVNetSDKMgr.cpp:823]Load configsdk dynamically
[2023-11-06T11:40:42.512 info Netsdk:63708 32484:26928 dhnetsdk.cpp:352]Enter CLIENT_SetNetworkParam:[nWaittime=0, nConnectTime=0, nConnectTryNum=2, nSubConnectSpaceTime=0, nGetDevInfoTime=3000, nConnectBufSize=0, nGetConnInfoTime=0, nSearchRecordTime=0, nsubDisconnetTime=0, byNetType=0, byPlaybackBufSize=0, bDetectDisconnTime=0, bKeepLifeInterval=0, nPicBufSize=0].
[2023-11-06T11:40:42.512 info Netsdk:63708 32484:26928 dhnetsdk.cpp:367]Leave CLIENT_SetNetworkParam.
[2023-11-06T11:40:42.512 info Netsdk:63708 32484:26928 dhnetsdk.cpp:302]Enter CLIENT_SetAutoReconnect:[cbAutoConnect=00007FF766D99CA4, dwUser=000000CDECF9E530].
[2023-11-06T11:40:42.512 info Netsdk:63708 32484:26928 dhnetsdk.cpp:304]Leave CLIENT_SetAutoReconnect.
[2023-11-06T11:40:42.563 info Netsdk:63708 32484:26928 dhnetsdk.cpp:991]Enter CLIENT_LoginWithHighLevelSecurity. pstInParam:000000CDECF9CAA0, pstOutParam:000000CDECF9CBA0.
[2023-11-06T11:40:42.563 info Netsdk:63708 32484:26928 dhnetsdk.cpp:1007]IP:218.240.128.210, port:37777, SpeCap:0, CapParam:0000000000000000, TLSCap:0
[2023-11-06T11:40:42.709 info Netsdk:63708 26392:11732 dhnetsdk.cpp:1054]Leave CLIENT_LoginWithHighLevelSecurity. error:0, login ID:-798846400.
[2023-11-06T11:40:42.716 info Netsdk:63708 26392:11732 dhnetsdk.cpp:8181]Enter CLIENT_QueryDevState. [lLoginID=-798846400, nType=82, pBuf=000000B26F2FB318, nBufLen=60, pRetLen=000000B26F2FB2F4, waittime=1000.]
[2023-11-06T11:40:42.748 info Netsdk:63708 32484:26928 dhnetsdk.cpp:1054]Leave CLIENT_LoginWithHighLevelSecurity. error:0, login ID:-2083817904.
[2023-11-06T11:40:42.752 info Netsdk:63708 32484:26928 dhnetsdk.cpp:8181]Enter CLIENT_QueryDevState. [lLoginID=-2083817904, nType=4, pBuf=000000CDECF9B0E0, nBufLen=3076, pRetLen=000000CDECF9C934, waittime=3000.]
[2023-11-06T11:40:42.797 info Netsdk:63708 32484:26928 dhnetsdk.cpp:8205]Leave CLIENT_QueryDevState.ret:1.
[2023-11-06T11:40:42.883 info Netsdk:63708 26392:11732 dhnetsdk.cpp:8205]Leave CLIENT_QueryDevState.ret:1.
[2023-11-06T11:40:42.885 info Netsdk:63708 26392:11732 dhnetsdk.cpp:1288]Enter CLIENT_RealPlayEx. lLoginID:-798846400. nChannelID:0. rType:0
[2023-11-06T11:40:43.156 error Netsdk:63708 26392:11732 Generation2ProtocolSecureTransmit.cpp:661]Not find
[2023-11-06T11:40:43.156 info Netsdk:63708 26392:11732 DevConfigEx.cpp:11689]IN SetupSession PORT=0 and PORT: 37777
[2023-11-06T11:40:43.214 info Netsdk:63708 26392:11732 dhnetsdk.cpp:1354]Leave CLIENT_RealPlayEx. ret:-798826096
[2023-11-06T11:41:17.358 info Netsdk:63708 26392:11732 dhnetsdk.cpp:2090]Enter CLIENT_StopRealPlayEx. lRealHandle:-798826096.
[2023-11-06T11:41:17.361 info Netsdk:63708 26392:11732 dhnetsdk.cpp:2104]Leave CLIENT_StopRealPlayEx. ret:1
[2023-11-06T11:41:17.361 info Netsdk:63708 26392:11732 dhnetsdk.cpp:1075]Enter CLIENT_Logout. lLoginID:-798846400.
[2023-11-06T11:41:17.361 error Netsdk:63708 26392:11732 TPTCPClient.cpp:723]Device is not online, ip:218.240.128.210
[2023-11-06T11:41:17.362 info Netsdk:63708 26392:11732 dhnetsdk.cpp:1097]Leave CLIENT_Logout. ret:1
[2023-11-06T11:41:17.523 info Netsdk:63708 32484:26928 dhnetsdk.cpp:1075]Enter CLIENT_Logout. lLoginID:-2083817904.
[2023-11-06T11:41:17.524 error Netsdk:63708 32484:26928 TPTCPClient.cpp:723]Device is not online, ip:218.240.128.210
[2023-11-06T11:41:17.524 info Netsdk:63708 32484:26928 dhnetsdk.cpp:1097]Leave CLIENT_Logout. ret:1
Begin Time:2023-11-06T11:41:20.414
[2023-11-06T11:41:20.414 info Netsdk:63708 22640:27536 AVNetSDKMgr.cpp:504]Load avnetsdk library dynamically
[2023-11-06T11:41:20.416 info Netsdk:63708 22640:27536 AVNetSDKMgr.cpp:549]avnetsdk module handle: 000002AADE0E0000

[2023-11-06T11:41:20.416 info Netsdk:63708 22640:27536 AVNetSDKMgr.cpp:823]Load configsdk dynamically
[2023-11-06T11:41:20.418 info Netsdk:63708 22640:27536 dhnetsdk.cpp:302]Enter CLIENT_SetAutoReconnect:[cbAutoConnect=00007FF75C999DA8, dwUser=000000AED379CC50].
[2023-11-06T11:41:20.418 info Netsdk:63708 22640:27536 dhnetsdk.cpp:304]Leave CLIENT_SetAutoReconnect.
Begin Time:2023-11-06T11:41:20.426
[2023-11-06T11:41:20.426 info Netsdk:63708 15848:22484 AVNetSDKMgr.cpp:504]Load avnetsdk library dynamically
[2023-11-06T11:41:20.434 info Netsdk:63708 22640:27536 dhnetsdk.cpp:991]Enter CLIENT_LoginWithHighLevelSecurity. pstInParam:000000AED379B0E0, pstOutParam:000000AED379B1E0.
[2023-11-06T11:41:20.434 info Netsdk:63708 22640:27536 dhnetsdk.cpp:1007]IP:218.240.128.210, port:37777, SpeCap:0, CapParam:0000000000000000, TLSCap:0
[2023-11-06T11:41:20.444 info Netsdk:63708 15848:22484 AVNetSDKMgr.cpp:549]avnetsdk module handle: 000001FBC07E0000

[2023-11-06T11:41:20.445 info Netsdk:63708 15848:22484 AVNetSDKMgr.cpp:823]Load configsdk dynamically
[2023-11-06T11:41:20.448 info Netsdk:63708 15848:22484 dhnetsdk.cpp:352]Enter CLIENT_SetNetworkParam:[nWaittime=0, nConnectTime=0, nConnectTryNum=2, nSubConnectSpaceTime=0, nGetDevInfoTime=3000, nConnectBufSize=0, nGetConnInfoTime=0, nSearchRecordTime=0, nsubDisconnetTime=0, byNetType=0, byPlaybackBufSize=0, bDetectDisconnTime=0, bKeepLifeInterval=0, nPicBufSize=0].
[2023-11-06T11:41:20.449 info Netsdk:63708 15848:22484 dhnetsdk.cpp:367]Leave CLIENT_SetNetworkParam.
[2023-11-06T11:41:20.449 info Netsdk:63708 15848:22484 dhnetsdk.cpp:302]Enter CLIENT_SetAutoReconnect:[cbAutoConnect=00007FF766D99CA4, dwUser=0000008FF08FE6D0].
[2023-11-06T11:41:20.449 info Netsdk:63708 15848:22484 dhnetsdk.cpp:304]Leave CLIENT_SetAutoReconnect.
[2023-11-06T11:41:20.490 info Netsdk:63708 15848:22484 dhnetsdk.cpp:991]Enter CLIENT_LoginWithHighLevelSecurity. pstInParam:0000008FF08FCC40, pstOutParam:0000008FF08FCD40.
[2023-11-06T11:41:20.490 info Netsdk:63708 15848:22484 dhnetsdk.cpp:1007]IP:218.240.128.210, port:37777, SpeCap:0, CapParam:0000000000000000, TLSCap:0
[2023-11-06T11:41:20.700 info Netsdk:63708 15848:22484 dhnetsdk.cpp:1054]Leave CLIENT_LoginWithHighLevelSecurity. error:0, login ID:-1138264496.
[2023-11-06T11:41:20.704 info Netsdk:63708 15848:22484 dhnetsdk.cpp:8181]Enter CLIENT_QueryDevState. [lLoginID=-1138264496, nType=4, pBuf=0000008FF08FB280, nBufLen=3076, pRetLen=0000008FF08FCAD4, waittime=3000.]
[2023-11-06T11:41:20.717 info Netsdk:63708 22640:27536 dhnetsdk.cpp:1054]Leave CLIENT_LoginWithHighLevelSecurity. error:0, login ID:-634164224.
[2023-11-06T11:41:20.724 info Netsdk:63708 22640:27536 dhnetsdk.cpp:8181]Enter CLIENT_QueryDevState. [lLoginID=-634164224, nType=82, pBuf=000000AED379B308, nBufLen=60, pRetLen=000000AED379B2E4, waittime=1000.]
[2023-11-06T11:41:20.753 info Netsdk:63708 15848:22484 dhnetsdk.cpp:8205]Leave CLIENT_QueryDevState.ret:1.
[2023-11-06T11:41:20.873 info Netsdk:63708 22640:27536 dhnetsdk.cpp:8205]Leave CLIENT_QueryDevState.ret:1.
[2023-11-06T11:41:20.875 info Netsdk:63708 22640:27536 dhnetsdk.cpp:1288]Enter CLIENT_RealPlayEx. lLoginID:-634164224. nChannelID:0. rType:0
[2023-11-06T11:41:21.133 error Netsdk:63708 22640:27536 Generation2ProtocolSecureTransmit.cpp:661]Not find
[2023-11-06T11:41:21.133 info Netsdk:63708 22640:27536 DevConfigEx.cpp:11689]IN SetupSession PORT=0 and PORT: 37777
[2023-11-06T11:41:21.202 info Netsdk:63708 22640:27536 dhnetsdk.cpp:1354]Leave CLIENT_RealPlayEx. ret:-562917680
[2023-11-06T11:41:55.422 info Netsdk:63708 22640:27536 dhnetsdk.cpp:2090]Enter CLIENT_StopRealPlayEx. lRealHandle:-562917680.
[2023-11-06T11:41:55.424 info Netsdk:63708 22640:27536 dhnetsdk.cpp:2104]Leave CLIENT_StopRealPlayEx. ret:1
[2023-11-06T11:41:55.424 info Netsdk:63708 22640:27536 dhnetsdk.cpp:1075]Enter CLIENT_Logout. lLoginID:-634164224.
[2023-11-06T11:41:55.424 error Netsdk:63708 22640:27536 TPTCPClient.cpp:723]Device is not online, ip:218.240.128.210
[2023-11-06T11:41:55.424 info Netsdk:63708 22640:27536 dhnetsdk.cpp:1097]Leave CLIENT_Logout. ret:1
[2023-11-06T11:41:55.441 info Netsdk:63708 15848:22484 dhnetsdk.cpp:1075]Enter CLIENT_Logout. lLoginID:-1138264496.
[2023-11-06T11:41:55.441 error Netsdk:63708 15848:22484 TPTCPClient.cpp:723]Device is not online, ip:218.240.128.210
[2023-11-06T11:41:55.441 info Netsdk:63708 15848:22484 dhnetsdk.cpp:1097]Leave CLIENT_Logout. ret:1
Begin Time:2023-11-06T11:41:58.409
[2023-11-06T11:41:58.409 info Netsdk:63708 21688:34824 AVNetSDKMgr.cpp:504]Load avnetsdk library dynamically
Begin Time:2023-11-06T11:41:58.418
[2023-11-06T11:41:58.418 info Netsdk:63708 34088:20728 AVNetSDKMgr.cpp:504]Load avnetsdk library dynamically
[2023-11-06T11:41:58.421 info Netsdk:63708 34088:20728 AVNetSDKMgr.cpp:549]avnetsdk module handle: 000001CB4CF50000

[2023-11-06T11:41:58.421 info Netsdk:63708 34088:20728 AVNetSDKMgr.cpp:823]Load configsdk dynamically
[2023-11-06T11:41:58.422 info Netsdk:63708 34088:20728 dhnetsdk.cpp:302]Enter CLIENT_SetAutoReconnect:[cbAutoConnect=00007FF75C999DA8, dwUser=0000009D2E17D1E0].
[2023-11-06T11:41:58.422 info Netsdk:63708 34088:20728 dhnetsdk.cpp:304]Leave CLIENT_SetAutoReconnect.
[2023-11-06T11:41:58.425 info Netsdk:63708 21688:34824 AVNetSDKMgr.cpp:549]avnetsdk module handle: 0000021CE4790000

[2023-11-06T11:41:58.426 info Netsdk:63708 21688:34824 AVNetSDKMgr.cpp:823]Load configsdk dynamically
[2023-11-06T11:41:58.431 info Netsdk:63708 21688:34824 dhnetsdk.cpp:352]Enter CLIENT_SetNetworkParam:[nWaittime=0, nConnectTime=0, nConnectTryNum=2, nSubConnectSpaceTime=0, nGetDevInfoTime=3000, nConnectBufSize=0, nGetConnInfoTime=0, nSearchRecordTime=0, nsubDisconnetTime=0, byNetType=0, byPlaybackBufSize=0, bDetectDisconnTime=0, bKeepLifeInterval=0, nPicBufSize=0].
[2023-11-06T11:41:58.431 info Netsdk:63708 21688:34824 dhnetsdk.cpp:367]Leave CLIENT_SetNetworkParam.
[2023-11-06T11:41:58.431 info Netsdk:63708 21688:34824 dhnetsdk.cpp:302]Enter CLIENT_SetAutoReconnect:[cbAutoConnect=00007FF766D99CA4, dwUser=000000D31035E5C0].
[2023-11-06T11:41:58.431 info Netsdk:63708 21688:34824 dhnetsdk.cpp:304]Leave CLIENT_SetAutoReconnect.
[2023-11-06T11:41:58.441 info Netsdk:63708 34088:20728 dhnetsdk.cpp:991]Enter CLIENT_LoginWithHighLevelSecurity. pstInParam:0000009D2E17B670, pstOutParam:0000009D2E17B770.
[2023-11-06T11:41:58.441 info Netsdk:63708 34088:20728 dhnetsdk.cpp:1007]IP:218.240.128.210, port:37777, SpeCap:0, CapParam:0000000000000000, TLSCap:0
[2023-11-06T11:41:58.489 info Netsdk:63708 21688:34824 dhnetsdk.cpp:991]Enter CLIENT_LoginWithHighLevelSecurity. pstInParam:000000D31035CB30, pstOutParam:000000D31035CC30.
[2023-11-06T11:41:58.489 info Netsdk:63708 21688:34824 dhnetsdk.cpp:1007]IP:218.240.128.210, port:37777, SpeCap:0, CapParam:0000000000000000, TLSCap:0
[2023-11-06T11:41:58.725 info Netsdk:63708 34088:20728 dhnetsdk.cpp:1054]Leave CLIENT_LoginWithHighLevelSecurity. error:0, login ID:1236100048.
[2023-11-06T11:41:58.728 info Netsdk:63708 21688:34824 dhnetsdk.cpp:1054]Leave CLIENT_LoginWithHighLevelSecurity. error:0, login ID:-507349424.
[2023-11-06T11:41:58.732 info Netsdk:63708 21688:34824 dhnetsdk.cpp:8181]Enter CLIENT_QueryDevState. [lLoginID=-507349424, nType=4, pBuf=000000D31035B170, nBufLen=3076, pRetLen=000000D31035C9C4, waittime=3000.]
[2023-11-06T11:41:58.748 info Netsdk:63708 21688:34824 dhnetsdk.cpp:8205]Leave CLIENT_QueryDevState.ret:1.
[2023-11-06T11:41:58.814 info Netsdk:63708 34088:20728 dhnetsdk.cpp:8205]Leave CLIENT_QueryDevState.ret:1.
[2023-11-06T11:41:58.817 info Netsdk:63708 34088:20728 dhnetsdk.cpp:1288]Enter CLIENT_RealPlayEx. lLoginID:1236100048. nChannelID:0. rType:0
[2023-11-06T11:41:59.032 error Netsdk:63708 34088:20728 Generation2ProtocolSecureTransmit.cpp:661]Not find
[2023-11-06T11:41:59.032 info Netsdk:63708 34088:20728 DevConfigEx.cpp:11689]IN SetupSession PORT=0 and PORT: 37777
[2023-11-06T11:41:59.095 info Netsdk:63708 34088:20728 dhnetsdk.cpp:1354]Leave CLIENT_RealPlayEx. ret:1236133664
[2023-11-06T11:42:33.431 info Netsdk:63708 34088:20728 dhnetsdk.cpp:2090]Enter CLIENT_StopRealPlayEx. lRealHandle:1236133664.
[2023-11-06T11:42:33.438 info Netsdk:63708 34088:20728 dhnetsdk.cpp:2104]Leave CLIENT_StopRealPlayEx. ret:1
[2023-11-06T11:42:33.438 info Netsdk:63708 34088:20728 dhnetsdk.cpp:1075]Enter CLIENT_Logout. lLoginID:1236100048.
[2023-11-06T11:42:33.438 error Netsdk:63708 34088:20728 TPTCPClient.cpp:723]Device is not online, ip:218.240.128.210
[2023-11-06T11:42:33.438 info Netsdk:63708 34088:20728 dhnetsdk.cpp:1097]Leave CLIENT_Logout. ret:1
[2023-11-06T11:42:33.454 info Netsdk:63708 21688:34824 dhnetsdk.cpp:1075]Enter CLIENT_Logout. lLoginID:-507349424.
[2023-11-06T11:42:33.454 error Netsdk:63708 21688:34824 TPTCPClient.cpp:723]Device is not online, ip:218.240.128.210
[2023-11-06T11:42:33.454 info Netsdk:63708 21688:34824 dhnetsdk.cpp:1097]Leave CLIENT_Logout. ret:1
Begin Time:2023-11-06T11:42:35.307
[2023-11-06T11:42:35.307 info Netsdk:63708 27040:13360 AVNetSDKMgr.cpp:504]Load avnetsdk library dynamically
[2023-11-06T11:42:35.323 info Netsdk:63708 27040:13360 AVNetSDKMgr.cpp:549]avnetsdk module handle: 0000020F3C940000

[2023-11-06T11:42:35.323 info Netsdk:63708 27040:13360 AVNetSDKMgr.cpp:823]Load configsdk dynamically
[2023-11-06T11:42:35.326 info Netsdk:63708 27040:13360 dhnetsdk.cpp:352]Enter CLIENT_SetNetworkParam:[nWaittime=0, nConnectTime=0, nConnectTryNum=2, nSubConnectSpaceTime=0, nGetDevInfoTime=3000, nConnectBufSize=0, nGetConnInfoTime=0, nSearchRecordTime=0, nsubDisconnetTime=0, byNetType=0, byPlaybackBufSize=0, bDetectDisconnTime=0, bKeepLifeInterval=0, nPicBufSize=0].
[2023-11-06T11:42:35.326 info Netsdk:63708 27040:13360 dhnetsdk.cpp:367]Leave CLIENT_SetNetworkParam.
[2023-11-06T11:42:35.326 info Netsdk:63708 27040:13360 dhnetsdk.cpp:302]Enter CLIENT_SetAutoReconnect:[cbAutoConnect=00007FF766D99CA4, dwUser=0000008DB92FEAF0].
[2023-11-06T11:42:35.326 info Netsdk:63708 27040:13360 dhnetsdk.cpp:304]Leave CLIENT_SetAutoReconnect.
[2023-11-06T11:42:35.368 info Netsdk:63708 27040:13360 dhnetsdk.cpp:991]Enter CLIENT_LoginWithHighLevelSecurity. pstInParam:0000008DB92FD060, pstOutParam:0000008DB92FD160.
[2023-11-06T11:42:35.368 info Netsdk:63708 27040:13360 dhnetsdk.cpp:1007]IP:218.240.128.210, port:37777, SpeCap:0, CapParam:0000000000000000, TLSCap:0
[2023-11-06T11:42:35.530 info Netsdk:63708 27040:13360 dhnetsdk.cpp:1054]Leave CLIENT_LoginWithHighLevelSecurity. error:0, login ID:943553104.
[2023-11-06T11:42:35.536 info Netsdk:63708 27040:13360 dhnetsdk.cpp:8181]Enter CLIENT_QueryDevState. [lLoginID=943553104, nType=4, pBuf=0000008DB92FB6A0, nBufLen=3076, pRetLen=0000008DB92FCEF4, waittime=3000.]
[2023-11-06T11:42:35.553 info Netsdk:63708 27040:13360 dhnetsdk.cpp:8205]Leave CLIENT_QueryDevState.ret:1.
Begin Time:2023-11-06T11:42:36.300
[2023-11-06T11:42:36.300 info Netsdk:63708 29224:29028 AVNetSDKMgr.cpp:504]Load avnetsdk library dynamically
[2023-11-06T11:42:36.302 info Netsdk:63708 29224:29028 AVNetSDKMgr.cpp:549]avnetsdk module handle: 00000200C38E0000

[2023-11-06T11:42:36.302 info Netsdk:63708 29224:29028 AVNetSDKMgr.cpp:823]Load configsdk dynamically
[2023-11-06T11:42:36.303 info Netsdk:63708 29224:29028 dhnetsdk.cpp:302]Enter CLIENT_SetAutoReconnect:[cbAutoConnect=00007FF75C999DA8, dwUser=0000001ECF0FCF20].
[2023-11-06T11:42:36.303 info Netsdk:63708 29224:29028 dhnetsdk.cpp:304]Leave CLIENT_SetAutoReconnect.
[2023-11-06T11:42:36.316 info Netsdk:63708 29224:29028 dhnetsdk.cpp:991]Enter CLIENT_LoginWithHighLevelSecurity. pstInParam:0000001ECF0FB3B0, pstOutParam:0000001ECF0FB4B0.
[2023-11-06T11:42:36.316 info Netsdk:63708 29224:29028 dhnetsdk.cpp:1007]IP:218.240.128.210, port:37777, SpeCap:0, CapParam:0000000000000000, TLSCap:0
[2023-11-06T11:42:36.588 info Netsdk:63708 29224:29028 dhnetsdk.cpp:1054]Leave CLIENT_LoginWithHighLevelSecurity. error:0, login ID:-1078170624.
[2023-11-06T11:42:36.596 info Netsdk:63708 29224:29028 dhnetsdk.cpp:8181]Enter CLIENT_QueryDevState. [lLoginID=-1078170624, nType=82, pBuf=0000001ECF0FB5D8, nBufLen=60, pRetLen=0000001ECF0FB5B4, waittime=1000.]
[2023-11-06T11:42:36.692 info Netsdk:63708 29224:29028 dhnetsdk.cpp:8205]Leave CLIENT_QueryDevState.ret:1.
[2023-11-06T11:42:36.694 info Netsdk:63708 29224:29028 dhnetsdk.cpp:1288]Enter CLIENT_RealPlayEx. lLoginID:-1078170624. nChannelID:0. rType:0
[2023-11-06T11:42:36.893 error Netsdk:63708 29224:29028 Generation2ProtocolSecureTransmit.cpp:661]Not find
[2023-11-06T11:42:36.893 info Netsdk:63708 29224:29028 DevConfigEx.cpp:11689]IN SetupSession PORT=0 and PORT: 37777
[2023-11-06T11:42:36.954 info Netsdk:63708 29224:29028 dhnetsdk.cpp:1354]Leave CLIENT_RealPlayEx. ret:-1008502512
[2023-11-06T11:43:10.336 info Netsdk:63708 27040:13360 dhnetsdk.cpp:1075]Enter CLIENT_Logout. lLoginID:943553104.
[2023-11-06T11:43:10.337 error Netsdk:63708 27040:13360 TPTCPClient.cpp:723]Device is not online, ip:218.240.128.210
[2023-11-06T11:43:10.337 info Netsdk:63708 27040:13360 dhnetsdk.cpp:1097]Leave CLIENT_Logout. ret:1
[2023-11-06T11:43:11.312 info Netsdk:63708 29224:29028 dhnetsdk.cpp:2090]Enter CLIENT_StopRealPlayEx. lRealHandle:-1008502512.
[2023-11-06T11:43:11.318 info Netsdk:63708 29224:29028 dhnetsdk.cpp:2104]Leave CLIENT_StopRealPlayEx. ret:1
[2023-11-06T11:43:11.318 info Netsdk:63708 29224:29028 dhnetsdk.cpp:1075]Enter CLIENT_Logout. lLoginID:-1078170624.
[2023-11-06T11:43:11.318 error Netsdk:63708 29224:29028 TPTCPClient.cpp:723]Device is not online, ip:218.240.128.210
[2023-11-06T11:43:11.318 info Netsdk:63708 29224:29028 dhnetsdk.cpp:1097]Leave CLIENT_Logout. ret:1
Begin Time:2023-11-06T11:43:13.312
[2023-11-06T11:43:13.312 info Netsdk:63708 19160:16052 AVNetSDKMgr.cpp:504]Load avnetsdk library dynamically
[2023-11-06T11:43:13.325 info Netsdk:63708 19160:16052 AVNetSDKMgr.cpp:549]avnetsdk module handle: 0000016287240000

[2023-11-06T11:43:13.325 info Netsdk:63708 19160:16052 AVNetSDKMgr.cpp:823]Load configsdk dynamically
[2023-11-06T11:43:13.329 info Netsdk:63708 19160:16052 dhnetsdk.cpp:352]Enter CLIENT_SetNetworkParam:[nWaittime=0, nConnectTime=0, nConnectTryNum=2, nSubConnectSpaceTime=0, nGetDevInfoTime=3000, nConnectBufSize=0, nGetConnInfoTime=0, nSearchRecordTime=0, nsubDisconnetTime=0, byNetType=0, byPlaybackBufSize=0, bDetectDisconnTime=0, bKeepLifeInterval=0, nPicBufSize=0].
[2023-11-06T11:43:13.329 info Netsdk:63708 19160:16052 dhnetsdk.cpp:367]Leave CLIENT_SetNetworkParam.
[2023-11-06T11:43:13.329 info Netsdk:63708 19160:16052 dhnetsdk.cpp:302]Enter CLIENT_SetAutoReconnect:[cbAutoConnect=00007FF766D99CA4, dwUser=0000000E4DAFEA90].
[2023-11-06T11:43:13.329 info Netsdk:63708 19160:16052 dhnetsdk.cpp:304]Leave CLIENT_SetAutoReconnect.
[2023-11-06T11:43:13.370 info Netsdk:63708 19160:16052 dhnetsdk.cpp:991]Enter CLIENT_LoginWithHighLevelSecurity. pstInParam:0000000E4DAFD000, pstOutParam:0000000E4DAFD100.
[2023-11-06T11:43:13.370 info Netsdk:63708 19160:16052 dhnetsdk.cpp:1007]IP:218.240.128.210, port:37777, SpeCap:0, CapParam:0000000000000000, TLSCap:0
[2023-11-06T11:43:13.533 info Netsdk:63708 19160:16052 dhnetsdk.cpp:1054]Leave CLIENT_LoginWithHighLevelSecurity. error:0, login ID:-2074698784.
[2023-11-06T11:43:13.537 info Netsdk:63708 19160:16052 dhnetsdk.cpp:8181]Enter CLIENT_QueryDevState. [lLoginID=-2074698784, nType=4, pBuf=0000000E4DAFB640, nBufLen=3076, pRetLen=0000000E4DAFCE94, waittime=3000.]
[2023-11-06T11:43:13.601 info Netsdk:63708 19160:16052 dhnetsdk.cpp:8205]Leave CLIENT_QueryDevState.ret:1.
Begin Time:2023-11-06T11:43:14.324
[2023-11-06T11:43:14.324 info Netsdk:63708 6664:23688 AVNetSDKMgr.cpp:504]Load avnetsdk library dynamically
[2023-11-06T11:43:14.327 info Netsdk:63708 6664:23688 AVNetSDKMgr.cpp:549]avnetsdk module handle: 0000026239E90000

[2023-11-06T11:43:14.327 info Netsdk:63708 6664:23688 AVNetSDKMgr.cpp:823]Load configsdk dynamically
[2023-11-06T11:43:14.328 info Netsdk:63708 6664:23688 dhnetsdk.cpp:302]Enter CLIENT_SetAutoReconnect:[cbAutoConnect=00007FF75C999DA8, dwUser=000000D8CE2FCDF0].
[2023-11-06T11:43:14.328 info Netsdk:63708 6664:23688 dhnetsdk.cpp:304]Leave CLIENT_SetAutoReconnect.
[2023-11-06T11:43:14.342 info Netsdk:63708 6664:23688 dhnetsdk.cpp:991]Enter CLIENT_LoginWithHighLevelSecurity. pstInParam:000000D8CE2FB280, pstOutParam:000000D8CE2FB380.
[2023-11-06T11:43:14.342 info Netsdk:63708 6664:23688 dhnetsdk.cpp:1007]IP:218.240.128.210, port:37777, SpeCap:0, CapParam:0000000000000000, TLSCap:0
[2023-11-06T11:43:14.663 info Netsdk:63708 6664:23688 dhnetsdk.cpp:1054]Leave CLIENT_LoginWithHighLevelSecurity. error:0, login ID:908291072.
[2023-11-06T11:43:14.669 info Netsdk:63708 6664:23688 dhnetsdk.cpp:8181]Enter CLIENT_QueryDevState. [lLoginID=908291072, nType=82, pBuf=000000D8CE2FB4A8, nBufLen=60, pRetLen=000000D8CE2FB484, waittime=1000.]
[2023-11-06T11:43:14.813 info Netsdk:63708 6664:23688 dhnetsdk.cpp:8205]Leave CLIENT_QueryDevState.ret:1.
[2023-11-06T11:43:14.815 info Netsdk:63708 6664:23688 dhnetsdk.cpp:1288]Enter CLIENT_RealPlayEx. lLoginID:908291072. nChannelID:0. rType:0
[2023-11-06T11:43:15.073 error Netsdk:63708 6664:23688 Generation2ProtocolSecureTransmit.cpp:661]Not find
[2023-11-06T11:43:15.073 info Netsdk:63708 6664:23688 DevConfigEx.cpp:11689]IN SetupSession PORT=0 and PORT: 37777
[2023-11-06T11:43:15.137 info Netsdk:63708 6664:23688 dhnetsdk.cpp:1354]Leave CLIENT_RealPlayEx. ret:987123568
[2023-11-06T11:43:48.344 info Netsdk:63708 19160:16052 dhnetsdk.cpp:1075]Enter CLIENT_Logout. lLoginID:-2074698784.
[2023-11-06T11:43:48.344 error Netsdk:63708 19160:16052 TPTCPClient.cpp:723]Device is not online, ip:218.240.128.210
[2023-11-06T11:43:48.344 info Netsdk:63708 19160:16052 dhnetsdk.cpp:1097]Leave CLIENT_Logout. ret:1
[2023-11-06T11:43:49.346 info Netsdk:63708 6664:23688 dhnetsdk.cpp:2090]Enter CLIENT_StopRealPlayEx. lRealHandle:987123568.
[2023-11-06T11:43:49.348 info Netsdk:63708 6664:23688 dhnetsdk.cpp:2104]Leave CLIENT_StopRealPlayEx. ret:1
[2023-11-06T11:43:49.348 info Netsdk:63708 6664:23688 dhnetsdk.cpp:1075]Enter CLIENT_Logout. lLoginID:908291072.
[2023-11-06T11:43:49.348 error Netsdk:63708 6664:23688 TPTCPClient.cpp:723]Device is not online, ip:218.240.128.210
[2023-11-06T11:43:49.348 info Netsdk:63708 6664:23688 dhnetsdk.cpp:1097]Leave CLIENT_Logout. ret:1
Begin Time:2023-11-06T11:43:51.318
[2023-11-06T11:43:51.318 info Netsdk:63708 32260:13812 AVNetSDKMgr.cpp:504]Load avnetsdk library dynamically
[2023-11-06T11:43:51.332 info Netsdk:63708 32260:13812 AVNetSDKMgr.cpp:549]avnetsdk module handle: 000001581CD40000

[2023-11-06T11:43:51.332 info Netsdk:63708 32260:13812 AVNetSDKMgr.cpp:823]Load configsdk dynamically
[2023-11-06T11:43:51.335 info Netsdk:63708 32260:13812 dhnetsdk.cpp:352]Enter CLIENT_SetNetworkParam:[nWaittime=0, nConnectTime=0, nConnectTryNum=2, nSubConnectSpaceTime=0, nGetDevInfoTime=3000, nConnectBufSize=0, nGetConnInfoTime=0, nSearchRecordTime=0, nsubDisconnetTime=0, byNetType=0, byPlaybackBufSize=0, bDetectDisconnTime=0, bKeepLifeInterval=0, nPicBufSize=0].
[2023-11-06T11:43:51.335 info Netsdk:63708 32260:13812 dhnetsdk.cpp:367]Leave CLIENT_SetNetworkParam.
[2023-11-06T11:43:51.335 info Netsdk:63708 32260:13812 dhnetsdk.cpp:302]Enter CLIENT_SetAutoReconnect:[cbAutoConnect=00007FF766D99CA4, dwUser=0000003CE779E6F0].
[2023-11-06T11:43:51.335 info Netsdk:63708 32260:13812 dhnetsdk.cpp:304]Leave CLIENT_SetAutoReconnect.
[2023-11-06T11:43:51.378 info Netsdk:63708 32260:13812 dhnetsdk.cpp:991]Enter CLIENT_LoginWithHighLevelSecurity. pstInParam:0000003CE779CC60, pstOutParam:0000003CE779CD60.
[2023-11-06T11:43:51.378 info Netsdk:63708 32260:13812 dhnetsdk.cpp:1007]IP:218.240.128.210, port:37777, SpeCap:0, CapParam:0000000000000000, TLSCap:0
[2023-11-06T11:43:51.655 info Netsdk:63708 32260:13812 dhnetsdk.cpp:1054]Leave CLIENT_LoginWithHighLevelSecurity. error:0, login ID:411530832.
[2023-11-06T11:43:51.661 info Netsdk:63708 32260:13812 dhnetsdk.cpp:8181]Enter CLIENT_QueryDevState. [lLoginID=411530832, nType=4, pBuf=0000003CE779B2A0, nBufLen=3076, pRetLen=0000003CE779CAF4, waittime=3000.]
[2023-11-06T11:43:51.680 info Netsdk:63708 32260:13812 dhnetsdk.cpp:8205]Leave CLIENT_QueryDevState.ret:1.
Begin Time:2023-11-06T11:43:52.320
[2023-11-06T11:43:52.320 info Netsdk:63708 20704:11404 AVNetSDKMgr.cpp:504]Load avnetsdk library dynamically
[2023-11-06T11:43:52.324 info Netsdk:63708 20704:11404 AVNetSDKMgr.cpp:549]avnetsdk module handle: 00000290AD560000

[2023-11-06T11:43:52.324 info Netsdk:63708 20704:11404 AVNetSDKMgr.cpp:823]Load configsdk dynamically
[2023-11-06T11:43:52.326 info Netsdk:63708 20704:11404 dhnetsdk.cpp:302]Enter CLIENT_SetAutoReconnect:[cbAutoConnect=00007FF75C999DA8, dwUser=000000D87178CB20].
[2023-11-06T11:43:52.326 info Netsdk:63708 20704:11404 dhnetsdk.cpp:304]Leave CLIENT_SetAutoReconnect.
[2023-11-06T11:43:52.337 info Netsdk:63708 20704:11404 dhnetsdk.cpp:991]Enter CLIENT_LoginWithHighLevelSecurity. pstInParam:000000D87178AFB0, pstOutParam:000000D87178B0B0.
[2023-11-06T11:43:52.337 info Netsdk:63708 20704:11404 dhnetsdk.cpp:1007]IP:218.240.128.210, port:37777, SpeCap:0, CapParam:0000000000000000, TLSCap:0
[2023-11-06T11:43:52.678 info Netsdk:63708 20704:11404 dhnetsdk.cpp:1054]Leave CLIENT_LoginWithHighLevelSecurity. error:0, login ID:-1449628672.
[2023-11-06T11:43:52.686 info Netsdk:63708 20704:11404 dhnetsdk.cpp:8181]Enter CLIENT_QueryDevState. [lLoginID=-1449628672, nType=82, pBuf=000000D87178B1D8, nBufLen=60, pRetLen=000000D87178B1B4, waittime=1000.]
[2023-11-06T11:43:52.832 info Netsdk:63708 20704:11404 dhnetsdk.cpp:8205]Leave CLIENT_QueryDevState.ret:1.
[2023-11-06T11:43:52.835 info Netsdk:63708 20704:11404 dhnetsdk.cpp:1288]Enter CLIENT_RealPlayEx. lLoginID:-1449628672. nChannelID:0. rType:0
[2023-11-06T11:43:53.073 error Netsdk:63708 20704:11404 Generation2ProtocolSecureTransmit.cpp:661]Not find
[2023-11-06T11:43:53.073 info Netsdk:63708 20704:11404 DevConfigEx.cpp:11689]IN SetupSession PORT=0 and PORT: 37777
[2023-11-06T11:43:53.137 info Netsdk:63708 20704:11404 dhnetsdk.cpp:1354]Leave CLIENT_RealPlayEx. ret:-1380682880
[2023-11-06T11:44:26.330 info Netsdk:63708 32260:13812 dhnetsdk.cpp:1075]Enter CLIENT_Logout. lLoginID:411530832.
[2023-11-06T11:44:26.331 error Netsdk:63708 32260:13812 TPTCPClient.cpp:723]Device is not online, ip:218.240.128.210
[2023-11-06T11:44:26.331 info Netsdk:63708 32260:13812 dhnetsdk.cpp:1097]Leave CLIENT_Logout. ret:1
[2023-11-06T11:44:27.342 info Netsdk:63708 20704:11404 dhnetsdk.cpp:2090]Enter CLIENT_StopRealPlayEx. lRealHandle:-1380682880.
[2023-11-06T11:44:27.349 info Netsdk:63708 20704:11404 dhnetsdk.cpp:2104]Leave CLIENT_StopRealPlayEx. ret:1
[2023-11-06T11:44:27.349 info Netsdk:63708 20704:11404 dhnetsdk.cpp:1075]Enter CLIENT_Logout. lLoginID:-1449628672.
[2023-11-06T11:44:27.350 error Netsdk:63708 20704:11404 TPTCPClient.cpp:723]Device is not online, ip:218.240.128.210
[2023-11-06T11:44:27.350 info Netsdk:63708 20704:11404 dhnetsdk.cpp:1097]Leave CLIENT_Logout. ret:1
Begin Time:2023-11-06T11:44:29.318
[2023-11-06T11:44:29.318 info Netsdk:63708 24776:4948 AVNetSDKMgr.cpp:504]Load avnetsdk library dynamically
[2023-11-06T11:44:29.332 info Netsdk:63708 24776:4948 AVNetSDKMgr.cpp:549]avnetsdk module handle: 000001E9CF970000

[2023-11-06T11:44:29.332 info Netsdk:63708 24776:4948 AVNetSDKMgr.cpp:823]Load configsdk dynamically
[2023-11-06T11:44:29.338 info Netsdk:63708 24776:4948 dhnetsdk.cpp:352]Enter CLIENT_SetNetworkParam:[nWaittime=0, nConnectTime=0, nConnectTryNum=2, nSubConnectSpaceTime=0, nGetDevInfoTime=3000, nConnectBufSize=0, nGetConnInfoTime=0, nSearchRecordTime=0, nsubDisconnetTime=0, byNetType=0, byPlaybackBufSize=0, bDetectDisconnTime=0, bKeepLifeInterval=0, nPicBufSize=0].
[2023-11-06T11:44:29.338 info Netsdk:63708 24776:4948 dhnetsdk.cpp:367]Leave CLIENT_SetNetworkParam.
[2023-11-06T11:44:29.338 info Netsdk:63708 24776:4948 dhnetsdk.cpp:302]Enter CLIENT_SetAutoReconnect:[cbAutoConnect=00007FF766D99CA4, dwUser=00000036629EE3D0].
[2023-11-06T11:44:29.338 info Netsdk:63708 24776:4948 dhnetsdk.cpp:304]Leave CLIENT_SetAutoReconnect.
[2023-11-06T11:44:29.377 info Netsdk:63708 24776:4948 dhnetsdk.cpp:991]Enter CLIENT_LoginWithHighLevelSecurity. pstInParam:00000036629EC940, pstOutParam:00000036629ECA40.
[2023-11-06T11:44:29.377 info Netsdk:63708 24776:4948 dhnetsdk.cpp:1007]IP:218.240.128.210, port:37777, SpeCap:0, CapParam:0000000000000000, TLSCap:0
[2023-11-06T11:44:29.551 info Netsdk:63708 24776:4948 dhnetsdk.cpp:1054]Leave CLIENT_LoginWithHighLevelSecurity. error:0, login ID:-858818992.
[2023-11-06T11:44:29.555 info Netsdk:63708 24776:4948 dhnetsdk.cpp:8181]Enter CLIENT_QueryDevState. [lLoginID=-858818992, nType=4, pBuf=00000036629EAF80, nBufLen=3076, pRetLen=00000036629EC7D4, waittime=3000.]
[2023-11-06T11:44:29.573 info Netsdk:63708 24776:4948 dhnetsdk.cpp:8205]Leave CLIENT_QueryDevState.ret:1.
Begin Time:2023-11-06T11:44:30.314
[2023-11-06T11:44:30.314 info Netsdk:63708 28204:14868 AVNetSDKMgr.cpp:504]Load avnetsdk library dynamically
[2023-11-06T11:44:30.316 info Netsdk:63708 28204:14868 AVNetSDKMgr.cpp:549]avnetsdk module handle: 000001E5CC090000

[2023-11-06T11:44:30.316 info Netsdk:63708 28204:14868 AVNetSDKMgr.cpp:823]Load configsdk dynamically
[2023-11-06T11:44:30.318 info Netsdk:63708 28204:14868 dhnetsdk.cpp:302]Enter CLIENT_SetAutoReconnect:[cbAutoConnect=00007FF75C999DA8, dwUser=0000007E8BB2CEC0].
[2023-11-06T11:44:30.318 info Netsdk:63708 28204:14868 dhnetsdk.cpp:304]Leave CLIENT_SetAutoReconnect.
[2023-11-06T11:44:30.331 info Netsdk:63708 28204:14868 dhnetsdk.cpp:991]Enter CLIENT_LoginWithHighLevelSecurity. pstInParam:0000007E8BB2B350, pstOutParam:0000007E8BB2B450.
[2023-11-06T11:44:30.331 info Netsdk:63708 28204:14868 dhnetsdk.cpp:1007]IP:218.240.128.210, port:37777, SpeCap:0, CapParam:0000000000000000, TLSCap:0
[2023-11-06T11:44:30.611 info Netsdk:63708 28204:14868 dhnetsdk.cpp:1054]Leave CLIENT_LoginWithHighLevelSecurity. error:0, login ID:-943885776.
[2023-11-06T11:44:30.619 info Netsdk:63708 28204:14868 dhnetsdk.cpp:8181]Enter CLIENT_QueryDevState. [lLoginID=-943885776, nType=82, pBuf=0000007E8BB2B578, nBufLen=60, pRetLen=0000007E8BB2B554, waittime=1000.]
[2023-11-06T11:44:30.732 info Netsdk:63708 28204:14868 dhnetsdk.cpp:8205]Leave CLIENT_QueryDevState.ret:1.
[2023-11-06T11:44:30.733 info Netsdk:63708 28204:14868 dhnetsdk.cpp:1288]Enter CLIENT_RealPlayEx. lLoginID:-943885776. nChannelID:0. rType:0
[2023-11-06T11:44:30.990 error Netsdk:63708 28204:14868 Generation2ProtocolSecureTransmit.cpp:661]Not find
[2023-11-06T11:44:30.991 info Netsdk:63708 28204:14868 DevConfigEx.cpp:11689]IN SetupSession PORT=0 and PORT: 37777
[2023-11-06T11:44:31.044 info Netsdk:63708 28204:14868 dhnetsdk.cpp:1354]Leave CLIENT_RealPlayEx. ret:-943855504
[2023-11-06T11:45:04.336 info Netsdk:63708 24776:4948 dhnetsdk.cpp:1075]Enter CLIENT_Logout. lLoginID:-858818992.
[2023-11-06T11:45:04.336 error Netsdk:63708 24776:4948 TPTCPClient.cpp:723]Device is not online, ip:218.240.128.210
[2023-11-06T11:45:04.336 info Netsdk:63708 24776:4948 dhnetsdk.cpp:1097]Leave CLIENT_Logout. ret:1
[2023-11-06T11:45:05.317 info Netsdk:63708 28204:14868 dhnetsdk.cpp:2090]Enter CLIENT_StopRealPlayEx. lRealHandle:-943855504.
[2023-11-06T11:45:05.319 info Netsdk:63708 28204:14868 dhnetsdk.cpp:2104]Leave CLIENT_StopRealPlayEx. ret:1
[2023-11-06T11:45:05.319 info Netsdk:63708 28204:14868 dhnetsdk.cpp:1075]Enter CLIENT_Logout. lLoginID:-943885776.
[2023-11-06T11:45:05.319 error Netsdk:63708 28204:14868 TPTCPClient.cpp:723]Device is not online, ip:218.240.128.210
[2023-11-06T11:45:05.319 info Netsdk:63708 28204:14868 dhnetsdk.cpp:1097]Leave CLIENT_Logout. ret:1
Begin Time:2023-11-06T11:45:06.337
[2023-11-06T11:45:06.337 info Netsdk:63708 22640:24032 AVNetSDKMgr.cpp:504]Load avnetsdk library dynamically
[2023-11-06T11:45:06.352 info Netsdk:63708 22640:24032 AVNetSDKMgr.cpp:549]avnetsdk module handle: 00000216765B0000

[2023-11-06T11:45:06.352 info Netsdk:63708 22640:24032 AVNetSDKMgr.cpp:823]Load configsdk dynamically
[2023-11-06T11:45:06.357 info Netsdk:63708 22640:24032 dhnetsdk.cpp:352]Enter CLIENT_SetNetworkParam:[nWaittime=0, nConnectTime=0, nConnectTryNum=2, nSubConnectSpaceTime=0, nGetDevInfoTime=3000, nConnectBufSize=0, nGetConnInfoTime=0, nSearchRecordTime=0, nsubDisconnetTime=0, byNetType=0, byPlaybackBufSize=0, bDetectDisconnTime=0, bKeepLifeInterval=0, nPicBufSize=0].
[2023-11-06T11:45:06.358 info Netsdk:63708 22640:24032 dhnetsdk.cpp:367]Leave CLIENT_SetNetworkParam.
[2023-11-06T11:45:06.358 info Netsdk:63708 22640:24032 dhnetsdk.cpp:302]Enter CLIENT_SetAutoReconnect:[cbAutoConnect=00007FF766D99CA4, dwUser=0000004276CFE8E0].
[2023-11-06T11:45:06.358 info Netsdk:63708 22640:24032 dhnetsdk.cpp:304]Leave CLIENT_SetAutoReconnect.
[2023-11-06T11:45:06.398 info Netsdk:63708 22640:24032 dhnetsdk.cpp:991]Enter CLIENT_LoginWithHighLevelSecurity. pstInParam:0000004276CFCE50, pstOutParam:0000004276CFCF50.
[2023-11-06T11:45:06.398 info Netsdk:63708 22640:24032 dhnetsdk.cpp:1007]IP:218.240.128.210, port:37777, SpeCap:0, CapParam:0000000000000000, TLSCap:0
[2023-11-06T11:45:06.671 info Netsdk:63708 22640:24032 dhnetsdk.cpp:1054]Leave CLIENT_LoginWithHighLevelSecurity. error:0, login ID:1937929808.
[2023-11-06T11:45:06.676 info Netsdk:63708 22640:24032 dhnetsdk.cpp:8181]Enter CLIENT_QueryDevState. [lLoginID=1937929808, nType=4, pBuf=0000004276CFB490, nBufLen=3076, pRetLen=0000004276CFCCE4, waittime=3000.]
[2023-11-06T11:45:06.714 info Netsdk:63708 22640:24032 dhnetsdk.cpp:8205]Leave CLIENT_QueryDevState.ret:1.
Begin Time:2023-11-06T11:45:07.330
[2023-11-06T11:45:07.330 info Netsdk:63708 15828:528 AVNetSDKMgr.cpp:504]Load avnetsdk library dynamically
[2023-11-06T11:45:07.332 info Netsdk:63708 15828:528 AVNetSDKMgr.cpp:549]avnetsdk module handle: 0000022224A10000

[2023-11-06T11:45:07.333 info Netsdk:63708 15828:528 AVNetSDKMgr.cpp:823]Load configsdk dynamically
[2023-11-06T11:45:07.334 info Netsdk:63708 15828:528 dhnetsdk.cpp:302]Enter CLIENT_SetAutoReconnect:[cbAutoConnect=00007FF75C999DA8, dwUser=000000B4796FCF60].
[2023-11-06T11:45:07.334 info Netsdk:63708 15828:528 dhnetsdk.cpp:304]Leave CLIENT_SetAutoReconnect.
[2023-11-06T11:45:07.346 info Netsdk:63708 15828:528 dhnetsdk.cpp:991]Enter CLIENT_LoginWithHighLevelSecurity. pstInParam:000000B4796FB3F0, pstOutParam:000000B4796FB4F0.
[2023-11-06T11:45:07.346 info Netsdk:63708 15828:528 dhnetsdk.cpp:1007]IP:218.240.128.210, port:37777, SpeCap:0, CapParam:0000000000000000, TLSCap:0
[2023-11-06T11:45:07.508 info Netsdk:63708 15828:528 dhnetsdk.cpp:1054]Leave CLIENT_LoginWithHighLevelSecurity. error:0, login ID:543257136.
[2023-11-06T11:45:07.514 info Netsdk:63708 15828:528 dhnetsdk.cpp:8181]Enter CLIENT_QueryDevState. [lLoginID=543257136, nType=82, pBuf=000000B4796FB618, nBufLen=60, pRetLen=000000B4796FB5F4, waittime=1000.]
[2023-11-06T11:45:07.651 info Netsdk:63708 15828:528 dhnetsdk.cpp:8205]Leave CLIENT_QueryDevState.ret:1.
[2023-11-06T11:45:07.654 info Netsdk:63708 15828:528 dhnetsdk.cpp:1288]Enter CLIENT_RealPlayEx. lLoginID:543257136. nChannelID:0. rType:0
[2023-11-06T11:45:07.881 error Netsdk:63708 15828:528 Generation2ProtocolSecureTransmit.cpp:661]Not find
[2023-11-06T11:45:07.881 info Netsdk:63708 15828:528 DevConfigEx.cpp:11689]IN SetupSession PORT=0 and PORT: 37777
[2023-11-06T11:45:07.943 info Netsdk:63708 15828:528 dhnetsdk.cpp:1354]Leave CLIENT_RealPlayEx. ret:620372128
[2023-11-06T11:45:41.364 info Netsdk:63708 22640:24032 dhnetsdk.cpp:1075]Enter CLIENT_Logout. lLoginID:1937929808.
[2023-11-06T11:45:41.365 error Netsdk:63708 22640:24032 TPTCPClient.cpp:723]Device is not online, ip:218.240.128.210
[2023-11-06T11:45:41.365 info Netsdk:63708 22640:24032 dhnetsdk.cpp:1097]Leave CLIENT_Logout. ret:1
[2023-11-06T11:45:42.335 info Netsdk:63708 15828:528 dhnetsdk.cpp:2090]Enter CLIENT_StopRealPlayEx. lRealHandle:620372128.
[2023-11-06T11:45:42.345 info Netsdk:63708 15828:528 dhnetsdk.cpp:2104]Leave CLIENT_StopRealPlayEx. ret:1
[2023-11-06T11:45:42.345 info Netsdk:63708 15828:528 dhnetsdk.cpp:1075]Enter CLIENT_Logout. lLoginID:543257136.
[2023-11-06T11:45:42.345 error Netsdk:63708 15828:528 TPTCPClient.cpp:723]Device is not online, ip:218.240.128.210
[2023-11-06T11:45:42.345 info Netsdk:63708 15828:528 dhnetsdk.cpp:1097]Leave CLIENT_Logout. ret:1
Begin Time:2023-11-06T11:45:44.341
[2023-11-06T11:45:44.342 info Netsdk:63708 26772:12308 AVNetSDKMgr.cpp:504]Load avnetsdk library dynamically
[2023-11-06T11:45:44.359 info Netsdk:63708 26772:12308 AVNetSDKMgr.cpp:549]avnetsdk module handle: 0000015633410000

[2023-11-06T11:45:44.359 info Netsdk:63708 26772:12308 AVNetSDKMgr.cpp:823]Load configsdk dynamically
[2023-11-06T11:45:44.362 info Netsdk:63708 26772:12308 dhnetsdk.cpp:352]Enter CLIENT_SetNetworkParam:[nWaittime=0, nConnectTime=0, nConnectTryNum=2, nSubConnectSpaceTime=0, nGetDevInfoTime=3000, nConnectBufSize=0, nGetConnInfoTime=0, nSearchRecordTime=0, nsubDisconnetTime=0, byNetType=0, byPlaybackBufSize=0, bDetectDisconnTime=0, bKeepLifeInterval=0, nPicBufSize=0].
[2023-11-06T11:45:44.362 info Netsdk:63708 26772:12308 dhnetsdk.cpp:367]Leave CLIENT_SetNetworkParam.
[2023-11-06T11:45:44.362 info Netsdk:63708 26772:12308 dhnetsdk.cpp:302]Enter CLIENT_SetAutoReconnect:[cbAutoConnect=00007FF766D99CA4, dwUser=0000000B16F4E8A0].
[2023-11-06T11:45:44.363 info Netsdk:63708 26772:12308 dhnetsdk.cpp:304]Leave CLIENT_SetAutoReconnect.
[2023-11-06T11:45:44.407 info Netsdk:63708 26772:12308 dhnetsdk.cpp:991]Enter CLIENT_LoginWithHighLevelSecurity. pstInParam:0000000B16F4CE10, pstOutParam:0000000B16F4CF10.
[2023-11-06T11:45:44.407 info Netsdk:63708 26772:12308 dhnetsdk.cpp:1007]IP:218.240.128.210, port:37777, SpeCap:0, CapParam:0000000000000000, TLSCap:0
[2023-11-06T11:45:44.676 info Netsdk:63708 26772:12308 dhnetsdk.cpp:1054]Leave CLIENT_LoginWithHighLevelSecurity. error:0, login ID:802977360.
[2023-11-06T11:45:44.680 info Netsdk:63708 26772:12308 dhnetsdk.cpp:8181]Enter CLIENT_QueryDevState. [lLoginID=802977360, nType=4, pBuf=0000000B16F4B450, nBufLen=3076, pRetLen=0000000B16F4CCA4, waittime=3000.]
[2023-11-06T11:45:44.711 info Netsdk:63708 26772:12308 dhnetsdk.cpp:8205]Leave CLIENT_QueryDevState.ret:1.
Begin Time:2023-11-06T11:45:45.337
[2023-11-06T11:45:45.337 info Netsdk:63708 29036:9744 AVNetSDKMgr.cpp:504]Load avnetsdk library dynamically
[2023-11-06T11:45:45.340 info Netsdk:63708 29036:9744 AVNetSDKMgr.cpp:549]avnetsdk module handle: 0000019384550000

[2023-11-06T11:45:45.340 info Netsdk:63708 29036:9744 AVNetSDKMgr.cpp:823]Load configsdk dynamically
[2023-11-06T11:45:45.341 info Netsdk:63708 29036:9744 dhnetsdk.cpp:302]Enter CLIENT_SetAutoReconnect:[cbAutoConnect=00007FF75C999DA8, dwUser=0000003694AFCCB0].
[2023-11-06T11:45:45.341 info Netsdk:63708 29036:9744 dhnetsdk.cpp:304]Leave CLIENT_SetAutoReconnect.
[2023-11-06T11:45:45.355 info Netsdk:63708 29036:9744 dhnetsdk.cpp:991]Enter CLIENT_LoginWithHighLevelSecurity. pstInParam:0000003694AFB140, pstOutParam:0000003694AFB240.
[2023-11-06T11:45:45.355 info Netsdk:63708 29036:9744 dhnetsdk.cpp:1007]IP:218.240.128.210, port:37777, SpeCap:0, CapParam:0000000000000000, TLSCap:0
[2023-11-06T11:45:45.526 info Netsdk:63708 29036:9744 dhnetsdk.cpp:1054]Leave CLIENT_LoginWithHighLevelSecurity. error:0, login ID:-2146471376.
[2023-11-06T11:45:45.532 info Netsdk:63708 29036:9744 dhnetsdk.cpp:8181]Enter CLIENT_QueryDevState. [lLoginID=-2146471376, nType=82, pBuf=0000003694AFB368, nBufLen=60, pRetLen=0000003694AFB344, waittime=1000.]
[2023-11-06T11:45:45.651 info Netsdk:63708 29036:9744 dhnetsdk.cpp:8205]Leave CLIENT_QueryDevState.ret:1.
[2023-11-06T11:45:45.653 info Netsdk:63708 29036:9744 dhnetsdk.cpp:1288]Enter CLIENT_RealPlayEx. lLoginID:-2146471376. nChannelID:0. rType:0
[2023-11-06T11:45:45.824 error Netsdk:63708 29036:9744 Generation2ProtocolSecureTransmit.cpp:661]Not find
[2023-11-06T11:45:45.825 info Netsdk:63708 29036:9744 DevConfigEx.cpp:11689]IN SetupSession PORT=0 and PORT: 37777
[2023-11-06T11:45:45.895 info Netsdk:63708 29036:9744 dhnetsdk.cpp:1354]Leave CLIENT_RealPlayEx. ret:-2146440480
[2023-11-06T11:46:19.363 info Netsdk:63708 26772:12308 dhnetsdk.cpp:1075]Enter CLIENT_Logout. lLoginID:802977360.
[2023-11-06T11:46:19.363 error Netsdk:63708 26772:12308 TPTCPClient.cpp:723]Device is not online, ip:218.240.128.210
[2023-11-06T11:46:19.364 info Netsdk:63708 26772:12308 dhnetsdk.cpp:1097]Leave CLIENT_Logout. ret:1
[2023-11-06T11:46:20.360 info Netsdk:63708 29036:9744 dhnetsdk.cpp:2090]Enter CLIENT_StopRealPlayEx. lRealHandle:-2146440480.
[2023-11-06T11:46:20.366 info Netsdk:63708 29036:9744 dhnetsdk.cpp:2104]Leave CLIENT_StopRealPlayEx. ret:1
[2023-11-06T11:46:20.366 info Netsdk:63708 29036:9744 dhnetsdk.cpp:1075]Enter CLIENT_Logout. lLoginID:-2146471376.
[2023-11-06T11:46:20.367 error Netsdk:63708 29036:9744 TPTCPClient.cpp:723]Device is not online, ip:218.240.128.210
[2023-11-06T11:46:20.367 info Netsdk:63708 29036:9744 dhnetsdk.cpp:1097]Leave CLIENT_Logout. ret:1
Begin Time:2023-11-06T11:46:22.334
[2023-11-06T11:46:22.334 info Netsdk:63708 33512:23956 AVNetSDKMgr.cpp:504]Load avnetsdk library dynamically
[2023-11-06T11:46:22.348 info Netsdk:63708 33512:23956 AVNetSDKMgr.cpp:549]avnetsdk module handle: 00000205D69E0000

[2023-11-06T11:46:22.348 info Netsdk:63708 33512:23956 AVNetSDKMgr.cpp:823]Load configsdk dynamically
[2023-11-06T11:46:22.351 info Netsdk:63708 33512:23956 dhnetsdk.cpp:352]Enter CLIENT_SetNetworkParam:[nWaittime=0, nConnectTime=0, nConnectTryNum=2, nSubConnectSpaceTime=0, nGetDevInfoTime=3000, nConnectBufSize=0, nGetConnInfoTime=0, nSearchRecordTime=0, nsubDisconnetTime=0, byNetType=0, byPlaybackBufSize=0, bDetectDisconnTime=0, bKeepLifeInterval=0, nPicBufSize=0].
[2023-11-06T11:46:22.351 info Netsdk:63708 33512:23956 dhnetsdk.cpp:367]Leave CLIENT_SetNetworkParam.
[2023-11-06T11:46:22.351 info Netsdk:63708 33512:23956 dhnetsdk.cpp:302]Enter CLIENT_SetAutoReconnect:[cbAutoConnect=00007FF766D99CA4, dwUser=0000008C854FE390].
[2023-11-06T11:46:22.351 info Netsdk:63708 33512:23956 dhnetsdk.cpp:304]Leave CLIENT_SetAutoReconnect.
[2023-11-06T11:46:22.398 info Netsdk:63708 33512:23956 dhnetsdk.cpp:991]Enter CLIENT_LoginWithHighLevelSecurity. pstInParam:0000008C854FC900, pstOutParam:0000008C854FCA00.
[2023-11-06T11:46:22.398 info Netsdk:63708 33512:23956 dhnetsdk.cpp:1007]IP:218.240.128.210, port:37777, SpeCap:0, CapParam:0000000000000000, TLSCap:0
[2023-11-06T11:46:22.668 info Netsdk:63708 33512:23956 dhnetsdk.cpp:1054]Leave CLIENT_LoginWithHighLevelSecurity. error:0, login ID:-751864240.
[2023-11-06T11:46:22.672 info Netsdk:63708 33512:23956 dhnetsdk.cpp:8181]Enter CLIENT_QueryDevState. [lLoginID=-751864240, nType=4, pBuf=0000008C854FAF40, nBufLen=3076, pRetLen=0000008C854FC794, waittime=3000.]
[2023-11-06T11:46:22.714 info Netsdk:63708 33512:23956 dhnetsdk.cpp:8205]Leave CLIENT_QueryDevState.ret:1.
Begin Time:2023-11-06T11:46:23.338
[2023-11-06T11:46:23.339 info Netsdk:63708 34380:10016 AVNetSDKMgr.cpp:504]Load avnetsdk library dynamically
[2023-11-06T11:46:23.341 info Netsdk:63708 34380:10016 AVNetSDKMgr.cpp:549]avnetsdk module handle: 00000229C7B40000

[2023-11-06T11:46:23.341 info Netsdk:63708 34380:10016 AVNetSDKMgr.cpp:823]Load configsdk dynamically
[2023-11-06T11:46:23.343 info Netsdk:63708 34380:10016 dhnetsdk.cpp:302]Enter CLIENT_SetAutoReconnect:[cbAutoConnect=00007FF75C999DA8, dwUser=000000646D6FD2B0].
[2023-11-06T11:46:23.343 info Netsdk:63708 34380:10016 dhnetsdk.cpp:304]Leave CLIENT_SetAutoReconnect.
[2023-11-06T11:46:23.356 info Netsdk:63708 34380:10016 dhnetsdk.cpp:991]Enter CLIENT_LoginWithHighLevelSecurity. pstInParam:000000646D6FB740, pstOutParam:000000646D6FB840.
[2023-11-06T11:46:23.356 info Netsdk:63708 34380:10016 dhnetsdk.cpp:1007]IP:218.240.128.210, port:37777, SpeCap:0, CapParam:0000000000000000, TLSCap:0
[2023-11-06T11:46:23.529 info Netsdk:63708 34380:10016 dhnetsdk.cpp:1054]Leave CLIENT_LoginWithHighLevelSecurity. error:0, login ID:-1016174192.
[2023-11-06T11:46:23.537 info Netsdk:63708 34380:10016 dhnetsdk.cpp:8181]Enter CLIENT_QueryDevState. [lLoginID=-1016174192, nType=82, pBuf=000000646D6FB968, nBufLen=60, pRetLen=000000646D6FB944, waittime=1000.]
[2023-11-06T11:46:23.691 info Netsdk:63708 34380:10016 dhnetsdk.cpp:8205]Leave CLIENT_QueryDevState.ret:1.
[2023-11-06T11:46:23.693 info Netsdk:63708 34380:10016 dhnetsdk.cpp:1288]Enter CLIENT_RealPlayEx. lLoginID:-1016174192. nChannelID:0. rType:0
[2023-11-06T11:46:23.951 error Netsdk:63708 34380:10016 Generation2ProtocolSecureTransmit.cpp:661]Not find
[2023-11-06T11:46:23.951 info Netsdk:63708 34380:10016 DevConfigEx.cpp:11689]IN SetupSession PORT=0 and PORT: 37777
[2023-11-06T11:46:24.015 info Netsdk:63708 34380:10016 dhnetsdk.cpp:1354]Leave CLIENT_RealPlayEx. ret:-1016148368
[2023-11-06T11:46:57.356 info Netsdk:63708 33512:23956 dhnetsdk.cpp:1075]Enter CLIENT_Logout. lLoginID:-751864240.
[2023-11-06T11:46:57.357 error Netsdk:63708 33512:23956 TPTCPClient.cpp:723]Device is not online, ip:218.240.128.210
[2023-11-06T11:46:57.357 info Netsdk:63708 33512:23956 dhnetsdk.cpp:1097]Leave CLIENT_Logout. ret:1
[2023-11-06T11:46:58.349 info Netsdk:63708 34380:10016 dhnetsdk.cpp:2090]Enter CLIENT_StopRealPlayEx. lRealHandle:-1016148368.
[2023-11-06T11:46:58.354 info Netsdk:63708 34380:10016 dhnetsdk.cpp:2104]Leave CLIENT_StopRealPlayEx. ret:1
[2023-11-06T11:46:58.354 info Netsdk:63708 34380:10016 dhnetsdk.cpp:1075]Enter CLIENT_Logout. lLoginID:-1016174192.
[2023-11-06T11:46:58.354 error Netsdk:63708 34380:10016 TPTCPClient.cpp:723]Device is not online, ip:218.240.128.210
[2023-11-06T11:46:58.354 info Netsdk:63708 34380:10016 dhnetsdk.cpp:1097]Leave CLIENT_Logout. ret:1
Begin Time:2023-11-06T11:47:00.325
[2023-11-06T11:47:00.325 info Netsdk:63708 16956:24720 AVNetSDKMgr.cpp:504]Load avnetsdk library dynamically
[2023-11-06T11:47:00.339 info Netsdk:63708 16956:24720 AVNetSDKMgr.cpp:549]avnetsdk module handle: 000001C3CCA30000

[2023-11-06T11:47:00.339 info Netsdk:63708 16956:24720 AVNetSDKMgr.cpp:823]Load configsdk dynamically
[2023-11-06T11:47:00.342 info Netsdk:63708 16956:24720 dhnetsdk.cpp:352]Enter CLIENT_SetNetworkParam:[nWaittime=0, nConnectTime=0, nConnectTryNum=2, nSubConnectSpaceTime=0, nGetDevInfoTime=3000, nConnectBufSize=0, nGetConnInfoTime=0, nSearchRecordTime=0, nsubDisconnetTime=0, byNetType=0, byPlaybackBufSize=0, bDetectDisconnTime=0, bKeepLifeInterval=0, nPicBufSize=0].
[2023-11-06T11:47:00.342 info Netsdk:63708 16956:24720 dhnetsdk.cpp:367]Leave CLIENT_SetNetworkParam.
[2023-11-06T11:47:00.342 info Netsdk:63708 16956:24720 dhnetsdk.cpp:302]Enter CLIENT_SetAutoReconnect:[cbAutoConnect=00007FF766D99CA4, dwUser=0000002D0AF6E5D0].
[2023-11-06T11:47:00.342 info Netsdk:63708 16956:24720 dhnetsdk.cpp:304]Leave CLIENT_SetAutoReconnect.
[2023-11-06T11:47:00.377 info Netsdk:63708 16956:24720 dhnetsdk.cpp:991]Enter CLIENT_LoginWithHighLevelSecurity. pstInParam:0000002D0AF6CB40, pstOutParam:0000002D0AF6CC40.
[2023-11-06T11:47:00.377 info Netsdk:63708 16956:24720 dhnetsdk.cpp:1007]IP:218.240.128.210, port:37777, SpeCap:0, CapParam:0000000000000000, TLSCap:0
[2023-11-06T11:47:00.667 info Netsdk:63708 16956:24720 dhnetsdk.cpp:1054]Leave CLIENT_LoginWithHighLevelSecurity. error:0, login ID:-921930160.
[2023-11-06T11:47:00.668 info Netsdk:63708 16956:24720 dhnetsdk.cpp:8181]Enter CLIENT_QueryDevState. [lLoginID=-921930160, nType=4, pBuf=0000002D0AF6B180, nBufLen=3076, pRetLen=0000002D0AF6C9D4, waittime=3000.]
[2023-11-06T11:47:00.711 info Netsdk:63708 16956:24720 dhnetsdk.cpp:8205]Leave CLIENT_QueryDevState.ret:1.
Begin Time:2023-11-06T11:47:01.325
[2023-11-06T11:47:01.325 info Netsdk:63708 20592:26080 AVNetSDKMgr.cpp:504]Load avnetsdk library dynamically
[2023-11-06T11:47:01.328 info Netsdk:63708 20592:26080 AVNetSDKMgr.cpp:549]avnetsdk module handle: 000001C246690000

[2023-11-06T11:47:01.328 info Netsdk:63708 20592:26080 AVNetSDKMgr.cpp:823]Load configsdk dynamically
[2023-11-06T11:47:01.329 info Netsdk:63708 20592:26080 dhnetsdk.cpp:302]Enter CLIENT_SetAutoReconnect:[cbAutoConnect=00007FF75C999DA8, dwUser=00000046600FD090].
[2023-11-06T11:47:01.329 info Netsdk:63708 20592:26080 dhnetsdk.cpp:304]Leave CLIENT_SetAutoReconnect.
[2023-11-06T11:47:01.338 info Netsdk:63708 20592:26080 dhnetsdk.cpp:991]Enter CLIENT_LoginWithHighLevelSecurity. pstInParam:00000046600FB520, pstOutParam:00000046600FB620.
[2023-11-06T11:47:01.338 info Netsdk:63708 20592:26080 dhnetsdk.cpp:1007]IP:218.240.128.210, port:37777, SpeCap:0, CapParam:0000000000000000, TLSCap:0
[2023-11-06T11:47:01.506 info Netsdk:63708 20592:26080 dhnetsdk.cpp:1054]Leave CLIENT_LoginWithHighLevelSecurity. error:0, login ID:1117024816.
[2023-11-06T11:47:01.511 info Netsdk:63708 20592:26080 dhnetsdk.cpp:8181]Enter CLIENT_QueryDevState. [lLoginID=1117024816, nType=82, pBuf=00000046600FB748, nBufLen=60, pRetLen=00000046600FB724, waittime=1000.]
[2023-11-06T11:47:01.652 info Netsdk:63708 20592:26080 dhnetsdk.cpp:8205]Leave CLIENT_QueryDevState.ret:1.
[2023-11-06T11:47:01.654 info Netsdk:63708 20592:26080 dhnetsdk.cpp:1288]Enter CLIENT_RealPlayEx. lLoginID:1117024816. nChannelID:0. rType:0
[2023-11-06T11:47:01.874 error Netsdk:63708 20592:26080 Generation2ProtocolSecureTransmit.cpp:661]Not find
[2023-11-06T11:47:01.875 info Netsdk:63708 20592:26080 DevConfigEx.cpp:11689]IN SetupSession PORT=0 and PORT: 37777
[2023-11-06T11:47:01.935 info Netsdk:63708 20592:26080 dhnetsdk.cpp:1354]Leave CLIENT_RealPlayEx. ret:1187246848
Begin Time:2023-11-06T14:44:31.379
[2023-11-06T14:44:31.379 info Netsdk:63708 26524:22520 AVNetSDKMgr.cpp:504]Load avnetsdk library dynamically
[2023-11-06T14:44:31.397 info Netsdk:63708 26524:22520 AVNetSDKMgr.cpp:549]avnetsdk module handle: 00000216FBA20000

[2023-11-06T14:44:31.397 info Netsdk:63708 26524:22520 AVNetSDKMgr.cpp:823]Load configsdk dynamically
[2023-11-06T14:44:31.402 info Netsdk:63708 26524:22520 dhnetsdk.cpp:352]Enter CLIENT_SetNetworkParam:[nWaittime=0, nConnectTime=0, nConnectTryNum=2, nSubConnectSpaceTime=0, nGetDevInfoTime=3000, nConnectBufSize=0, nGetConnInfoTime=0, nSearchRecordTime=0, nsubDisconnetTime=0, byNetType=0, byPlaybackBufSize=0, bDetectDisconnTime=0, bKeepLifeInterval=0, nPicBufSize=0].
[2023-11-06T14:44:31.402 info Netsdk:63708 26524:22520 dhnetsdk.cpp:367]Leave CLIENT_SetNetworkParam.
[2023-11-06T14:44:31.402 info Netsdk:63708 26524:22520 dhnetsdk.cpp:302]Enter CLIENT_SetAutoReconnect:[cbAutoConnect=00007FF7F58A9CA4, dwUser=00000085ED33E340].
[2023-11-06T14:44:31.402 info Netsdk:63708 26524:22520 dhnetsdk.cpp:304]Leave CLIENT_SetAutoReconnect.
Begin Time:2023-11-06T14:44:31.454
[2023-11-06T14:44:31.455 info Netsdk:63708 30748:23876 AVNetSDKMgr.cpp:504]Load avnetsdk library dynamically
[2023-11-06T14:44:31.457 info Netsdk:63708 30748:23876 AVNetSDKMgr.cpp:549]avnetsdk module handle: 00000208F4560000

[2023-11-06T14:44:31.458 info Netsdk:63708 30748:23876 AVNetSDKMgr.cpp:823]Load configsdk dynamically
[2023-11-06T14:44:31.461 info Netsdk:63708 26524:22520 dhnetsdk.cpp:991]Enter CLIENT_LoginWithHighLevelSecurity. pstInParam:00000085ED33C8B0, pstOutParam:00000085ED33C9B0.
[2023-11-06T14:44:31.461 info Netsdk:63708 26524:22520 dhnetsdk.cpp:1007]IP:218.240.128.210, port:37777, SpeCap:0, CapParam:0000000000000000, TLSCap:0
[2023-11-06T14:44:31.462 info Netsdk:63708 30748:23876 dhnetsdk.cpp:302]Enter CLIENT_SetAutoReconnect:[cbAutoConnect=00007FF63E129DA8, dwUser=000000260F79CB00].
[2023-11-06T14:44:31.462 info Netsdk:63708 30748:23876 dhnetsdk.cpp:304]Leave CLIENT_SetAutoReconnect.
[2023-11-06T14:44:31.486 info Netsdk:63708 30748:23876 dhnetsdk.cpp:991]Enter CLIENT_LoginWithHighLevelSecurity. pstInParam:000000260F79AF90, pstOutParam:000000260F79B090.
[2023-11-06T14:44:31.486 info Netsdk:63708 30748:23876 dhnetsdk.cpp:1007]IP:218.240.128.210, port:37777, SpeCap:0, CapParam:0000000000000000, TLSCap:0
[2023-11-06T14:44:31.703 info Netsdk:63708 26524:22520 dhnetsdk.cpp:1054]Leave CLIENT_LoginWithHighLevelSecurity. error:0, login ID:-129992112.
[2023-11-06T14:44:31.707 info Netsdk:63708 26524:22520 dhnetsdk.cpp:8181]Enter CLIENT_QueryDevState. [lLoginID=-129992112, nType=4, pBuf=00000085ED33AEF0, nBufLen=3076, pRetLen=00000085ED33C744, waittime=3000.]
[2023-11-06T14:44:31.708 info Netsdk:63708 30748:23876 dhnetsdk.cpp:1054]Leave CLIENT_LoginWithHighLevelSecurity. error:0, login ID:-260084736.
[2023-11-06T14:44:31.713 info Netsdk:63708 30748:23876 dhnetsdk.cpp:8181]Enter CLIENT_QueryDevState. [lLoginID=-260084736, nType=82, pBuf=000000260F79B1B8, nBufLen=60, pRetLen=000000260F79B194, waittime=1000.]
[2023-11-06T14:44:31.757 info Netsdk:63708 26524:22520 dhnetsdk.cpp:8205]Leave CLIENT_QueryDevState.ret:1.
[2023-11-06T14:44:31.816 info Netsdk:63708 30748:23876 dhnetsdk.cpp:8205]Leave CLIENT_QueryDevState.ret:1.
[2023-11-06T14:44:31.817 info Netsdk:63708 30748:23876 dhnetsdk.cpp:1288]Enter CLIENT_RealPlayEx. lLoginID:-260084736. nChannelID:0. rType:0
[2023-11-06T14:44:32.035 error Netsdk:63708 30748:23876 Generation2ProtocolSecureTransmit.cpp:661]Not find
[2023-11-06T14:44:32.035 info Netsdk:63708 30748:23876 DevConfigEx.cpp:11689]IN SetupSession PORT=0 and PORT: 37777
[2023-11-06T14:44:32.110 info Netsdk:63708 30748:23876 dhnetsdk.cpp:1354]Leave CLIENT_RealPlayEx. ret:-260058944
[2023-11-06T14:44:55.172 info Netsdk:63708 26524:22520 dhnetsdk.cpp:8113]Enter CLIENT_ControlDevice. [lLoginID=-129992112, type=12, param=0000000000000000, waittime=3000.]
[2023-11-06T14:44:55.176 info Netsdk:63708 26524:22520 dhnetsdk.cpp:8136]Leave CLIENT_ControlDevice.ret:1.
[2023-11-06T14:45:26.496 info Netsdk:63708 30748:23876 dhnetsdk.cpp:2090]Enter CLIENT_StopRealPlayEx. lRealHandle:-260058944.
[2023-11-06T14:45:26.511 info Netsdk:63708 30748:23876 dhnetsdk.cpp:2104]Leave CLIENT_StopRealPlayEx. ret:1
[2023-11-06T14:45:26.512 info Netsdk:63708 30748:23876 dhnetsdk.cpp:1075]Enter CLIENT_Logout. lLoginID:-260084736.
[2023-11-06T14:45:26.515 error Netsdk:63708 30748:23876 TPTCPClient.cpp:723]Device is not online, ip:218.240.128.210
[2023-11-06T14:45:26.515 info Netsdk:63708 30748:23876 dhnetsdk.cpp:1097]Leave CLIENT_Logout. ret:1
Begin Time:2023-11-06T14:45:29.136
[2023-11-06T14:45:29.136 info Netsdk:63708 34176:37436 AVNetSDKMgr.cpp:504]Load avnetsdk library dynamically
[2023-11-06T14:45:29.139 info Netsdk:63708 34176:37436 AVNetSDKMgr.cpp:549]avnetsdk module handle: 000002D392480000

[2023-11-06T14:45:29.139 info Netsdk:63708 34176:37436 AVNetSDKMgr.cpp:823]Load configsdk dynamically
[2023-11-06T14:45:29.142 info Netsdk:63708 34176:37436 dhnetsdk.cpp:302]Enter CLIENT_SetAutoReconnect:[cbAutoConnect=00007FF63E129DA8, dwUser=000000EF6ED4D290].
[2023-11-06T14:45:29.142 info Netsdk:63708 34176:37436 dhnetsdk.cpp:304]Leave CLIENT_SetAutoReconnect.
[2023-11-06T14:45:29.153 info Netsdk:63708 34176:37436 dhnetsdk.cpp:991]Enter CLIENT_LoginWithHighLevelSecurity. pstInParam:000000EF6ED4B720, pstOutParam:000000EF6ED4B820.
[2023-11-06T14:45:29.153 info Netsdk:63708 34176:37436 dhnetsdk.cpp:1007]IP:218.240.128.210, port:37777, SpeCap:0, CapParam:0000000000000000, TLSCap:0
[2023-11-06T14:45:29.334 info Netsdk:63708 34176:37436 dhnetsdk.cpp:1054]Leave CLIENT_LoginWithHighLevelSecurity. error:0, login ID:-1894159360.
[2023-11-06T14:45:29.347 info Netsdk:63708 34176:37436 dhnetsdk.cpp:8181]Enter CLIENT_QueryDevState. [lLoginID=-1894159360, nType=82, pBuf=000000EF6ED4B948, nBufLen=60, pRetLen=000000EF6ED4B924, waittime=1000.]
[2023-11-06T14:45:29.455 info Netsdk:63708 34176:37436 dhnetsdk.cpp:8205]Leave CLIENT_QueryDevState.ret:1.
[2023-11-06T14:45:29.461 info Netsdk:63708 34176:37436 dhnetsdk.cpp:1288]Enter CLIENT_RealPlayEx. lLoginID:-1894159360. nChannelID:0. rType:0
[2023-11-06T14:45:29.744 error Netsdk:63708 34176:37436 Generation2ProtocolSecureTransmit.cpp:661]Not find
[2023-11-06T14:45:29.744 info Netsdk:63708 34176:37436 DevConfigEx.cpp:11689]IN SetupSession PORT=0 and PORT: 37777
[2023-11-06T14:45:29.856 info Netsdk:63708 34176:37436 dhnetsdk.cpp:1354]Leave CLIENT_RealPlayEx. ret:-1894137168
[2023-11-06T14:45:30.447 info Netsdk:63708 26524:22520 dhnetsdk.cpp:1075]Enter CLIENT_Logout. lLoginID:-129992112.
[2023-11-06T14:45:30.447 error Netsdk:63708 26524:22520 TPTCPClient.cpp:723]Device is not online, ip:218.240.128.210
[2023-11-06T14:45:30.447 info Netsdk:63708 26524:22520 dhnetsdk.cpp:1097]Leave CLIENT_Logout. ret:1
Begin Time:2023-11-06T14:45:44.489
[2023-11-06T14:45:44.489 info Netsdk:63708 26868:29176 AVNetSDKMgr.cpp:504]Load avnetsdk library dynamically
[2023-11-06T14:45:44.508 info Netsdk:63708 26868:29176 AVNetSDKMgr.cpp:549]avnetsdk module handle: 000002D692FA0000

[2023-11-06T14:45:44.508 info Netsdk:63708 26868:29176 AVNetSDKMgr.cpp:823]Load configsdk dynamically
[2023-11-06T14:45:44.517 info Netsdk:63708 26868:29176 dhnetsdk.cpp:352]Enter CLIENT_SetNetworkParam:[nWaittime=0, nConnectTime=0, nConnectTryNum=2, nSubConnectSpaceTime=0, nGetDevInfoTime=3000, nConnectBufSize=0, nGetConnInfoTime=0, nSearchRecordTime=0, nsubDisconnetTime=0, byNetType=0, byPlaybackBufSize=0, bDetectDisconnTime=0, bKeepLifeInterval=0, nPicBufSize=0].
[2023-11-06T14:45:44.517 info Netsdk:63708 26868:29176 dhnetsdk.cpp:367]Leave CLIENT_SetNetworkParam.
[2023-11-06T14:45:44.517 info Netsdk:63708 26868:29176 dhnetsdk.cpp:302]Enter CLIENT_SetAutoReconnect:[cbAutoConnect=00007FF7F58A9CA4, dwUser=000000DB784FE910].
[2023-11-06T14:45:44.517 info Netsdk:63708 26868:29176 dhnetsdk.cpp:304]Leave CLIENT_SetAutoReconnect.
[2023-11-06T14:45:44.573 info Netsdk:63708 26868:29176 dhnetsdk.cpp:991]Enter CLIENT_LoginWithHighLevelSecurity. pstInParam:000000DB784FCE80, pstOutParam:000000DB784FCF80.
[2023-11-06T14:45:44.574 info Netsdk:63708 26868:29176 dhnetsdk.cpp:1007]IP:218.240.128.210, port:37777, SpeCap:0, CapParam:0000000000000000, TLSCap:0
Begin Time:2023-11-06T14:45:44.581
[2023-11-06T14:45:44.581 info Netsdk:63708 19504:20248 AVNetSDKMgr.cpp:504]Load avnetsdk library dynamically
[2023-11-06T14:45:44.584 info Netsdk:63708 19504:20248 AVNetSDKMgr.cpp:549]avnetsdk module handle: 000002901F320000

[2023-11-06T14:45:44.584 info Netsdk:63708 19504:20248 AVNetSDKMgr.cpp:823]Load configsdk dynamically
[2023-11-06T14:45:44.586 info Netsdk:63708 19504:20248 dhnetsdk.cpp:302]Enter CLIENT_SetAutoReconnect:[cbAutoConnect=00007FF63E129DA8, dwUser=000000D79C4FCDA0].
[2023-11-06T14:45:44.586 info Netsdk:63708 19504:20248 dhnetsdk.cpp:304]Leave CLIENT_SetAutoReconnect.
[2023-11-06T14:45:44.625 info Netsdk:63708 19504:20248 dhnetsdk.cpp:991]Enter CLIENT_LoginWithHighLevelSecurity. pstInParam:000000D79C4FB230, pstOutParam:000000D79C4FB330.
[2023-11-06T14:45:44.625 info Netsdk:63708 19504:20248 dhnetsdk.cpp:1007]IP:218.240.128.210, port:37777, SpeCap:0, CapParam:0000000000000000, TLSCap:0
[2023-11-06T14:45:44.756 info Netsdk:63708 26868:29176 dhnetsdk.cpp:1054]Leave CLIENT_LoginWithHighLevelSecurity. error:0, login ID:-1878427680.
[2023-11-06T14:45:44.761 info Netsdk:63708 26868:29176 dhnetsdk.cpp:8181]Enter CLIENT_QueryDevState. [lLoginID=-1878427680, nType=4, pBuf=000000DB784FB4C0, nBufLen=3076, pRetLen=000000DB784FCD14, waittime=3000.]
[2023-11-06T14:45:44.794 info Netsdk:63708 19504:20248 dhnetsdk.cpp:1054]Leave CLIENT_LoginWithHighLevelSecurity. error:0, login ID:459174448.
[2023-11-06T14:45:44.803 info Netsdk:63708 19504:20248 dhnetsdk.cpp:8181]Enter CLIENT_QueryDevState. [lLoginID=459174448, nType=82, pBuf=000000D79C4FB458, nBufLen=60, pRetLen=000000D79C4FB434, waittime=1000.]
[2023-11-06T14:45:44.820 info Netsdk:63708 26868:29176 dhnetsdk.cpp:8205]Leave CLIENT_QueryDevState.ret:1.
[2023-11-06T14:45:44.896 info Netsdk:63708 19504:20248 dhnetsdk.cpp:8205]Leave CLIENT_QueryDevState.ret:1.
[2023-11-06T14:45:44.899 info Netsdk:63708 19504:20248 dhnetsdk.cpp:1288]Enter CLIENT_RealPlayEx. lLoginID:459174448. nChannelID:0. rType:0
[2023-11-06T14:45:45.105 error Netsdk:63708 19504:20248 Generation2ProtocolSecureTransmit.cpp:661]Not find
[2023-11-06T14:45:45.105 info Netsdk:63708 19504:20248 DevConfigEx.cpp:11689]IN SetupSession PORT=0 and PORT: 37777
[2023-11-06T14:45:45.167 info Netsdk:63708 19504:20248 dhnetsdk.cpp:1354]Leave CLIENT_RealPlayEx. ret:529605312
[2023-11-06T14:46:46.127 error Netsdk:63708 19504:16560 TcpSocket.cpp:864]Heartbeat failed, second:60
[2023-11-06T14:46:48.184 error Netsdk:63708 19504:22812 TPIOCPMultiplexer.cpp:161]iocp disconnected by remote host or something:GetLastError:997
[2023-11-06T14:47:50.199 error Netsdk:63708 19504:16560 TcpSocket.cpp:864]Heartbeat failed, second:60
[2023-11-06T14:47:52.254 error Netsdk:63708 19504:22812 TPIOCPMultiplexer.cpp:161]iocp disconnected by remote host or something:GetLastError:997
[2023-11-06T14:48:54.265 error Netsdk:63708 19504:16560 TcpSocket.cpp:864]Heartbeat failed, second:60
[2023-11-06T14:48:56.324 error Netsdk:63708 19504:22812 TPIOCPMultiplexer.cpp:161]iocp disconnected by remote host or something:GetLastError:997
[2023-11-06T14:49:58.333 error Netsdk:63708 19504:16560 TcpSocket.cpp:864]Heartbeat failed, second:60
[2023-11-06T14:50:00.394 error Netsdk:63708 19504:22812 TPIOCPMultiplexer.cpp:161]iocp disconnected by remote host or something:GetLastError:997
[2023-11-06T14:51:02.404 error Netsdk:63708 19504:16560 TcpSocket.cpp:864]Heartbeat failed, second:60
[2023-11-06T14:52:06.474 error Netsdk:63708 19504:16560 TcpSocket.cpp:864]Heartbeat failed, second:60
[2023-11-06T14:52:08.522 error Netsdk:63708 19504:22812 TPIOCPMultiplexer.cpp:161]iocp disconnected by remote host or something:GetLastError:997
[2023-11-06T14:53:10.545 error Netsdk:63708 19504:16560 TcpSocket.cpp:864]Heartbeat failed, second:60
[2023-11-06T14:54:14.608 error Netsdk:63708 19504:16560 TcpSocket.cpp:864]Heartbeat failed, second:60
[2023-11-06T14:54:16.672 error Netsdk:63708 19504:22812 TPIOCPMultiplexer.cpp:161]iocp disconnected by remote host or something:GetLastError:997
[2023-11-06T14:55:18.672 error Netsdk:63708 19504:16560 TcpSocket.cpp:864]Heartbeat failed, second:60
[2023-11-06T14:55:20.732 error Netsdk:63708 19504:22812 TPIOCPMultiplexer.cpp:161]iocp disconnected by remote host or something:GetLastError:997
[2023-11-06T14:56:07.671 info Netsdk:63708 26868:29176 dhnetsdk.cpp:1075]Enter CLIENT_Logout. lLoginID:-1878427680.
[2023-11-06T14:56:07.671 error Netsdk:63708 26868:29176 TPTCPClient.cpp:723]Device is not online, ip:218.240.128.210
[2023-11-06T14:56:07.671 info Netsdk:63708 26868:29176 dhnetsdk.cpp:1097]Leave CLIENT_Logout. ret:1
[2023-11-06T14:56:07.793 info Netsdk:63708 19504:20248 dhnetsdk.cpp:2090]Enter CLIENT_StopRealPlayEx. lRealHandle:529605312.
[2023-11-06T14:56:07.804 info Netsdk:63708 19504:20248 dhnetsdk.cpp:2104]Leave CLIENT_StopRealPlayEx. ret:1
[2023-11-06T14:56:07.804 info Netsdk:63708 19504:20248 dhnetsdk.cpp:1075]Enter CLIENT_Logout. lLoginID:459174448.
[2023-11-06T14:56:07.805 error Netsdk:63708 19504:20248 TPTCPClient.cpp:723]Device is not online, ip:218.240.128.210
[2023-11-06T14:56:07.806 info Netsdk:63708 19504:20248 dhnetsdk.cpp:1097]Leave CLIENT_Logout. ret:1
Begin Time:2023-11-06T15:30:20.219
[2023-11-06T15:30:20.220 info Netsdk:63708 10652:19416 AVNetSDKMgr.cpp:504]Load avnetsdk library dynamically
[2023-11-06T15:30:20.256 info Netsdk:63708 10652:19416 AVNetSDKMgr.cpp:549]avnetsdk module handle: 000002A565BF0000

[2023-11-06T15:30:20.257 info Netsdk:63708 10652:19416 AVNetSDKMgr.cpp:823]Load configsdk dynamically
[2023-11-06T15:30:20.265 info Netsdk:63708 10652:19416 dhnetsdk.cpp:352]Enter CLIENT_SetNetworkParam:[nWaittime=0, nConnectTime=0, nConnectTryNum=2, nSubConnectSpaceTime=0, nGetDevInfoTime=3000, nConnectBufSize=0, nGetConnInfoTime=0, nSearchRecordTime=0, nsubDisconnetTime=0, byNetType=0, byPlaybackBufSize=0, bDetectDisconnTime=0, bKeepLifeInterval=0, nPicBufSize=0].
[2023-11-06T15:30:20.266 info Netsdk:63708 10652:19416 dhnetsdk.cpp:367]Leave CLIENT_SetNetworkParam.
[2023-11-06T15:30:20.266 info Netsdk:63708 10652:19416 dhnetsdk.cpp:302]Enter CLIENT_SetAutoReconnect:[cbAutoConnect=00007FF73B829CA4, dwUser=000000D3D311E890].
[2023-11-06T15:30:20.266 info Netsdk:63708 10652:19416 dhnetsdk.cpp:304]Leave CLIENT_SetAutoReconnect.
Begin Time:2023-11-06T15:30:20.306
[2023-11-06T15:30:20.306 info Netsdk:63708 28124:21328 AVNetSDKMgr.cpp:504]Load avnetsdk library dynamically
[2023-11-06T15:30:20.309 info Netsdk:63708 28124:21328 AVNetSDKMgr.cpp:549]avnetsdk module handle: 0000020F0BE90000

[2023-11-06T15:30:20.310 info Netsdk:63708 28124:21328 AVNetSDKMgr.cpp:823]Load configsdk dynamically
[2023-11-06T15:30:20.312 info Netsdk:63708 28124:21328 dhnetsdk.cpp:302]Enter CLIENT_SetAutoReconnect:[cbAutoConnect=00007FF6A3389DA8, dwUser=0000008FA72FD0C0].
[2023-11-06T15:30:20.313 info Netsdk:63708 28124:21328 dhnetsdk.cpp:304]Leave CLIENT_SetAutoReconnect.
[2023-11-06T15:30:20.395 info Netsdk:63708 10652:19416 dhnetsdk.cpp:991]Enter CLIENT_LoginWithHighLevelSecurity. pstInParam:000000D3D311CE00, pstOutParam:000000D3D311CF00.
[2023-11-06T15:30:20.395 info Netsdk:63708 10652:19416 dhnetsdk.cpp:1007]IP:218.240.128.210, port:37777, SpeCap:0, CapParam:0000000000000000, TLSCap:0
[2023-11-06T15:30:20.401 info Netsdk:63708 28124:21328 dhnetsdk.cpp:991]Enter CLIENT_LoginWithHighLevelSecurity. pstInParam:0000008FA72FB550, pstOutParam:0000008FA72FB650.
[2023-11-06T15:30:20.401 info Netsdk:63708 28124:21328 dhnetsdk.cpp:1007]IP:218.240.128.210, port:37777, SpeCap:0, CapParam:0000000000000000, TLSCap:0
[2023-11-06T15:30:20.540 info Netsdk:63708 10652:19416 dhnetsdk.cpp:1054]Leave CLIENT_LoginWithHighLevelSecurity. error:0, login ID:1653045840.
[2023-11-06T15:30:20.544 info Netsdk:63708 10652:19416 dhnetsdk.cpp:8181]Enter CLIENT_QueryDevState. [lLoginID=1653045840, nType=4, pBuf=000000D3D311B440, nBufLen=3076, pRetLen=000000D3D311CC94, waittime=3000.]
[2023-11-06T15:30:20.604 info Netsdk:63708 10652:19416 dhnetsdk.cpp:8205]Leave CLIENT_QueryDevState.ret:1.
[2023-11-06T15:30:20.604 info Netsdk:63708 28124:21328 dhnetsdk.cpp:1054]Leave CLIENT_LoginWithHighLevelSecurity. error:0, login ID:142519312.
[2023-11-06T15:30:20.616 info Netsdk:63708 28124:21328 dhnetsdk.cpp:8181]Enter CLIENT_QueryDevState. [lLoginID=142519312, nType=82, pBuf=0000008FA72FB778, nBufLen=60, pRetLen=0000008FA72FB754, waittime=1000.]
[2023-11-06T15:30:20.712 info Netsdk:63708 28124:21328 dhnetsdk.cpp:8205]Leave CLIENT_QueryDevState.ret:1.
[2023-11-06T15:30:20.718 info Netsdk:63708 28124:21328 dhnetsdk.cpp:1288]Enter CLIENT_RealPlayEx. lLoginID:142519312. nChannelID:0. rType:0
[2023-11-06T15:30:20.902 error Netsdk:63708 28124:21328 Generation2ProtocolSecureTransmit.cpp:661]Not find
[2023-11-06T15:30:20.902 info Netsdk:63708 28124:21328 DevConfigEx.cpp:11689]IN SetupSession PORT=0 and PORT: 37777
[2023-11-06T15:30:20.984 info Netsdk:63708 28124:21328 dhnetsdk.cpp:1354]Leave CLIENT_RealPlayEx. ret:205922496
[2023-11-06T15:30:30.841 info Netsdk:63708 10652:19416 dhnetsdk.cpp:8113]Enter CLIENT_ControlDevice. [lLoginID=1653045840, type=12, param=0000000000000000, waittime=3000.]
[2023-11-06T15:30:30.843 info Netsdk:63708 10652:19416 dhnetsdk.cpp:8136]Leave CLIENT_ControlDevice.ret:1.
[2023-11-06T15:31:21.841 error Netsdk:63708 28124:6600 TcpSocket.cpp:864]Heartbeat failed, second:60
[2023-11-06T15:32:07.414 info Netsdk:63708 10652:19416 dhnetsdk.cpp:1075]Enter CLIENT_Logout. lLoginID:1653045840.
[2023-11-06T15:32:07.417 error Netsdk:63708 10652:19416 TPTCPClient.cpp:723]Device is not online, ip:218.240.128.210
[2023-11-06T15:32:07.417 info Netsdk:63708 10652:19416 dhnetsdk.cpp:1097]Leave CLIENT_Logout. ret:1
[2023-11-06T15:32:07.484 info Netsdk:63708 28124:21328 dhnetsdk.cpp:2090]Enter CLIENT_StopRealPlayEx. lRealHandle:205922496.
[2023-11-06T15:32:07.497 info Netsdk:63708 28124:21328 dhnetsdk.cpp:2104]Leave CLIENT_StopRealPlayEx. ret:1
[2023-11-06T15:32:07.497 info Netsdk:63708 28124:21328 dhnetsdk.cpp:1075]Enter CLIENT_Logout. lLoginID:142519312.
[2023-11-06T15:32:07.497 error Netsdk:63708 28124:21328 TPTCPClient.cpp:723]Device is not online, ip:218.240.128.210
[2023-11-06T15:32:07.497 info Netsdk:63708 28124:21328 dhnetsdk.cpp:1097]Leave CLIENT_Logout. ret:1
Begin Time:2023-11-06T15:34:58.300
[2023-11-06T15:34:58.300 info Netsdk:63708 22240:31824 AVNetSDKMgr.cpp:504]Load avnetsdk library dynamically
[2023-11-06T15:34:58.327 info Netsdk:63708 22240:31824 AVNetSDKMgr.cpp:549]avnetsdk module handle: 0000028D64560000

[2023-11-06T15:34:58.327 info Netsdk:63708 22240:31824 AVNetSDKMgr.cpp:823]Load configsdk dynamically
[2023-11-06T15:34:58.333 info Netsdk:63708 22240:31824 dhnetsdk.cpp:352]Enter CLIENT_SetNetworkParam:[nWaittime=0, nConnectTime=0, nConnectTryNum=2, nSubConnectSpaceTime=0, nGetDevInfoTime=3000, nConnectBufSize=0, nGetConnInfoTime=0, nSearchRecordTime=0, nsubDisconnetTime=0, byNetType=0, byPlaybackBufSize=0, bDetectDisconnTime=0, bKeepLifeInterval=0, nPicBufSize=0].
[2023-11-06T15:34:58.333 info Netsdk:63708 22240:31824 dhnetsdk.cpp:367]Leave CLIENT_SetNetworkParam.
[2023-11-06T15:34:58.333 info Netsdk:63708 22240:31824 dhnetsdk.cpp:302]Enter CLIENT_SetAutoReconnect:[cbAutoConnect=00007FF73B829CA4, dwUser=0000009EBDAFE620].
[2023-11-06T15:34:58.333 info Netsdk:63708 22240:31824 dhnetsdk.cpp:304]Leave CLIENT_SetAutoReconnect.
[2023-11-06T15:34:58.448 info Netsdk:63708 22240:31824 dhnetsdk.cpp:991]Enter CLIENT_LoginWithHighLevelSecurity. pstInParam:0000009EBDAFCB90, pstOutParam:0000009EBDAFCC90.
[2023-11-06T15:34:58.448 info Netsdk:63708 22240:31824 dhnetsdk.cpp:1007]IP:218.240.128.210, port:37777, SpeCap:0, CapParam:0000000000000000, TLSCap:0
Begin Time:2023-11-06T15:34:58.461
[2023-11-06T15:34:58.461 info Netsdk:63708 12300:32540 AVNetSDKMgr.cpp:504]Load avnetsdk library dynamically
[2023-11-06T15:34:58.465 info Netsdk:63708 12300:32540 AVNetSDKMgr.cpp:549]avnetsdk module handle: 000001C0855D0000

[2023-11-06T15:34:58.465 info Netsdk:63708 12300:32540 AVNetSDKMgr.cpp:823]Load configsdk dynamically
[2023-11-06T15:34:58.467 info Netsdk:63708 12300:32540 dhnetsdk.cpp:302]Enter CLIENT_SetAutoReconnect:[cbAutoConnect=00007FF6A3389DA8, dwUser=000000636ED6D1C0].
[2023-11-06T15:34:58.467 info Netsdk:63708 12300:32540 dhnetsdk.cpp:304]Leave CLIENT_SetAutoReconnect.
[2023-11-06T15:34:58.483 info Netsdk:63708 12300:32540 dhnetsdk.cpp:991]Enter CLIENT_LoginWithHighLevelSecurity. pstInParam:000000636ED6B650, pstOutParam:000000636ED6B750.
[2023-11-06T15:34:58.483 info Netsdk:63708 12300:32540 dhnetsdk.cpp:1007]IP:218.240.128.210, port:37777, SpeCap:0, CapParam:0000000000000000, TLSCap:0
[2023-11-06T15:34:58.705 info Netsdk:63708 22240:31824 dhnetsdk.cpp:1054]Leave CLIENT_LoginWithHighLevelSecurity. error:0, login ID:1601148512.
[2023-11-06T15:34:58.707 info Netsdk:63708 12300:32540 dhnetsdk.cpp:1054]Leave CLIENT_LoginWithHighLevelSecurity. error:0, login ID:-2113836032.
[2023-11-06T15:34:58.709 info Netsdk:63708 22240:31824 dhnetsdk.cpp:8181]Enter CLIENT_QueryDevState. [lLoginID=1601148512, nType=4, pBuf=0000009EBDAFB1D0, nBufLen=3076, pRetLen=0000009EBDAFCA24, waittime=3000.]
[2023-11-06T15:34:58.714 info Netsdk:63708 12300:32540 dhnetsdk.cpp:8181]Enter CLIENT_QueryDevState. [lLoginID=-2113836032, nType=82, pBuf=000000636ED6B878, nBufLen=60, pRetLen=000000636ED6B854, waittime=1000.]
[2023-11-06T15:34:58.738 info Netsdk:63708 22240:31824 dhnetsdk.cpp:8205]Leave CLIENT_QueryDevState.ret:1.
[2023-11-06T15:34:58.811 info Netsdk:63708 12300:32540 dhnetsdk.cpp:8205]Leave CLIENT_QueryDevState.ret:1.
[2023-11-06T15:34:58.815 info Netsdk:63708 12300:32540 dhnetsdk.cpp:1288]Enter CLIENT_RealPlayEx. lLoginID:-2113836032. nChannelID:0. rType:0
[2023-11-06T15:34:59.000 error Netsdk:63708 12300:32540 Generation2ProtocolSecureTransmit.cpp:661]Not find
[2023-11-06T15:34:59.000 info Netsdk:63708 12300:32540 DevConfigEx.cpp:11689]IN SetupSession PORT=0 and PORT: 37777
[2023-11-06T15:34:59.069 info Netsdk:63708 12300:32540 dhnetsdk.cpp:1354]Leave CLIENT_RealPlayEx. ret:-2113803872
[2023-11-06T15:35:09.075 info Netsdk:63708 22240:31824 dhnetsdk.cpp:8113]Enter CLIENT_ControlDevice. [lLoginID=1601148512, type=12, param=0000000000000000, waittime=3000.]
[2023-11-06T15:35:09.076 info Netsdk:63708 22240:31824 dhnetsdk.cpp:8136]Leave CLIENT_ControlDevice.ret:1.
[2023-11-06T15:35:59.983 error Netsdk:63708 12300:22808 TcpSocket.cpp:864]Heartbeat failed, second:60
[2023-11-06T15:36:02.038 error Netsdk:63708 12300:18064 TPIOCPMultiplexer.cpp:161]iocp disconnected by remote host or something:GetLastError:997
[2023-11-06T15:37:04.044 error Netsdk:63708 12300:22808 TcpSocket.cpp:864]Heartbeat failed, second:60
[2023-11-06T15:37:06.098 error Netsdk:63708 12300:18064 TPIOCPMultiplexer.cpp:161]iocp disconnected by remote host or something:GetLastError:997
[2023-11-06T15:38:08.110 error Netsdk:63708 12300:22808 TcpSocket.cpp:864]Heartbeat failed, second:60
[2023-11-06T15:39:12.176 error Netsdk:63708 12300:22808 TcpSocket.cpp:864]Heartbeat failed, second:60
[2023-11-06T15:39:14.227 error Netsdk:63708 12300:18064 TPIOCPMultiplexer.cpp:161]iocp disconnected by remote host or something:GetLastError:997
[2023-11-06T15:40:16.257 error Netsdk:63708 12300:22808 TcpSocket.cpp:864]Heartbeat failed, second:60
[2023-11-06T15:41:20.330 error Netsdk:63708 12300:22808 TcpSocket.cpp:864]Heartbeat failed, second:60
[2023-11-06T15:41:22.387 error Netsdk:63708 12300:18064 TPIOCPMultiplexer.cpp:161]iocp disconnected by remote host or something:GetLastError:997
[2023-11-06T15:42:24.396 error Netsdk:63708 12300:22808 TcpSocket.cpp:864]Heartbeat failed, second:60
[2023-11-06T15:42:26.456 error Netsdk:63708 12300:18064 TPIOCPMultiplexer.cpp:161]iocp disconnected by remote host or something:GetLastError:997
[2023-11-06T15:42:35.392 info Netsdk:63708 22240:31824 dhnetsdk.cpp:1075]Enter CLIENT_Logout. lLoginID:1601148512.
[2023-11-06T15:42:35.392 error Netsdk:63708 22240:31824 TPTCPClient.cpp:723]Device is not online, ip:218.240.128.210
[2023-11-06T15:42:35.392 info Netsdk:63708 22240:31824 dhnetsdk.cpp:1097]Leave CLIENT_Logout. ret:1
[2023-11-06T15:42:35.639 info Netsdk:63708 12300:32540 dhnetsdk.cpp:2090]Enter CLIENT_StopRealPlayEx. lRealHandle:-2113803872.
[2023-11-06T15:42:35.642 info Netsdk:63708 12300:32540 dhnetsdk.cpp:2104]Leave CLIENT_StopRealPlayEx. ret:1
[2023-11-06T15:42:35.642 info Netsdk:63708 12300:32540 dhnetsdk.cpp:1075]Enter CLIENT_Logout. lLoginID:-2113836032.
[2023-11-06T15:42:35.642 error Netsdk:63708 12300:32540 TPTCPClient.cpp:723]Device is not online, ip:218.240.128.210
[2023-11-06T15:42:35.642 info Netsdk:63708 12300:32540 dhnetsdk.cpp:1097]Leave CLIENT_Logout. ret:1
Begin Time:2023-11-06T15:42:36.875
[2023-11-06T15:42:36.875 info Netsdk:63708 27008:37840 AVNetSDKMgr.cpp:504]Load avnetsdk library dynamically
[2023-11-06T15:42:36.877 info Netsdk:63708 27008:37840 AVNetSDKMgr.cpp:549]avnetsdk module handle: 0000016FB3F60000

[2023-11-06T15:42:36.877 info Netsdk:63708 27008:37840 AVNetSDKMgr.cpp:823]Load configsdk dynamically
[2023-11-06T15:42:36.879 info Netsdk:63708 27008:37840 dhnetsdk.cpp:302]Enter CLIENT_SetAutoReconnect:[cbAutoConnect=00007FF6A3389DA8, dwUser=0000000DE96FD140].
[2023-11-06T15:42:36.879 info Netsdk:63708 27008:37840 dhnetsdk.cpp:304]Leave CLIENT_SetAutoReconnect.
[2023-11-06T15:42:36.883 info Netsdk:63708 27008:37840 dhnetsdk.cpp:991]Enter CLIENT_LoginWithHighLevelSecurity. pstInParam:0000000DE96FB5D0, pstOutParam:0000000DE96FB6D0.
[2023-11-06T15:42:36.883 info Netsdk:63708 27008:37840 dhnetsdk.cpp:1007]IP:218.240.128.210, port:37777, SpeCap:0, CapParam:0000000000000000, TLSCap:0
Begin Time:2023-11-06T15:42:36.888
[2023-11-06T15:42:36.888 info Netsdk:63708 11664:33980 AVNetSDKMgr.cpp:504]Load avnetsdk library dynamically
[2023-11-06T15:42:36.899 info Netsdk:63708 11664:33980 AVNetSDKMgr.cpp:549]avnetsdk module handle: 000001E7DF510000

[2023-11-06T15:42:36.900 info Netsdk:63708 11664:33980 AVNetSDKMgr.cpp:823]Load configsdk dynamically
[2023-11-06T15:42:36.902 info Netsdk:63708 11664:33980 dhnetsdk.cpp:352]Enter CLIENT_SetNetworkParam:[nWaittime=0, nConnectTime=0, nConnectTryNum=2, nSubConnectSpaceTime=0, nGetDevInfoTime=3000, nConnectBufSize=0, nGetConnInfoTime=0, nSearchRecordTime=0, nsubDisconnetTime=0, byNetType=0, byPlaybackBufSize=0, bDetectDisconnTime=0, bKeepLifeInterval=0, nPicBufSize=0].
[2023-11-06T15:42:36.902 info Netsdk:63708 11664:33980 dhnetsdk.cpp:367]Leave CLIENT_SetNetworkParam.
[2023-11-06T15:42:36.902 info Netsdk:63708 11664:33980 dhnetsdk.cpp:302]Enter CLIENT_SetAutoReconnect:[cbAutoConnect=00007FF73B829CA4, dwUser=0000001F5957EAE0].
[2023-11-06T15:42:36.902 info Netsdk:63708 11664:33980 dhnetsdk.cpp:304]Leave CLIENT_SetAutoReconnect.
[2023-11-06T15:42:36.924 info Netsdk:63708 11664:33980 dhnetsdk.cpp:991]Enter CLIENT_LoginWithHighLevelSecurity. pstInParam:0000001F5957D050, pstOutParam:0000001F5957D150.
[2023-11-06T15:42:36.924 info Netsdk:63708 11664:33980 dhnetsdk.cpp:1007]IP:218.240.128.210, port:37777, SpeCap:0, CapParam:0000000000000000, TLSCap:0
[2023-11-06T15:42:37.197 info Netsdk:63708 11664:33980 dhnetsdk.cpp:1054]Leave CLIENT_LoginWithHighLevelSecurity. error:0, login ID:-595297712.
[2023-11-06T15:42:37.198 info Netsdk:63708 11664:33980 dhnetsdk.cpp:8181]Enter CLIENT_QueryDevState. [lLoginID=-595297712, nType=4, pBuf=0000001F5957B690, nBufLen=3076, pRetLen=0000001F5957CEE4, waittime=3000.]
[2023-11-06T15:42:37.199 info Netsdk:63708 27008:37840 dhnetsdk.cpp:1054]Leave CLIENT_LoginWithHighLevelSecurity. error:0, login ID:-1320915808.
[2023-11-06T15:42:37.202 info Netsdk:63708 27008:37840 dhnetsdk.cpp:8181]Enter CLIENT_QueryDevState. [lLoginID=-1320915808, nType=82, pBuf=0000000DE96FB7F8, nBufLen=60, pRetLen=0000000DE96FB7D4, waittime=1000.]
[2023-11-06T15:42:37.223 info Netsdk:63708 11664:33980 dhnetsdk.cpp:8205]Leave CLIENT_QueryDevState.ret:1.
[2023-11-06T15:42:37.306 info Netsdk:63708 27008:37840 dhnetsdk.cpp:8205]Leave CLIENT_QueryDevState.ret:1.
[2023-11-06T15:42:37.308 info Netsdk:63708 27008:37840 dhnetsdk.cpp:1288]Enter CLIENT_RealPlayEx. lLoginID:-1320915808. nChannelID:0. rType:0
[2023-11-06T15:42:37.540 error Netsdk:63708 27008:37840 Generation2ProtocolSecureTransmit.cpp:661]Not find
[2023-11-06T15:42:37.540 info Netsdk:63708 27008:37840 DevConfigEx.cpp:11689]IN SetupSession PORT=0 and PORT: 37777
[2023-11-06T15:42:37.622 info Netsdk:63708 27008:37840 dhnetsdk.cpp:1354]Leave CLIENT_RealPlayEx. ret:-1270093328
Begin Time:2023-11-06T16:03:31.053
[2023-11-06T16:03:31.054 info Netsdk:63708 6816:30028 AVNetSDKMgr.cpp:504]Load avnetsdk library dynamically
[2023-11-06T16:03:31.076 info Netsdk:63708 6816:30028 AVNetSDKMgr.cpp:549]avnetsdk module handle: 000001EDDB100000

[2023-11-06T16:03:31.076 info Netsdk:63708 6816:30028 AVNetSDKMgr.cpp:823]Load configsdk dynamically
[2023-11-06T16:03:31.081 info Netsdk:63708 6816:30028 dhnetsdk.cpp:352]Enter CLIENT_SetNetworkParam:[nWaittime=0, nConnectTime=0, nConnectTryNum=2, nSubConnectSpaceTime=0, nGetDevInfoTime=3000, nConnectBufSize=0, nGetConnInfoTime=0, nSearchRecordTime=0, nsubDisconnetTime=0, byNetType=0, byPlaybackBufSize=0, bDetectDisconnTime=0, bKeepLifeInterval=0, nPicBufSize=0].
[2023-11-06T16:03:31.081 info Netsdk:63708 6816:30028 dhnetsdk.cpp:367]Leave CLIENT_SetNetworkParam.
[2023-11-06T16:03:31.081 info Netsdk:63708 6816:30028 dhnetsdk.cpp:302]Enter CLIENT_SetAutoReconnect:[cbAutoConnect=00007FF73B829CA4, dwUser=0000008509AFE840].
[2023-11-06T16:03:31.081 info Netsdk:63708 6816:30028 dhnetsdk.cpp:304]Leave CLIENT_SetAutoReconnect.
Begin Time:2023-11-06T16:03:31.093
[2023-11-06T16:03:31.093 info Netsdk:63708 2688:37308 AVNetSDKMgr.cpp:504]Load avnetsdk library dynamically
[2023-11-06T16:03:31.097 info Netsdk:63708 2688:37308 AVNetSDKMgr.cpp:549]avnetsdk module handle: 000002D6DCF40000

[2023-11-06T16:03:31.097 info Netsdk:63708 2688:37308 AVNetSDKMgr.cpp:823]Load configsdk dynamically
[2023-11-06T16:03:31.098 info Netsdk:63708 2688:37308 dhnetsdk.cpp:302]Enter CLIENT_SetAutoReconnect:[cbAutoConnect=00007FF6A3389DA8, dwUser=000000E906AFCC80].
[2023-11-06T16:03:31.098 info Netsdk:63708 2688:37308 dhnetsdk.cpp:304]Leave CLIENT_SetAutoReconnect.
[2023-11-06T16:03:31.124 info Netsdk:63708 2688:37308 dhnetsdk.cpp:991]Enter CLIENT_LoginWithHighLevelSecurity. pstInParam:000000E906AFB110, pstOutParam:000000E906AFB210.
[2023-11-06T16:03:31.124 info Netsdk:63708 2688:37308 dhnetsdk.cpp:1007]IP:218.240.128.210, port:37777, SpeCap:0, CapParam:0000000000000000, TLSCap:0
[2023-11-06T16:03:31.148 info Netsdk:63708 6816:30028 dhnetsdk.cpp:991]Enter CLIENT_LoginWithHighLevelSecurity. pstInParam:0000008509AFCDB0, pstOutParam:0000008509AFCEB0.
[2023-11-06T16:03:31.148 info Netsdk:63708 6816:30028 dhnetsdk.cpp:1007]IP:218.240.128.210, port:37777, SpeCap:0, CapParam:0000000000000000, TLSCap:0
[2023-11-06T16:03:31.357 info Netsdk:63708 2688:37308 dhnetsdk.cpp:1054]Leave CLIENT_LoginWithHighLevelSecurity. error:0, login ID:-652774864.
[2023-11-06T16:03:31.363 info Netsdk:63708 2688:37308 dhnetsdk.cpp:8181]Enter CLIENT_QueryDevState. [lLoginID=-652774864, nType=82, pBuf=000000E906AFB338, nBufLen=60, pRetLen=000000E906AFB314, waittime=1000.]
[2023-11-06T16:03:31.366 info Netsdk:63708 6816:30028 dhnetsdk.cpp:1054]Leave CLIENT_LoginWithHighLevelSecurity. error:0, login ID:-676759584.
[2023-11-06T16:03:31.368 info Netsdk:63708 6816:30028 dhnetsdk.cpp:8181]Enter CLIENT_QueryDevState. [lLoginID=-676759584, nType=4, pBuf=0000008509AFB3F0, nBufLen=3076, pRetLen=0000008509AFCC44, waittime=3000.]
[2023-11-06T16:03:31.393 info Netsdk:63708 6816:30028 dhnetsdk.cpp:8205]Leave CLIENT_QueryDevState.ret:1.
[2023-11-06T16:03:31.490 info Netsdk:63708 2688:37308 dhnetsdk.cpp:8205]Leave CLIENT_QueryDevState.ret:1.
[2023-11-06T16:03:31.492 info Netsdk:63708 2688:37308 dhnetsdk.cpp:1288]Enter CLIENT_RealPlayEx. lLoginID:-652774864. nChannelID:0. rType:0
[2023-11-06T16:03:31.829 error Netsdk:63708 2688:37308 Generation2ProtocolSecureTransmit.cpp:661]Not find
[2023-11-06T16:03:31.829 info Netsdk:63708 2688:37308 DevConfigEx.cpp:11689]IN SetupSession PORT=0 and PORT: 37777
[2023-11-06T16:03:31.884 info Netsdk:63708 2688:37308 dhnetsdk.cpp:1354]Leave CLIENT_RealPlayEx. ret:-652752672
[2023-11-06T16:03:46.558 info Netsdk:63708 6816:30028 dhnetsdk.cpp:8113]Enter CLIENT_ControlDevice. [lLoginID=-676759584, type=12, param=0000000000000000, waittime=3000.]
[2023-11-06T16:03:46.558 info Netsdk:63708 6816:30028 dhnetsdk.cpp:8136]Leave CLIENT_ControlDevice.ret:1.
[2023-11-06T16:04:32.623 error Netsdk:63708 2688:3112 TcpSocket.cpp:864]Heartbeat failed, second:60
[2023-11-06T16:05:19.188 info Netsdk:63708 6816:30028 dhnetsdk.cpp:1075]Enter CLIENT_Logout. lLoginID:-676759584.
[2023-11-06T16:05:19.188 info Netsdk:63708 2688:37308 dhnetsdk.cpp:2090]Enter CLIENT_StopRealPlayEx. lRealHandle:-652752672.
[2023-11-06T16:05:19.188 error Netsdk:63708 6816:30028 TPTCPClient.cpp:723]Device is not online, ip:218.240.128.210
[2023-11-06T16:05:19.188 info Netsdk:63708 6816:30028 dhnetsdk.cpp:1097]Leave CLIENT_Logout. ret:1
[2023-11-06T16:05:19.198 info Netsdk:63708 2688:37308 dhnetsdk.cpp:2104]Leave CLIENT_StopRealPlayEx. ret:1
[2023-11-06T16:05:19.198 info Netsdk:63708 2688:37308 dhnetsdk.cpp:1075]Enter CLIENT_Logout. lLoginID:-652774864.
[2023-11-06T16:05:19.198 error Netsdk:63708 2688:37308 TPTCPClient.cpp:723]Device is not online, ip:218.240.128.210
[2023-11-06T16:05:19.198 info Netsdk:63708 2688:37308 dhnetsdk.cpp:1097]Leave CLIENT_Logout. ret:1
Begin Time:2023-11-06T16:38:36.628
[2023-11-06T16:38:36.628 info Netsdk:63708 12232:35968 AVNetSDKMgr.cpp:504]Load avnetsdk library dynamically
[2023-11-06T16:38:36.644 info Netsdk:63708 12232:35968 AVNetSDKMgr.cpp:549]avnetsdk module handle: 000001B613F80000

[2023-11-06T16:38:36.644 info Netsdk:63708 12232:35968 AVNetSDKMgr.cpp:823]Load configsdk dynamically
[2023-11-06T16:38:36.648 info Netsdk:63708 12232:35968 dhnetsdk.cpp:352]Enter CLIENT_SetNetworkParam:[nWaittime=0, nConnectTime=0, nConnectTryNum=2, nSubConnectSpaceTime=0, nGetDevInfoTime=3000, nConnectBufSize=0, nGetConnInfoTime=0, nSearchRecordTime=0, nsubDisconnetTime=0, byNetType=0, byPlaybackBufSize=0, bDetectDisconnTime=0, bKeepLifeInterval=0, nPicBufSize=0].
[2023-11-06T16:38:36.648 info Netsdk:63708 12232:35968 dhnetsdk.cpp:367]Leave CLIENT_SetNetworkParam.
[2023-11-06T16:38:36.648 info Netsdk:63708 12232:35968 dhnetsdk.cpp:302]Enter CLIENT_SetAutoReconnect:[cbAutoConnect=00007FF73B829CA4, dwUser=0000004CA92FE760].
[2023-11-06T16:38:36.648 info Netsdk:63708 12232:35968 dhnetsdk.cpp:304]Leave CLIENT_SetAutoReconnect.
[2023-11-06T16:38:36.672 info Netsdk:63708 12232:35968 dhnetsdk.cpp:991]Enter CLIENT_LoginWithHighLevelSecurity. pstInParam:0000004CA92FCCD0, pstOutParam:0000004CA92FCDD0.
[2023-11-06T16:38:36.672 info Netsdk:63708 12232:35968 dhnetsdk.cpp:1007]IP:218.240.128.210, port:37777, SpeCap:0, CapParam:0000000000000000, TLSCap:0
[2023-11-06T16:38:36.833 info Netsdk:63708 12232:35968 dhnetsdk.cpp:1054]Leave CLIENT_LoginWithHighLevelSecurity. error:0, login ID:287338192.
[2023-11-06T16:38:36.834 info Netsdk:63708 12232:35968 dhnetsdk.cpp:8181]Enter CLIENT_QueryDevState. [lLoginID=287338192, nType=4, pBuf=0000004CA92FB310, nBufLen=3076, pRetLen=0000004CA92FCB64, waittime=3000.]
[2023-11-06T16:38:36.877 info Netsdk:63708 12232:35968 dhnetsdk.cpp:8205]Leave CLIENT_QueryDevState.ret:1.
Begin Time:2023-11-06T16:39:37.803
[2023-11-06T16:39:37.804 info Netsdk:63708 24672:24044 AVNetSDKMgr.cpp:504]Load avnetsdk library dynamically
[2023-11-06T16:39:37.833 info Netsdk:63708 24672:24044 AVNetSDKMgr.cpp:549]avnetsdk module handle: 0000013D4EF10000

[2023-11-06T16:39:37.833 info Netsdk:63708 24672:24044 AVNetSDKMgr.cpp:823]Load configsdk dynamically
[2023-11-06T16:39:37.840 info Netsdk:63708 24672:24044 dhnetsdk.cpp:352]Enter CLIENT_SetNetworkParam:[nWaittime=0, nConnectTime=0, nConnectTryNum=2, nSubConnectSpaceTime=0, nGetDevInfoTime=3000, nConnectBufSize=0, nGetConnInfoTime=0, nSearchRecordTime=0, nsubDisconnetTime=0, byNetType=0, byPlaybackBufSize=0, bDetectDisconnTime=0, bKeepLifeInterval=0, nPicBufSize=0].
[2023-11-06T16:39:37.840 info Netsdk:63708 24672:24044 dhnetsdk.cpp:367]Leave CLIENT_SetNetworkParam.
[2023-11-06T16:39:37.840 info Netsdk:63708 24672:24044 dhnetsdk.cpp:302]Enter CLIENT_SetAutoReconnect:[cbAutoConnect=00007FF73B829CA4, dwUser=000000119D4FE660].
[2023-11-06T16:39:37.840 info Netsdk:63708 24672:24044 dhnetsdk.cpp:304]Leave CLIENT_SetAutoReconnect.
Begin Time:2023-11-06T16:39:37.909
[2023-11-06T16:39:37.909 info Netsdk:63708 13880:15068 AVNetSDKMgr.cpp:504]Load avnetsdk library dynamically
[2023-11-06T16:39:37.915 info Netsdk:63708 13880:15068 AVNetSDKMgr.cpp:549]avnetsdk module handle: 000001543C780000

[2023-11-06T16:39:37.915 info Netsdk:63708 13880:15068 AVNetSDKMgr.cpp:823]Load configsdk dynamically
[2023-11-06T16:39:37.918 info Netsdk:63708 13880:15068 dhnetsdk.cpp:302]Enter CLIENT_SetAutoReconnect:[cbAutoConnect=00007FF6A3389DA8, dwUser=0000004EAA15CE90].
[2023-11-06T16:39:37.918 info Netsdk:63708 13880:15068 dhnetsdk.cpp:304]Leave CLIENT_SetAutoReconnect.
[2023-11-06T16:39:37.964 info Netsdk:63708 24672:24044 dhnetsdk.cpp:991]Enter CLIENT_LoginWithHighLevelSecurity. pstInParam:000000119D4FCBD0, pstOutParam:000000119D4FCCD0.
[2023-11-06T16:39:37.964 info Netsdk:63708 24672:24044 dhnetsdk.cpp:1007]IP:218.240.128.210, port:37777, SpeCap:0, CapParam:0000000000000000, TLSCap:0
[2023-11-06T16:39:38.009 info Netsdk:63708 13880:15068 dhnetsdk.cpp:991]Enter CLIENT_LoginWithHighLevelSecurity. pstInParam:0000004EAA15B320, pstOutParam:0000004EAA15B420.
[2023-11-06T16:39:38.009 info Netsdk:63708 13880:15068 dhnetsdk.cpp:1007]IP:218.240.128.210, port:37777, SpeCap:0, CapParam:0000000000000000, TLSCap:0
[2023-11-06T16:39:38.193 info Netsdk:63708 24672:24044 dhnetsdk.cpp:1054]Leave CLIENT_LoginWithHighLevelSecurity. error:0, login ID:1267825232.
[2023-11-06T16:39:38.197 info Netsdk:63708 24672:24044 dhnetsdk.cpp:8181]Enter CLIENT_QueryDevState. [lLoginID=1267825232, nType=4, pBuf=000000119D4FB210, nBufLen=3076, pRetLen=000000119D4FCA64, waittime=3000.]
[2023-11-06T16:39:38.243 info Netsdk:63708 24672:24044 dhnetsdk.cpp:8205]Leave CLIENT_QueryDevState.ret:1.
[2023-11-06T16:39:38.255 info Netsdk:63708 13880:15068 dhnetsdk.cpp:1054]Leave CLIENT_LoginWithHighLevelSecurity. error:0, login ID:950168576.
[2023-11-06T16:39:38.264 info Netsdk:63708 13880:15068 dhnetsdk.cpp:8181]Enter CLIENT_QueryDevState. [lLoginID=950168576, nType=82, pBuf=0000004EAA15B548, nBufLen=60, pRetLen=0000004EAA15B524, waittime=1000.]
[2023-11-06T16:39:38.378 info Netsdk:63708 13880:15068 dhnetsdk.cpp:8205]Leave CLIENT_QueryDevState.ret:1.
[2023-11-06T16:39:38.401 info Netsdk:63708 13880:15068 dhnetsdk.cpp:1288]Enter CLIENT_RealPlayEx. lLoginID:950168576. nChannelID:0. rType:0
[2023-11-06T16:39:38.656 error Netsdk:63708 13880:15068 Generation2ProtocolSecureTransmit.cpp:661]Not find
[2023-11-06T16:39:38.657 info Netsdk:63708 13880:15068 DevConfigEx.cpp:11689]IN SetupSession PORT=0 and PORT: 37777
[2023-11-06T16:39:38.740 info Netsdk:63708 13880:15068 dhnetsdk.cpp:1354]Leave CLIENT_RealPlayEx. ret:950194336
[2023-11-06T16:39:50.008 info Netsdk:63708 24672:24044 dhnetsdk.cpp:8113]Enter CLIENT_ControlDevice. [lLoginID=1267825232, type=12, param=0000000000000000, waittime=3000.]
[2023-11-06T16:39:50.008 info Netsdk:63708 24672:24044 dhnetsdk.cpp:8136]Leave CLIENT_ControlDevice.ret:1.
[2023-11-06T16:40:39.440 error Netsdk:63708 13880:23856 TcpSocket.cpp:864]Heartbeat failed, second:60
[2023-11-06T16:40:41.944 error Netsdk:63708 13880:16364 TPIOCPMultiplexer.cpp:119]receive data result, GetQueuedCompletionStatus error:1236
[2023-11-06T16:40:41.944 error Netsdk:63708 13880:16364 TPTCPClient.cpp:270]Device is not online
[2023-11-06T16:41:43.503 error Netsdk:63708 13880:23856 TcpSocket.cpp:864]Heartbeat failed, second:60
[2023-11-06T16:42:21.070 info Netsdk:63708 13880:15068 dhnetsdk.cpp:2090]Enter CLIENT_StopRealPlayEx. lRealHandle:950194336.
[2023-11-06T16:42:21.070 info Netsdk:63708 24672:24044 dhnetsdk.cpp:1075]Enter CLIENT_Logout. lLoginID:1267825232.
[2023-11-06T16:42:21.071 error Netsdk:63708 24672:24044 TPTCPClient.cpp:723]Device is not online, ip:218.240.128.210
[2023-11-06T16:42:21.071 info Netsdk:63708 24672:24044 dhnetsdk.cpp:1097]Leave CLIENT_Logout. ret:1
[2023-11-06T16:42:21.074 info Netsdk:63708 13880:15068 dhnetsdk.cpp:2104]Leave CLIENT_StopRealPlayEx. ret:1
[2023-11-06T16:42:21.074 info Netsdk:63708 13880:15068 dhnetsdk.cpp:1075]Enter CLIENT_Logout. lLoginID:950168576.
[2023-11-06T16:42:21.074 error Netsdk:63708 13880:15068 TPTCPClient.cpp:723]Device is not online, ip:218.240.128.210
[2023-11-06T16:42:21.074 info Netsdk:63708 13880:15068 dhnetsdk.cpp:1097]Leave CLIENT_Logout. ret:1
Begin Time:2023-11-06T16:58:33.525
[2023-11-06T16:58:33.525 info Netsdk:63708 33048:34960 AVNetSDKMgr.cpp:504]Load avnetsdk library dynamically
Begin Time:2023-11-06T16:58:33.529
[2023-11-06T16:58:33.529 info Netsdk:63708 36768:28568 AVNetSDKMgr.cpp:504]Load avnetsdk library dynamically
[2023-11-06T16:58:33.531 info Netsdk:63708 36768:28568 AVNetSDKMgr.cpp:549]avnetsdk module handle: 000001F243750000

[2023-11-06T16:58:33.531 info Netsdk:63708 36768:28568 AVNetSDKMgr.cpp:823]Load configsdk dynamically
[2023-11-06T16:58:33.533 info Netsdk:63708 36768:28568 dhnetsdk.cpp:302]Enter CLIENT_SetAutoReconnect:[cbAutoConnect=00007FF6A3389DA8, dwUser=00000045941CCFC0].
[2023-11-06T16:58:33.533 info Netsdk:63708 36768:28568 dhnetsdk.cpp:304]Leave CLIENT_SetAutoReconnect.
[2023-11-06T16:58:33.539 info Netsdk:63708 33048:34960 AVNetSDKMgr.cpp:549]avnetsdk module handle: 000001FBF90B0000

[2023-11-06T16:58:33.539 info Netsdk:63708 33048:34960 AVNetSDKMgr.cpp:823]Load configsdk dynamically
[2023-11-06T16:58:33.543 info Netsdk:63708 33048:34960 dhnetsdk.cpp:352]Enter CLIENT_SetNetworkParam:[nWaittime=0, nConnectTime=0, nConnectTryNum=2, nSubConnectSpaceTime=0, nGetDevInfoTime=3000, nConnectBufSize=0, nGetConnInfoTime=0, nSearchRecordTime=0, nsubDisconnetTime=0, byNetType=0, byPlaybackBufSize=0, bDetectDisconnTime=0, bKeepLifeInterval=0, nPicBufSize=0].
[2023-11-06T16:58:33.543 info Netsdk:63708 33048:34960 dhnetsdk.cpp:367]Leave CLIENT_SetNetworkParam.
[2023-11-06T16:58:33.543 info Netsdk:63708 33048:34960 dhnetsdk.cpp:302]Enter CLIENT_SetAutoReconnect:[cbAutoConnect=00007FF73B829CA4, dwUser=000000395ABDE500].
[2023-11-06T16:58:33.543 info Netsdk:63708 33048:34960 dhnetsdk.cpp:304]Leave CLIENT_SetAutoReconnect.
[2023-11-06T16:58:33.550 info Netsdk:63708 36768:28568 dhnetsdk.cpp:991]Enter CLIENT_LoginWithHighLevelSecurity. pstInParam:00000045941CB450, pstOutParam:00000045941CB550.
[2023-11-06T16:58:33.550 info Netsdk:63708 36768:28568 dhnetsdk.cpp:1007]IP:218.240.128.210, port:37777, SpeCap:0, CapParam:0000000000000000, TLSCap:0
[2023-11-06T16:58:33.629 info Netsdk:63708 33048:34960 dhnetsdk.cpp:991]Enter CLIENT_LoginWithHighLevelSecurity. pstInParam:000000395ABDCA70, pstOutParam:000000395ABDCB70.
[2023-11-06T16:58:33.629 info Netsdk:63708 33048:34960 dhnetsdk.cpp:1007]IP:218.240.128.210, port:37777, SpeCap:0, CapParam:0000000000000000, TLSCap:0
[2023-11-06T16:58:33.799 info Netsdk:63708 36768:28568 dhnetsdk.cpp:1054]Leave CLIENT_LoginWithHighLevelSecurity. error:0, login ID:1041806960.
[2023-11-06T16:58:33.804 info Netsdk:63708 36768:28568 dhnetsdk.cpp:8181]Enter CLIENT_QueryDevState. [lLoginID=1041806960, nType=82, pBuf=00000045941CB678, nBufLen=60, pRetLen=00000045941CB654, waittime=1000.]
[2023-11-06T16:58:33.827 info Netsdk:63708 33048:34960 dhnetsdk.cpp:1054]Leave CLIENT_LoginWithHighLevelSecurity. error:0, login ID:-172853680.
[2023-11-06T16:58:33.832 info Netsdk:63708 33048:34960 dhnetsdk.cpp:8181]Enter CLIENT_QueryDevState. [lLoginID=-172853680, nType=4, pBuf=000000395ABDB0B0, nBufLen=3076, pRetLen=000000395ABDC904, waittime=3000.]
[2023-11-06T16:58:33.870 info Netsdk:63708 33048:34960 dhnetsdk.cpp:8205]Leave CLIENT_QueryDevState.ret:1.
[2023-11-06T16:58:33.891 info Netsdk:63708 36768:28568 dhnetsdk.cpp:8205]Leave CLIENT_QueryDevState.ret:1.
[2023-11-06T16:58:33.893 info Netsdk:63708 36768:28568 dhnetsdk.cpp:1288]Enter CLIENT_RealPlayEx. lLoginID:1041806960. nChannelID:0. rType:0
[2023-11-06T16:58:34.160 error Netsdk:63708 36768:28568 Generation2ProtocolSecureTransmit.cpp:661]Not find
[2023-11-06T16:58:34.160 info Netsdk:63708 36768:28568 DevConfigEx.cpp:11689]IN SetupSession PORT=0 and PORT: 37777
[2023-11-06T16:58:34.224 info Netsdk:63708 36768:28568 dhnetsdk.cpp:1354]Leave CLIENT_RealPlayEx. ret:1137359408
[2023-11-06T16:59:02.017 info Netsdk:63708 33048:34960 dhnetsdk.cpp:8113]Enter CLIENT_ControlDevice. [lLoginID=-172853680, type=12, param=0000000000000000, waittime=3000.]
[2023-11-06T16:59:02.017 info Netsdk:63708 33048:34960 dhnetsdk.cpp:8136]Leave CLIENT_ControlDevice.ret:1.
[2023-11-06T16:59:35.075 error Netsdk:63708 36768:26424 TcpSocket.cpp:864]Heartbeat failed, second:60
[2023-11-06T17:00:39.141 error Netsdk:63708 36768:26424 TcpSocket.cpp:864]Heartbeat failed, second:60
[2023-11-06T17:00:41.200 error Netsdk:63708 36768:23856 TPIOCPMultiplexer.cpp:161]iocp disconnected by remote host or something:GetLastError:997
[2023-11-06T17:01:43.200 error Netsdk:63708 36768:26424 TcpSocket.cpp:864]Heartbeat failed, second:60
[2023-11-06T17:01:45.259 error Netsdk:63708 36768:23856 TPIOCPMultiplexer.cpp:161]iocp disconnected by remote host or something:GetLastError:997
[2023-11-06T17:02:47.261 error Netsdk:63708 36768:26424 TcpSocket.cpp:864]Heartbeat failed, second:60
[2023-11-06T17:02:49.320 error Netsdk:63708 36768:23856 TPIOCPMultiplexer.cpp:161]iocp disconnected by remote host or something:GetLastError:997
[2023-11-06T17:03:51.328 error Netsdk:63708 36768:26424 TcpSocket.cpp:864]Heartbeat failed, second:60
[2023-11-06T17:04:55.394 error Netsdk:63708 36768:26424 TcpSocket.cpp:864]Heartbeat failed, second:60
Begin Time:2023-11-06T17:45:37.918
[2023-11-06T17:45:37.918 info Netsdk:63708 10992:9856 AVNetSDKMgr.cpp:504]Load avnetsdk library dynamically
[2023-11-06T17:45:37.942 info Netsdk:63708 10992:9856 AVNetSDKMgr.cpp:549]avnetsdk module handle: 000001C6459D0000

[2023-11-06T17:45:37.942 info Netsdk:63708 10992:9856 AVNetSDKMgr.cpp:823]Load configsdk dynamically
[2023-11-06T17:45:37.947 info Netsdk:63708 10992:9856 dhnetsdk.cpp:352]Enter CLIENT_SetNetworkParam:[nWaittime=0, nConnectTime=0, nConnectTryNum=2, nSubConnectSpaceTime=0, nGetDevInfoTime=3000, nConnectBufSize=0, nGetConnInfoTime=0, nSearchRecordTime=0, nsubDisconnetTime=0, byNetType=0, byPlaybackBufSize=0, bDetectDisconnTime=0, bKeepLifeInterval=0, nPicBufSize=0].
[2023-11-06T17:45:37.947 info Netsdk:63708 10992:9856 dhnetsdk.cpp:367]Leave CLIENT_SetNetworkParam.
[2023-11-06T17:45:37.947 info Netsdk:63708 10992:9856 dhnetsdk.cpp:302]Enter CLIENT_SetAutoReconnect:[cbAutoConnect=00007FF73B829CA4, dwUser=00000035BEFAE460].
[2023-11-06T17:45:37.947 info Netsdk:63708 10992:9856 dhnetsdk.cpp:304]Leave CLIENT_SetAutoReconnect.
Begin Time:2023-11-06T17:45:38.003
[2023-11-06T17:45:38.003 info Netsdk:63708 16932:2500 AVNetSDKMgr.cpp:504]Load avnetsdk library dynamically
[2023-11-06T17:45:38.007 info Netsdk:63708 10992:9856 dhnetsdk.cpp:991]Enter CLIENT_LoginWithHighLevelSecurity. pstInParam:00000035BEFAC9D0, pstOutParam:00000035BEFACAD0.
[2023-11-06T17:45:38.007 info Netsdk:63708 10992:9856 dhnetsdk.cpp:1007]IP:218.240.128.210, port:37777, SpeCap:0, CapParam:0000000000000000, TLSCap:0
[2023-11-06T17:45:38.008 info Netsdk:63708 16932:2500 AVNetSDKMgr.cpp:549]avnetsdk module handle: 000002AEFA050000

[2023-11-06T17:45:38.008 info Netsdk:63708 16932:2500 AVNetSDKMgr.cpp:823]Load configsdk dynamically
[2023-11-06T17:45:38.010 info Netsdk:63708 16932:2500 dhnetsdk.cpp:302]Enter CLIENT_SetAutoReconnect:[cbAutoConnect=00007FF6A3389DA8, dwUser=000000DFE48FD030].
[2023-11-06T17:45:38.010 info Netsdk:63708 16932:2500 dhnetsdk.cpp:304]Leave CLIENT_SetAutoReconnect.
[2023-11-06T17:45:38.024 info Netsdk:63708 16932:2500 dhnetsdk.cpp:991]Enter CLIENT_LoginWithHighLevelSecurity. pstInParam:000000DFE48FB4C0, pstOutParam:000000DFE48FB5C0.
[2023-11-06T17:45:38.024 info Netsdk:63708 16932:2500 dhnetsdk.cpp:1007]IP:218.240.128.210, port:37777, SpeCap:0, CapParam:0000000000000000, TLSCap:0
[2023-11-06T17:45:38.203 info Netsdk:63708 16932:2500 dhnetsdk.cpp:1054]Leave CLIENT_LoginWithHighLevelSecurity. error:0, login ID:-163550208.
[2023-11-06T17:45:38.210 info Netsdk:63708 16932:2500 dhnetsdk.cpp:8181]Enter CLIENT_QueryDevState. [lLoginID=-163550208, nType=82, pBuf=000000DFE48FB6E8, nBufLen=60, pRetLen=000000DFE48FB6C4, waittime=1000.]
[2023-11-06T17:45:38.235 info Netsdk:63708 10992:9856 dhnetsdk.cpp:1054]Leave CLIENT_LoginWithHighLevelSecurity. error:0, login ID:1118008912.
[2023-11-06T17:45:38.239 info Netsdk:63708 10992:9856 dhnetsdk.cpp:8181]Enter CLIENT_QueryDevState. [lLoginID=1118008912, nType=4, pBuf=00000035BEFAB010, nBufLen=3076, pRetLen=00000035BEFAC864, waittime=3000.]
[2023-11-06T17:45:38.261 info Netsdk:63708 10992:9856 dhnetsdk.cpp:8205]Leave CLIENT_QueryDevState.ret:1.
[2023-11-06T17:45:38.325 info Netsdk:63708 16932:2500 dhnetsdk.cpp:8205]Leave CLIENT_QueryDevState.ret:1.
[2023-11-06T17:45:38.329 info Netsdk:63708 16932:2500 dhnetsdk.cpp:1288]Enter CLIENT_RealPlayEx. lLoginID:-163550208. nChannelID:0. rType:0
[2023-11-06T17:45:38.637 error Netsdk:63708 16932:2500 Generation2ProtocolSecureTransmit.cpp:661]Not find
[2023-11-06T17:45:38.637 info Netsdk:63708 16932:2500 DevConfigEx.cpp:11689]IN SetupSession PORT=0 and PORT: 37777
[2023-11-06T17:45:38.748 info Netsdk:63708 16932:2500 dhnetsdk.cpp:1354]Leave CLIENT_RealPlayEx. ret:-163528016
[2023-11-06T17:45:48.402 info Netsdk:63708 10992:9856 dhnetsdk.cpp:8113]Enter CLIENT_ControlDevice. [lLoginID=1118008912, type=12, param=0000000000000000, waittime=3000.]
[2023-11-06T17:45:48.402 info Netsdk:63708 10992:9856 dhnetsdk.cpp:8136]Leave CLIENT_ControlDevice.ret:1.
[2023-11-06T17:46:39.542 error Netsdk:63708 16932:36128 TcpSocket.cpp:864]Heartbeat failed, second:60
[2023-11-06T17:46:40.973 info Netsdk:63708 10992:9856 dhnetsdk.cpp:1075]Enter CLIENT_Logout. lLoginID:1118008912.
[2023-11-06T17:46:40.974 error Netsdk:63708 10992:9856 TPTCPClient.cpp:723]Device is not online, ip:218.240.128.210
[2023-11-06T17:46:40.974 info Netsdk:63708 10992:9856 dhnetsdk.cpp:1097]Leave CLIENT_Logout. ret:1
[2023-11-06T17:46:41.007 info Netsdk:63708 16932:2500 dhnetsdk.cpp:2090]Enter CLIENT_StopRealPlayEx. lRealHandle:-163528016.
[2023-11-06T17:46:41.015 info Netsdk:63708 16932:2500 dhnetsdk.cpp:2104]Leave CLIENT_StopRealPlayEx. ret:1
[2023-11-06T17:46:41.015 info Netsdk:63708 16932:2500 dhnetsdk.cpp:1075]Enter CLIENT_Logout. lLoginID:-163550208.
[2023-11-06T17:46:41.015 error Netsdk:63708 16932:2500 TPTCPClient.cpp:723]Device is not online, ip:218.240.128.210
[2023-11-06T17:46:41.015 info Netsdk:63708 16932:2500 dhnetsdk.cpp:1097]Leave CLIENT_Logout. ret:1
Begin Time:2023-11-06T17:48:55.393
[2023-11-06T17:48:55.393 info Netsdk:63708 4908:8000 AVNetSDKMgr.cpp:504]Load avnetsdk library dynamically
[2023-11-06T17:48:55.412 info Netsdk:63708 4908:8000 AVNetSDKMgr.cpp:549]avnetsdk module handle: 00000287B1AB0000

[2023-11-06T17:48:55.412 info Netsdk:63708 4908:8000 AVNetSDKMgr.cpp:823]Load configsdk dynamically
[2023-11-06T17:48:55.417 info Netsdk:63708 4908:8000 dhnetsdk.cpp:352]Enter CLIENT_SetNetworkParam:[nWaittime=0, nConnectTime=0, nConnectTryNum=2, nSubConnectSpaceTime=0, nGetDevInfoTime=3000, nConnectBufSize=0, nGetConnInfoTime=0, nSearchRecordTime=0, nsubDisconnetTime=0, byNetType=0, byPlaybackBufSize=0, bDetectDisconnTime=0, bKeepLifeInterval=0, nPicBufSize=0].
[2023-11-06T17:48:55.417 info Netsdk:63708 4908:8000 dhnetsdk.cpp:367]Leave CLIENT_SetNetworkParam.
[2023-11-06T17:48:55.417 info Netsdk:63708 4908:8000 dhnetsdk.cpp:302]Enter CLIENT_SetAutoReconnect:[cbAutoConnect=00007FF73B829CA4, dwUser=000000EC69B9E8B0].
[2023-11-06T17:48:55.417 info Netsdk:63708 4908:8000 dhnetsdk.cpp:304]Leave CLIENT_SetAutoReconnect.
Begin Time:2023-11-06T17:48:55.426
[2023-11-06T17:48:55.426 info Netsdk:63708 36872:29360 AVNetSDKMgr.cpp:504]Load avnetsdk library dynamically
[2023-11-06T17:48:55.429 info Netsdk:63708 36872:29360 AVNetSDKMgr.cpp:549]avnetsdk module handle: 0000027356B00000

[2023-11-06T17:48:55.429 info Netsdk:63708 36872:29360 AVNetSDKMgr.cpp:823]Load configsdk dynamically
[2023-11-06T17:48:55.431 info Netsdk:63708 36872:29360 dhnetsdk.cpp:302]Enter CLIENT_SetAutoReconnect:[cbAutoConnect=00007FF6A3389DA8, dwUser=000000F77CBACF80].
[2023-11-06T17:48:55.431 info Netsdk:63708 36872:29360 dhnetsdk.cpp:304]Leave CLIENT_SetAutoReconnect.
[2023-11-06T17:48:55.462 info Netsdk:63708 36872:29360 dhnetsdk.cpp:991]Enter CLIENT_LoginWithHighLevelSecurity. pstInParam:000000F77CBAB410, pstOutParam:000000F77CBAB510.
[2023-11-06T17:48:55.462 info Netsdk:63708 36872:29360 dhnetsdk.cpp:1007]IP:218.240.128.210, port:37777, SpeCap:0, CapParam:0000000000000000, TLSCap:0
[2023-11-06T17:48:55.496 info Netsdk:63708 4908:8000 dhnetsdk.cpp:991]Enter CLIENT_LoginWithHighLevelSecurity. pstInParam:000000EC69B9CE20, pstOutParam:000000EC69B9CF20.
[2023-11-06T17:48:55.496 info Netsdk:63708 4908:8000 dhnetsdk.cpp:1007]IP:218.240.128.210, port:37777, SpeCap:0, CapParam:0000000000000000, TLSCap:0
[2023-11-06T17:48:55.720 info Netsdk:63708 4908:8000 dhnetsdk.cpp:1054]Leave CLIENT_LoginWithHighLevelSecurity. error:0, login ID:-1371236768.
[2023-11-06T17:48:55.724 info Netsdk:63708 4908:8000 dhnetsdk.cpp:8181]Enter CLIENT_QueryDevState. [lLoginID=-1371236768, nType=4, pBuf=000000EC69B9B460, nBufLen=3076, pRetLen=000000EC69B9CCB4, waittime=3000.]
[2023-11-06T17:48:55.743 info Netsdk:63708 4908:8000 dhnetsdk.cpp:8205]Leave CLIENT_QueryDevState.ret:1.
[2023-11-06T17:48:55.745 info Netsdk:63708 36872:29360 dhnetsdk.cpp:1054]Leave CLIENT_LoginWithHighLevelSecurity. error:0, login ID:1391030832.
[2023-11-06T17:48:55.753 info Netsdk:63708 36872:29360 dhnetsdk.cpp:8181]Enter CLIENT_QueryDevState. [lLoginID=1391030832, nType=82, pBuf=000000F77CBAB638, nBufLen=60, pRetLen=000000F77CBAB614, waittime=1000.]
[2023-11-06T17:48:55.843 info Netsdk:63708 36872:29360 dhnetsdk.cpp:8205]Leave CLIENT_QueryDevState.ret:1.
[2023-11-06T17:48:55.846 info Netsdk:63708 36872:29360 dhnetsdk.cpp:1288]Enter CLIENT_RealPlayEx. lLoginID:1391030832. nChannelID:0. rType:0
[2023-11-06T17:48:56.054 error Netsdk:63708 36872:29360 Generation2ProtocolSecureTransmit.cpp:661]Not find
[2023-11-06T17:48:56.054 info Netsdk:63708 36872:29360 DevConfigEx.cpp:11689]IN SetupSession PORT=0 and PORT: 37777
[2023-11-06T17:48:56.114 info Netsdk:63708 36872:29360 dhnetsdk.cpp:1354]Leave CLIENT_RealPlayEx. ret:1391052000
[2023-11-06T17:49:01.933 info Netsdk:63708 36872:29360 dhnetsdk.cpp:2090]Enter CLIENT_StopRealPlayEx. lRealHandle:1391052000.
[2023-11-06T17:49:01.940 info Netsdk:63708 36872:29360 dhnetsdk.cpp:2104]Leave CLIENT_StopRealPlayEx. ret:1
[2023-11-06T17:49:01.940 info Netsdk:63708 36872:29360 dhnetsdk.cpp:1288]Enter CLIENT_RealPlayEx. lLoginID:1391030832. nChannelID:1. rType:0
[2023-11-06T17:49:01.973 error Netsdk:63708 36872:29360 Generation2ProtocolSecureTransmit.cpp:661]Not find
[2023-11-06T17:49:01.973 info Netsdk:63708 36872:29360 DevConfigEx.cpp:11689]IN SetupSession PORT=0 and PORT: 37777
[2023-11-06T17:49:02.003 info Netsdk:63708 36872:29360 dhnetsdk.cpp:1354]Leave CLIENT_RealPlayEx. ret:1460025104
[2023-11-06T17:49:02.017 info Netsdk:63708 36872:29360 dhnetsdk.cpp:5105]Enter CLIENT_DHPTZControl. [lLoginID=1391030832, nChannelID=1, dwPTZCommand=2, param1=0, param2=4, param3=0, dwStop=0, param4=0000000000000000.]
[2023-11-06T17:49:02.018 info Netsdk:63708 36872:29360 dhnetsdk.cpp:5128]Leave CLIENT_DHPTZControl.ret:1.
[2023-11-06T17:49:02.210 info Netsdk:63708 36872:29360 dhnetsdk.cpp:5105]Enter CLIENT_DHPTZControl. [lLoginID=1391030832, nChannelID=1, dwPTZCommand=2, param1=0, param2=4, param3=0, dwStop=1, param4=0000000000000000.]
[2023-11-06T17:49:02.211 info Netsdk:63708 36872:29360 dhnetsdk.cpp:5128]Leave CLIENT_DHPTZControl.ret:1.
[2023-11-06T17:49:02.992 info Netsdk:63708 36872:29360 dhnetsdk.cpp:5105]Enter CLIENT_DHPTZControl. [lLoginID=1391030832, nChannelID=1, dwPTZCommand=2, param1=0, param2=4, param3=0, dwStop=0, param4=0000000000000000.]
[2023-11-06T17:49:02.993 info Netsdk:63708 36872:29360 dhnetsdk.cpp:5128]Leave CLIENT_DHPTZControl.ret:1.
[2023-11-06T17:49:03.192 info Netsdk:63708 36872:29360 dhnetsdk.cpp:5105]Enter CLIENT_DHPTZControl. [lLoginID=1391030832, nChannelID=1, dwPTZCommand=2, param1=0, param2=4, param3=0, dwStop=1, param4=0000000000000000.]
[2023-11-06T17:49:03.193 info Netsdk:63708 36872:29360 dhnetsdk.cpp:5128]Leave CLIENT_DHPTZControl.ret:1.
[2023-11-06T17:49:04.332 info Netsdk:63708 36872:29360 dhnetsdk.cpp:5105]Enter CLIENT_DHPTZControl. [lLoginID=1391030832, nChannelID=1, dwPTZCommand=2, param1=0, param2=4, param3=0, dwStop=0, param4=0000000000000000.]
[2023-11-06T17:49:04.333 info Netsdk:63708 36872:29360 dhnetsdk.cpp:5128]Leave CLIENT_DHPTZControl.ret:1.
[2023-11-06T17:49:04.549 info Netsdk:63708 36872:29360 dhnetsdk.cpp:5105]Enter CLIENT_DHPTZControl. [lLoginID=1391030832, nChannelID=1, dwPTZCommand=2, param1=0, param2=4, param3=0, dwStop=1, param4=0000000000000000.]
[2023-11-06T17:49:04.549 info Netsdk:63708 36872:29360 dhnetsdk.cpp:5128]Leave CLIENT_DHPTZControl.ret:1.
[2023-11-06T17:49:08.004 info Netsdk:63708 36872:29360 dhnetsdk.cpp:5105]Enter CLIENT_DHPTZControl. [lLoginID=1391030832, nChannelID=1, dwPTZCommand=2, param1=0, param2=4, param3=0, dwStop=0, param4=0000000000000000.]
[2023-11-06T17:49:08.004 info Netsdk:63708 36872:29360 dhnetsdk.cpp:5128]Leave CLIENT_DHPTZControl.ret:1.
[2023-11-06T17:49:08.229 info Netsdk:63708 36872:29360 dhnetsdk.cpp:5105]Enter CLIENT_DHPTZControl. [lLoginID=1391030832, nChannelID=1, dwPTZCommand=2, param1=0, param2=4, param3=0, dwStop=1, param4=0000000000000000.]
[2023-11-06T17:49:08.229 info Netsdk:63708 36872:29360 dhnetsdk.cpp:5128]Leave CLIENT_DHPTZControl.ret:1.
[2023-11-06T17:49:35.140 info Netsdk:63708 36872:29360 dhnetsdk.cpp:5105]Enter CLIENT_DHPTZControl. [lLoginID=1391030832, nChannelID=1, dwPTZCommand=2, param1=0, param2=4, param3=0, dwStop=0, param4=0000000000000000.]
[2023-11-06T17:49:35.140 info Netsdk:63708 36872:29360 dhnetsdk.cpp:5128]Leave CLIENT_DHPTZControl.ret:1.
[2023-11-06T17:49:35.282 info Netsdk:63708 36872:29360 dhnetsdk.cpp:5105]Enter CLIENT_DHPTZControl. [lLoginID=1391030832, nChannelID=1, dwPTZCommand=2, param1=0, param2=4, param3=0, dwStop=1, param4=0000000000000000.]
[2023-11-06T17:49:35.282 info Netsdk:63708 36872:29360 dhnetsdk.cpp:5128]Leave CLIENT_DHPTZControl.ret:1.
[2023-11-06T17:50:01.670 info Netsdk:63708 36872:29360 dhnetsdk.cpp:5105]Enter CLIENT_DHPTZControl. [lLoginID=1391030832, nChannelID=1, dwPTZCommand=2, param1=0, param2=4, param3=0, dwStop=0, param4=0000000000000000.]
[2023-11-06T17:50:01.670 info Netsdk:63708 36872:29360 dhnetsdk.cpp:5128]Leave CLIENT_DHPTZControl.ret:1.
[2023-11-06T17:50:01.762 info Netsdk:63708 36872:29360 dhnetsdk.cpp:5105]Enter CLIENT_DHPTZControl. [lLoginID=1391030832, nChannelID=1, dwPTZCommand=2, param1=0, param2=4, param3=0, dwStop=1, param4=0000000000000000.]
[2023-11-06T17:50:01.762 info Netsdk:63708 36872:29360 dhnetsdk.cpp:5128]Leave CLIENT_DHPTZControl.ret:1.
[2023-11-06T17:50:03.735 info Netsdk:63708 36872:29360 dhnetsdk.cpp:5105]Enter CLIENT_DHPTZControl. [lLoginID=1391030832, nChannelID=1, dwPTZCommand=2, param1=0, param2=4, param3=0, dwStop=0, param4=0000000000000000.]
[2023-11-06T17:50:03.735 info Netsdk:63708 36872:29360 dhnetsdk.cpp:5128]Leave CLIENT_DHPTZControl.ret:1.
[2023-11-06T17:50:03.941 info Netsdk:63708 36872:29360 dhnetsdk.cpp:5105]Enter CLIENT_DHPTZControl. [lLoginID=1391030832, nChannelID=1, dwPTZCommand=2, param1=0, param2=4, param3=0, dwStop=1, param4=0000000000000000.]
[2023-11-06T17:50:03.941 info Netsdk:63708 36872:29360 dhnetsdk.cpp:5128]Leave CLIENT_DHPTZControl.ret:1.
[2023-11-06T17:50:05.196 info Netsdk:63708 36872:29360 dhnetsdk.cpp:5105]Enter CLIENT_DHPTZControl. [lLoginID=1391030832, nChannelID=1, dwPTZCommand=2, param1=0, param2=4, param3=0, dwStop=0, param4=0000000000000000.]
[2023-11-06T17:50:05.196 info Netsdk:63708 36872:29360 dhnetsdk.cpp:5128]Leave CLIENT_DHPTZControl.ret:1.
[2023-11-06T17:50:05.415 info Netsdk:63708 36872:29360 dhnetsdk.cpp:5105]Enter CLIENT_DHPTZControl. [lLoginID=1391030832, nChannelID=1, dwPTZCommand=2, param1=0, param2=4, param3=0, dwStop=1, param4=0000000000000000.]
[2023-11-06T17:50:05.416 info Netsdk:63708 36872:29360 dhnetsdk.cpp:5128]Leave CLIENT_DHPTZControl.ret:1.
[2023-11-06T17:50:06.400 info Netsdk:63708 36872:29360 dhnetsdk.cpp:5105]Enter CLIENT_DHPTZControl. [lLoginID=1391030832, nChannelID=1, dwPTZCommand=2, param1=0, param2=4, param3=0, dwStop=0, param4=0000000000000000.]
[2023-11-06T17:50:06.401 info Netsdk:63708 36872:29360 dhnetsdk.cpp:5128]Leave CLIENT_DHPTZControl.ret:1.
[2023-11-06T17:50:06.624 info Netsdk:63708 36872:29360 dhnetsdk.cpp:5105]Enter CLIENT_DHPTZControl. [lLoginID=1391030832, nChannelID=1, dwPTZCommand=2, param1=0, param2=4, param3=0, dwStop=1, param4=0000000000000000.]
[2023-11-06T17:50:06.624 info Netsdk:63708 36872:29360 dhnetsdk.cpp:5128]Leave CLIENT_DHPTZControl.ret:1.
[2023-11-06T17:50:08.944 info Netsdk:63708 36872:29360 dhnetsdk.cpp:5105]Enter CLIENT_DHPTZControl. [lLoginID=1391030832, nChannelID=1, dwPTZCommand=2, param1=0, param2=4, param3=0, dwStop=0, param4=0000000000000000.]
[2023-11-06T17:50:08.944 info Netsdk:63708 36872:29360 dhnetsdk.cpp:5128]Leave CLIENT_DHPTZControl.ret:1.
[2023-11-06T17:50:09.171 info Netsdk:63708 36872:29360 dhnetsdk.cpp:5105]Enter CLIENT_DHPTZControl. [lLoginID=1391030832, nChannelID=1, dwPTZCommand=2, param1=0, param2=4, param3=0, dwStop=1, param4=0000000000000000.]
[2023-11-06T17:50:09.171 info Netsdk:63708 36872:29360 dhnetsdk.cpp:5128]Leave CLIENT_DHPTZControl.ret:1.
[2023-11-06T17:50:10.693 info Netsdk:63708 36872:29360 dhnetsdk.cpp:5105]Enter CLIENT_DHPTZControl. [lLoginID=1391030832, nChannelID=1, dwPTZCommand=2, param1=0, param2=4, param3=0, dwStop=0, param4=0000000000000000.]
[2023-11-06T17:50:10.694 info Netsdk:63708 36872:29360 dhnetsdk.cpp:5128]Leave CLIENT_DHPTZControl.ret:1.
[2023-11-06T17:50:10.914 info Netsdk:63708 36872:29360 dhnetsdk.cpp:5105]Enter CLIENT_DHPTZControl. [lLoginID=1391030832, nChannelID=1, dwPTZCommand=2, param1=0, param2=4, param3=0, dwStop=1, param4=0000000000000000.]
[2023-11-06T17:50:10.914 info Netsdk:63708 36872:29360 dhnetsdk.cpp:5128]Leave CLIENT_DHPTZControl.ret:1.
[2023-11-06T17:50:11.988 info Netsdk:63708 36872:29360 dhnetsdk.cpp:5105]Enter CLIENT_DHPTZControl. [lLoginID=1391030832, nChannelID=1, dwPTZCommand=2, param1=0, param2=4, param3=0, dwStop=0, param4=0000000000000000.]
[2023-11-06T17:50:11.988 info Netsdk:63708 36872:29360 dhnetsdk.cpp:5128]Leave CLIENT_DHPTZControl.ret:1.
[2023-11-06T17:50:12.221 info Netsdk:63708 36872:29360 dhnetsdk.cpp:5105]Enter CLIENT_DHPTZControl. [lLoginID=1391030832, nChannelID=1, dwPTZCommand=2, param1=0, param2=4, param3=0, dwStop=1, param4=0000000000000000.]
[2023-11-06T17:50:12.221 info Netsdk:63708 36872:29360 dhnetsdk.cpp:5128]Leave CLIENT_DHPTZControl.ret:1.
[2023-11-06T17:50:13.637 info Netsdk:63708 36872:29360 dhnetsdk.cpp:5105]Enter CLIENT_DHPTZControl. [lLoginID=1391030832, nChannelID=1, dwPTZCommand=2, param1=0, param2=4, param3=0, dwStop=0, param4=0000000000000000.]
[2023-11-06T17:50:13.637 info Netsdk:63708 36872:29360 dhnetsdk.cpp:5128]Leave CLIENT_DHPTZControl.ret:1.
[2023-11-06T17:50:13.862 info Netsdk:63708 36872:29360 dhnetsdk.cpp:5105]Enter CLIENT_DHPTZControl. [lLoginID=1391030832, nChannelID=1, dwPTZCommand=2, param1=0, param2=4, param3=0, dwStop=1, param4=0000000000000000.]
[2023-11-06T17:50:13.862 info Netsdk:63708 36872:29360 dhnetsdk.cpp:5128]Leave CLIENT_DHPTZControl.ret:1.
[2023-11-06T17:52:14.687 info Netsdk:63708 4908:8000 dhnetsdk.cpp:1075]Enter CLIENT_Logout. lLoginID:-1371236768.
[2023-11-06T17:52:14.687 error Netsdk:63708 4908:8000 TPTCPClient.cpp:723]Device is not online, ip:218.240.128.210
[2023-11-06T17:52:14.687 info Netsdk:63708 4908:8000 dhnetsdk.cpp:1097]Leave CLIENT_Logout. ret:1
[2023-11-06T17:52:14.689 info Netsdk:63708 36872:29360 dhnetsdk.cpp:2090]Enter CLIENT_StopRealPlayEx. lRealHandle:1460025104.
[2023-11-06T17:52:14.704 info Netsdk:63708 36872:29360 dhnetsdk.cpp:2104]Leave CLIENT_StopRealPlayEx. ret:1
[2023-11-06T17:52:14.704 info Netsdk:63708 36872:29360 dhnetsdk.cpp:1075]Enter CLIENT_Logout. lLoginID:1391030832.
[2023-11-06T17:52:14.705 error Netsdk:63708 36872:29360 TPTCPClient.cpp:723]Device is not online, ip:218.240.128.210
[2023-11-06T17:52:14.705 info Netsdk:63708 36872:29360 dhnetsdk.cpp:1097]Leave CLIENT_Logout. ret:1
Begin Time:2023-11-06T17:53:10.905
[2023-11-06T17:53:10.905 info Netsdk:63708 18044:28284 AVNetSDKMgr.cpp:504]Load avnetsdk library dynamically
[2023-11-06T17:53:10.930 info Netsdk:63708 18044:28284 AVNetSDKMgr.cpp:549]avnetsdk module handle: 000002C24B1F0000

[2023-11-06T17:53:10.930 info Netsdk:63708 18044:28284 AVNetSDKMgr.cpp:823]Load configsdk dynamically
[2023-11-06T17:53:10.936 info Netsdk:63708 18044:28284 dhnetsdk.cpp:352]Enter CLIENT_SetNetworkParam:[nWaittime=0, nConnectTime=0, nConnectTryNum=2, nSubConnectSpaceTime=0, nGetDevInfoTime=3000, nConnectBufSize=0, nGetConnInfoTime=0, nSearchRecordTime=0, nsubDisconnetTime=0, byNetType=0, byPlaybackBufSize=0, bDetectDisconnTime=0, bKeepLifeInterval=0, nPicBufSize=0].
[2023-11-06T17:53:10.936 info Netsdk:63708 18044:28284 dhnetsdk.cpp:367]Leave CLIENT_SetNetworkParam.
[2023-11-06T17:53:10.936 info Netsdk:63708 18044:28284 dhnetsdk.cpp:302]Enter CLIENT_SetAutoReconnect:[cbAutoConnect=00007FF73B829CA4, dwUser=000000DE311FE7D0].
[2023-11-06T17:53:10.937 info Netsdk:63708 18044:28284 dhnetsdk.cpp:304]Leave CLIENT_SetAutoReconnect.
Begin Time:2023-11-06T17:53:10.990
[2023-11-06T17:53:10.990 info Netsdk:63708 19328:19348 AVNetSDKMgr.cpp:504]Load avnetsdk library dynamically
[2023-11-06T17:53:10.995 info Netsdk:63708 18044:28284 dhnetsdk.cpp:991]Enter CLIENT_LoginWithHighLevelSecurity. pstInParam:000000DE311FCD40, pstOutParam:000000DE311FCE40.
[2023-11-06T17:53:10.995 info Netsdk:63708 18044:28284 dhnetsdk.cpp:1007]IP:218.240.128.210, port:37777, SpeCap:0, CapParam:0000000000000000, TLSCap:0
[2023-11-06T17:53:10.995 info Netsdk:63708 19328:19348 AVNetSDKMgr.cpp:549]avnetsdk module handle: 0000027BF9CC0000

[2023-11-06T17:53:10.995 info Netsdk:63708 19328:19348 AVNetSDKMgr.cpp:823]Load configsdk dynamically
[2023-11-06T17:53:10.997 info Netsdk:63708 19328:19348 dhnetsdk.cpp:302]Enter CLIENT_SetAutoReconnect:[cbAutoConnect=00007FF6A3389DA8, dwUser=000000CD855CCE40].
[2023-11-06T17:53:10.997 info Netsdk:63708 19328:19348 dhnetsdk.cpp:304]Leave CLIENT_SetAutoReconnect.
[2023-11-06T17:53:11.009 info Netsdk:63708 19328:19348 dhnetsdk.cpp:991]Enter CLIENT_LoginWithHighLevelSecurity. pstInParam:000000CD855CB2D0, pstOutParam:000000CD855CB3D0.
[2023-11-06T17:53:11.009 info Netsdk:63708 19328:19348 dhnetsdk.cpp:1007]IP:218.240.128.210, port:37777, SpeCap:0, CapParam:0000000000000000, TLSCap:0
[2023-11-06T17:53:11.221 info Netsdk:63708 18044:28284 dhnetsdk.cpp:1054]Leave CLIENT_LoginWithHighLevelSecurity. error:0, login ID:1203661184.
[2023-11-06T17:53:11.224 info Netsdk:63708 18044:28284 dhnetsdk.cpp:8181]Enter CLIENT_QueryDevState. [lLoginID=1203661184, nType=4, pBuf=000000DE311FB380, nBufLen=3076, pRetLen=000000DE311FCBD4, waittime=3000.]
[2023-11-06T17:53:11.225 info Netsdk:63708 19328:19348 dhnetsdk.cpp:1054]Leave CLIENT_LoginWithHighLevelSecurity. error:0, login ID:-160206288.
[2023-11-06T17:53:11.232 info Netsdk:63708 19328:19348 dhnetsdk.cpp:8181]Enter CLIENT_QueryDevState. [lLoginID=-160206288, nType=82, pBuf=000000CD855CB4F8, nBufLen=60, pRetLen=000000CD855CB4D4, waittime=1000.]
[2023-11-06T17:53:11.253 info Netsdk:63708 18044:28284 dhnetsdk.cpp:8205]Leave CLIENT_QueryDevState.ret:1.
[2023-11-06T17:53:11.313 info Netsdk:63708 19328:19348 dhnetsdk.cpp:8205]Leave CLIENT_QueryDevState.ret:1.
[2023-11-06T17:53:11.317 info Netsdk:63708 19328:19348 dhnetsdk.cpp:1288]Enter CLIENT_RealPlayEx. lLoginID:-160206288. nChannelID:0. rType:0
[2023-11-06T17:53:11.494 error Netsdk:63708 19328:19348 Generation2ProtocolSecureTransmit.cpp:661]Not find
[2023-11-06T17:53:11.494 info Netsdk:63708 19328:19348 DevConfigEx.cpp:11689]IN SetupSession PORT=0 and PORT: 37777
[2023-11-06T17:53:11.608 info Netsdk:63708 19328:19348 dhnetsdk.cpp:1354]Leave CLIENT_RealPlayEx. ret:-160185920
[2023-11-06T17:53:37.723 info Netsdk:63708 19328:19348 dhnetsdk.cpp:2090]Enter CLIENT_StopRealPlayEx. lRealHandle:-160185920.
[2023-11-06T17:53:37.729 info Netsdk:63708 19328:19348 dhnetsdk.cpp:2104]Leave CLIENT_StopRealPlayEx. ret:1
[2023-11-06T17:53:37.729 info Netsdk:63708 19328:19348 dhnetsdk.cpp:1288]Enter CLIENT_RealPlayEx. lLoginID:-160206288. nChannelID:1. rType:0
[2023-11-06T17:53:37.756 error Netsdk:63708 19328:19348 Generation2ProtocolSecureTransmit.cpp:661]Not find
[2023-11-06T17:53:37.756 info Netsdk:63708 19328:19348 DevConfigEx.cpp:11689]IN SetupSession PORT=0 and PORT: 37777
[2023-11-06T17:53:37.778 info Netsdk:63708 19328:19348 dhnetsdk.cpp:1354]Leave CLIENT_RealPlayEx. ret:-160188048
[2023-11-06T17:54:58.025 info Netsdk:63708 18044:28284 dhnetsdk.cpp:1075]Enter CLIENT_Logout. lLoginID:1203661184.
[2023-11-06T17:54:58.026 error Netsdk:63708 18044:28284 TPTCPClient.cpp:723]Device is not online, ip:218.240.128.210
[2023-11-06T17:54:58.026 info Netsdk:63708 18044:28284 dhnetsdk.cpp:1097]Leave CLIENT_Logout. ret:1
[2023-11-06T17:54:58.121 info Netsdk:63708 19328:19348 dhnetsdk.cpp:2090]Enter CLIENT_StopRealPlayEx. lRealHandle:-160188048.
[2023-11-06T17:54:58.132 info Netsdk:63708 19328:19348 dhnetsdk.cpp:2104]Leave CLIENT_StopRealPlayEx. ret:1
[2023-11-06T17:54:58.132 info Netsdk:63708 19328:19348 dhnetsdk.cpp:1075]Enter CLIENT_Logout. lLoginID:-160206288.
[2023-11-06T17:54:58.132 error Netsdk:63708 19328:19348 TPTCPClient.cpp:723]Device is not online, ip:218.240.128.210
[2023-11-06T17:54:58.133 info Netsdk:63708 19328:19348 dhnetsdk.cpp:1097]Leave CLIENT_Logout. ret:1
Begin Time:2023-11-06T18:03:21.254
[2023-11-06T18:03:21.254 info Netsdk:63708 1716:23496 AVNetSDKMgr.cpp:504]Load avnetsdk library dynamically
[2023-11-06T18:03:21.281 info Netsdk:63708 1716:23496 AVNetSDKMgr.cpp:549]avnetsdk module handle: 00000206E0860000

[2023-11-06T18:03:21.281 info Netsdk:63708 1716:23496 AVNetSDKMgr.cpp:823]Load configsdk dynamically
[2023-11-06T18:03:21.288 info Netsdk:63708 1716:23496 dhnetsdk.cpp:352]Enter CLIENT_SetNetworkParam:[nWaittime=0, nConnectTime=0, nConnectTryNum=2, nSubConnectSpaceTime=0, nGetDevInfoTime=3000, nConnectBufSize=0, nGetConnInfoTime=0, nSearchRecordTime=0, nsubDisconnetTime=0, byNetType=0, byPlaybackBufSize=0, bDetectDisconnTime=0, bKeepLifeInterval=0, nPicBufSize=0].
[2023-11-06T18:03:21.288 info Netsdk:63708 1716:23496 dhnetsdk.cpp:367]Leave CLIENT_SetNetworkParam.
[2023-11-06T18:03:21.288 info Netsdk:63708 1716:23496 dhnetsdk.cpp:302]Enter CLIENT_SetAutoReconnect:[cbAutoConnect=00007FF73B829CA4, dwUser=0000007B10B8E440].
[2023-11-06T18:03:21.288 info Netsdk:63708 1716:23496 dhnetsdk.cpp:304]Leave CLIENT_SetAutoReconnect.
Begin Time:2023-11-06T18:03:21.350
[2023-11-06T18:03:21.350 info Netsdk:63708 16336:29840 AVNetSDKMgr.cpp:504]Load avnetsdk library dynamically
[2023-11-06T18:03:21.355 info Netsdk:63708 16336:29840 AVNetSDKMgr.cpp:549]avnetsdk module handle: 000002105E5D0000

[2023-11-06T18:03:21.355 info Netsdk:63708 16336:29840 AVNetSDKMgr.cpp:823]Load configsdk dynamically
[2023-11-06T18:03:21.358 info Netsdk:63708 16336:29840 dhnetsdk.cpp:302]Enter CLIENT_SetAutoReconnect:[cbAutoConnect=00007FF6A3389DA8, dwUser=000000F185FFD100].
[2023-11-06T18:03:21.358 info Netsdk:63708 16336:29840 dhnetsdk.cpp:304]Leave CLIENT_SetAutoReconnect.
[2023-11-06T18:03:21.360 info Netsdk:63708 1716:23496 dhnetsdk.cpp:991]Enter CLIENT_LoginWithHighLevelSecurity. pstInParam:0000007B10B8C9B0, pstOutParam:0000007B10B8CAB0.
[2023-11-06T18:03:21.360 info Netsdk:63708 1716:23496 dhnetsdk.cpp:1007]IP:218.240.128.210, port:37777, SpeCap:0, CapParam:0000000000000000, TLSCap:0
[2023-11-06T18:03:21.397 info Netsdk:63708 16336:29840 dhnetsdk.cpp:991]Enter CLIENT_LoginWithHighLevelSecurity. pstInParam:000000F185FFB590, pstOutParam:000000F185FFB690.
[2023-11-06T18:03:21.397 info Netsdk:63708 16336:29840 dhnetsdk.cpp:1007]IP:218.240.128.210, port:37777, SpeCap:0, CapParam:0000000000000000, TLSCap:0
[2023-11-06T18:03:21.550 info Netsdk:63708 1716:23496 dhnetsdk.cpp:1054]Leave CLIENT_LoginWithHighLevelSecurity. error:0, login ID:-585467936.
[2023-11-06T18:03:21.553 info Netsdk:63708 1716:23496 dhnetsdk.cpp:8181]Enter CLIENT_QueryDevState. [lLoginID=-585467936, nType=4, pBuf=0000007B10B8AFF0, nBufLen=3076, pRetLen=0000007B10B8C844, waittime=3000.]
[2023-11-06T18:03:21.566 info Netsdk:63708 1716:23496 dhnetsdk.cpp:8205]Leave CLIENT_QueryDevState.ret:1.
[2023-11-06T18:03:21.644 info Netsdk:63708 16336:29840 dhnetsdk.cpp:1054]Leave CLIENT_LoginWithHighLevelSecurity. error:0, login ID:1519088176.
[2023-11-06T18:03:21.653 info Netsdk:63708 16336:29840 dhnetsdk.cpp:8181]Enter CLIENT_QueryDevState. [lLoginID=1519088176, nType=82, pBuf=000000F185FFB7B8, nBufLen=60, pRetLen=000000F185FFB794, waittime=1000.]
[2023-11-06T18:03:21.749 info Netsdk:63708 16336:29840 dhnetsdk.cpp:8205]Leave CLIENT_QueryDevState.ret:1.
[2023-11-06T18:03:21.751 info Netsdk:63708 16336:29840 dhnetsdk.cpp:1288]Enter CLIENT_RealPlayEx. lLoginID:1519088176. nChannelID:0. rType:0
[2023-11-06T18:03:22.049 error Netsdk:63708 16336:29840 Generation2ProtocolSecureTransmit.cpp:661]Not find
[2023-11-06T18:03:22.049 info Netsdk:63708 16336:29840 DevConfigEx.cpp:11689]IN SetupSession PORT=0 and PORT: 37777
[2023-11-06T18:03:22.153 info Netsdk:63708 16336:29840 dhnetsdk.cpp:1354]Leave CLIENT_RealPlayEx. ret:1588754272
[2023-11-06T18:03:38.795 info Netsdk:63708 1716:23496 dhnetsdk.cpp:8113]Enter CLIENT_ControlDevice. [lLoginID=-585467936, type=12, param=0000000000000000, waittime=3000.]
[2023-11-06T18:03:38.796 info Netsdk:63708 1716:23496 dhnetsdk.cpp:8136]Leave CLIENT_ControlDevice.ret:1.
[2023-11-06T18:03:47.467 info Netsdk:63708 16336:29840 dhnetsdk.cpp:2090]Enter CLIENT_StopRealPlayEx. lRealHandle:1588754272.
[2023-11-06T18:03:47.473 info Netsdk:63708 16336:29840 dhnetsdk.cpp:2104]Leave CLIENT_StopRealPlayEx. ret:1
[2023-11-06T18:03:47.473 info Netsdk:63708 16336:29840 dhnetsdk.cpp:1288]Enter CLIENT_RealPlayEx. lLoginID:1519088176. nChannelID:1. rType:0
[2023-11-06T18:03:47.514 error Netsdk:63708 16336:29840 Generation2ProtocolSecureTransmit.cpp:661]Not find
[2023-11-06T18:03:47.514 info Netsdk:63708 16336:29840 DevConfigEx.cpp:11689]IN SetupSession PORT=0 and PORT: 37777
[2023-11-06T18:03:47.554 info Netsdk:63708 16336:29840 dhnetsdk.cpp:1354]Leave CLIENT_RealPlayEx. ret:1588754272
[2023-11-06T18:03:47.556 info Netsdk:63708 16336:29840 dhnetsdk.cpp:5105]Enter CLIENT_DHPTZControl. [lLoginID=1519088176, nChannelID=1, dwPTZCommand=2, param1=0, param2=4, param3=0, dwStop=0, param4=0000000000000000.]
[2023-11-06T18:03:47.556 info Netsdk:63708 16336:29840 dhnetsdk.cpp:5128]Leave CLIENT_DHPTZControl.ret:1.
[2023-11-06T18:03:52.526 info Netsdk:63708 16336:29840 dhnetsdk.cpp:5105]Enter CLIENT_DHPTZControl. [lLoginID=1519088176, nChannelID=1, dwPTZCommand=2, param1=0, param2=4, param3=0, dwStop=1, param4=0000000000000000.]
[2023-11-06T18:03:52.527 info Netsdk:63708 16336:29840 dhnetsdk.cpp:5128]Leave CLIENT_DHPTZControl.ret:1.
[2023-11-06T18:03:56.449 info Netsdk:63708 16336:29840 dhnetsdk.cpp:5105]Enter CLIENT_DHPTZControl. [lLoginID=1519088176, nChannelID=1, dwPTZCommand=2, param1=0, param2=4, param3=0, dwStop=0, param4=0000000000000000.]
[2023-11-06T18:03:56.449 info Netsdk:63708 16336:29840 dhnetsdk.cpp:5128]Leave CLIENT_DHPTZControl.ret:1.
[2023-11-06T18:03:56.611 info Netsdk:63708 16336:29840 dhnetsdk.cpp:5105]Enter CLIENT_DHPTZControl. [lLoginID=1519088176, nChannelID=1, dwPTZCommand=2, param1=0, param2=4, param3=0, dwStop=1, param4=0000000000000000.]
[2023-11-06T18:03:56.611 info Netsdk:63708 16336:29840 dhnetsdk.cpp:5128]Leave CLIENT_DHPTZControl.ret:1.
[2023-11-06T18:03:58.833 info Netsdk:63708 16336:29840 dhnetsdk.cpp:5105]Enter CLIENT_DHPTZControl. [lLoginID=1519088176, nChannelID=1, dwPTZCommand=2, param1=0, param2=4, param3=0, dwStop=0, param4=0000000000000000.]
[2023-11-06T18:03:58.833 info Netsdk:63708 16336:29840 dhnetsdk.cpp:5128]Leave CLIENT_DHPTZControl.ret:1.
[2023-11-06T18:03:59.535 info Netsdk:63708 16336:29840 dhnetsdk.cpp:5105]Enter CLIENT_DHPTZControl. [lLoginID=1519088176, nChannelID=1, dwPTZCommand=2, param1=0, param2=4, param3=0, dwStop=1, param4=0000000000000000.]
[2023-11-06T18:03:59.535 info Netsdk:63708 16336:29840 dhnetsdk.cpp:5128]Leave CLIENT_DHPTZControl.ret:1.
[2023-11-06T18:04:00.394 info Netsdk:63708 16336:29840 dhnetsdk.cpp:5105]Enter CLIENT_DHPTZControl. [lLoginID=1519088176, nChannelID=1, dwPTZCommand=2, param1=0, param2=4, param3=0, dwStop=0, param4=0000000000000000.]
[2023-11-06T18:04:00.394 info Netsdk:63708 16336:29840 dhnetsdk.cpp:5128]Leave CLIENT_DHPTZControl.ret:1.
[2023-11-06T18:04:00.935 info Netsdk:63708 16336:29840 dhnetsdk.cpp:5105]Enter CLIENT_DHPTZControl. [lLoginID=1519088176, nChannelID=1, dwPTZCommand=2, param1=0, param2=4, param3=0, dwStop=1, param4=0000000000000000.]
[2023-11-06T18:04:00.935 info Netsdk:63708 16336:29840 dhnetsdk.cpp:5128]Leave CLIENT_DHPTZControl.ret:1.
[2023-11-06T18:04:02.811 info Netsdk:63708 16336:29840 dhnetsdk.cpp:5105]Enter CLIENT_DHPTZControl. [lLoginID=1519088176, nChannelID=1, dwPTZCommand=3, param1=0, param2=4, param3=0, dwStop=0, param4=0000000000000000.]
[2023-11-06T18:04:02.811 info Netsdk:63708 16336:29840 dhnetsdk.cpp:5128]Leave CLIENT_DHPTZControl.ret:1.
[2023-11-06T18:04:03.474 info Netsdk:63708 16336:29840 dhnetsdk.cpp:5105]Enter CLIENT_DHPTZControl. [lLoginID=1519088176, nChannelID=1, dwPTZCommand=3, param1=0, param2=4, param3=0, dwStop=1, param4=0000000000000000.]
[2023-11-06T18:04:03.474 info Netsdk:63708 16336:29840 dhnetsdk.cpp:5128]Leave CLIENT_DHPTZControl.ret:1.
[2023-11-06T18:05:08.624 info Netsdk:63708 16336:29840 dhnetsdk.cpp:5105]Enter CLIENT_DHPTZControl. [lLoginID=1519088176, nChannelID=1, dwPTZCommand=2, param1=0, param2=4, param3=0, dwStop=0, param4=0000000000000000.]
[2023-11-06T18:05:08.625 info Netsdk:63708 16336:29840 dhnetsdk.cpp:5128]Leave CLIENT_DHPTZControl.ret:1.
[2023-11-06T18:05:08.746 info Netsdk:63708 16336:29840 dhnetsdk.cpp:5105]Enter CLIENT_DHPTZControl. [lLoginID=1519088176, nChannelID=1, dwPTZCommand=2, param1=0, param2=4, param3=0, dwStop=1, param4=0000000000000000.]
[2023-11-06T18:05:08.746 info Netsdk:63708 16336:29840 dhnetsdk.cpp:5128]Leave CLIENT_DHPTZControl.ret:1.
[2023-11-06T18:05:09.163 info Netsdk:63708 16336:29840 dhnetsdk.cpp:5105]Enter CLIENT_DHPTZControl. [lLoginID=1519088176, nChannelID=1, dwPTZCommand=2, param1=0, param2=4, param3=0, dwStop=0, param4=0000000000000000.]
[2023-11-06T18:05:09.163 info Netsdk:63708 16336:29840 dhnetsdk.cpp:5128]Leave CLIENT_DHPTZControl.ret:1.
[2023-11-06T18:05:09.876 info Netsdk:63708 16336:29840 dhnetsdk.cpp:5105]Enter CLIENT_DHPTZControl. [lLoginID=1519088176, nChannelID=1, dwPTZCommand=2, param1=0, param2=4, param3=0, dwStop=1, param4=0000000000000000.]
[2023-11-06T18:05:09.877 info Netsdk:63708 16336:29840 dhnetsdk.cpp:5128]Leave CLIENT_DHPTZControl.ret:1.
[2023-11-06T18:05:10.613 info Netsdk:63708 16336:29840 dhnetsdk.cpp:5105]Enter CLIENT_DHPTZControl. [lLoginID=1519088176, nChannelID=1, dwPTZCommand=2, param1=0, param2=4, param3=0, dwStop=0, param4=0000000000000000.]
[2023-11-06T18:05:10.613 info Netsdk:63708 16336:29840 dhnetsdk.cpp:5128]Leave CLIENT_DHPTZControl.ret:1.
[2023-11-06T18:05:11.173 info Netsdk:63708 16336:29840 dhnetsdk.cpp:5105]Enter CLIENT_DHPTZControl. [lLoginID=1519088176, nChannelID=1, dwPTZCommand=2, param1=0, param2=4, param3=0, dwStop=1, param4=0000000000000000.]
[2023-11-06T18:05:11.173 info Netsdk:63708 16336:29840 dhnetsdk.cpp:5128]Leave CLIENT_DHPTZControl.ret:1.
[2023-11-06T18:05:12.492 info Netsdk:63708 16336:29840 dhnetsdk.cpp:5105]Enter CLIENT_DHPTZControl. [lLoginID=1519088176, nChannelID=1, dwPTZCommand=3, param1=0, param2=4, param3=0, dwStop=0, param4=0000000000000000.]
[2023-11-06T18:05:12.492 info Netsdk:63708 16336:29840 dhnetsdk.cpp:5128]Leave CLIENT_DHPTZControl.ret:1.
[2023-11-06T18:05:13.347 info Netsdk:63708 16336:29840 dhnetsdk.cpp:5105]Enter CLIENT_DHPTZControl. [lLoginID=1519088176, nChannelID=1, dwPTZCommand=3, param1=0, param2=4, param3=0, dwStop=1, param4=0000000000000000.]
[2023-11-06T18:05:13.348 info Netsdk:63708 16336:29840 dhnetsdk.cpp:5128]Leave CLIENT_DHPTZControl.ret:1.
[2023-11-06T18:05:13.689 info Netsdk:63708 16336:29840 dhnetsdk.cpp:5105]Enter CLIENT_DHPTZControl. [lLoginID=1519088176, nChannelID=1, dwPTZCommand=3, param1=0, param2=4, param3=0, dwStop=0, param4=0000000000000000.]
[2023-11-06T18:05:13.690 info Netsdk:63708 16336:29840 dhnetsdk.cpp:5128]Leave CLIENT_DHPTZControl.ret:1.
[2023-11-06T18:05:13.852 info Netsdk:63708 16336:29840 dhnetsdk.cpp:5105]Enter CLIENT_DHPTZControl. [lLoginID=1519088176, nChannelID=1, dwPTZCommand=3, param1=0, param2=4, param3=0, dwStop=1, param4=0000000000000000.]
[2023-11-06T18:05:13.852 info Netsdk:63708 16336:29840 dhnetsdk.cpp:5128]Leave CLIENT_DHPTZControl.ret:1.
[2023-11-06T18:06:40.792 info Netsdk:63708 1716:23496 dhnetsdk.cpp:8113]Enter CLIENT_ControlDevice. [lLoginID=-585467936, type=27, param=0000000000000000, waittime=3000.]
[2023-11-06T18:06:40.793 info Netsdk:63708 1716:23496 dhnetsdk.cpp:8136]Leave CLIENT_ControlDevice.ret:1.
[2023-11-06T18:06:49.960 info Netsdk:63708 1716:23496 dhnetsdk.cpp:8113]Enter CLIENT_ControlDevice. [lLoginID=-585467936, type=12, param=0000000000000000, waittime=3000.]
[2023-11-06T18:06:49.961 info Netsdk:63708 1716:23496 dhnetsdk.cpp:8136]Leave CLIENT_ControlDevice.ret:1.
[2023-11-06T18:07:00.747 info Netsdk:63708 16336:29840 dhnetsdk.cpp:5105]Enter CLIENT_DHPTZControl. [lLoginID=1519088176, nChannelID=1, dwPTZCommand=2, param1=0, param2=4, param3=0, dwStop=0, param4=0000000000000000.]
[2023-11-06T18:07:00.747 info Netsdk:63708 16336:29840 dhnetsdk.cpp:5128]Leave CLIENT_DHPTZControl.ret:1.
[2023-11-06T18:07:00.840 info Netsdk:63708 16336:29840 dhnetsdk.cpp:5105]Enter CLIENT_DHPTZControl. [lLoginID=1519088176, nChannelID=1, dwPTZCommand=2, param1=0, param2=4, param3=0, dwStop=1, param4=0000000000000000.]
[2023-11-06T18:07:00.840 info Netsdk:63708 16336:29840 dhnetsdk.cpp:5128]Leave CLIENT_DHPTZControl.ret:1.
[2023-11-06T18:07:01.773 info Netsdk:63708 16336:29840 dhnetsdk.cpp:5105]Enter CLIENT_DHPTZControl. [lLoginID=1519088176, nChannelID=1, dwPTZCommand=2, param1=0, param2=4, param3=0, dwStop=0, param4=0000000000000000.]
[2023-11-06T18:07:01.773 info Netsdk:63708 16336:29840 dhnetsdk.cpp:5128]Leave CLIENT_DHPTZControl.ret:1.
[2023-11-06T18:07:02.898 info Netsdk:63708 16336:29840 dhnetsdk.cpp:5105]Enter CLIENT_DHPTZControl. [lLoginID=1519088176, nChannelID=1, dwPTZCommand=2, param1=0, param2=4, param3=0, dwStop=1, param4=0000000000000000.]
[2023-11-06T18:07:02.899 info Netsdk:63708 16336:29840 dhnetsdk.cpp:5128]Leave CLIENT_DHPTZControl.ret:1.
[2023-11-06T18:07:34.022 info Netsdk:63708 16336:29840 dhnetsdk.cpp:5105]Enter CLIENT_DHPTZControl. [lLoginID=1519088176, nChannelID=1, dwPTZCommand=3, param1=0, param2=4, param3=0, dwStop=0, param4=0000000000000000.]
[2023-11-06T18:07:34.022 info Netsdk:63708 16336:29840 dhnetsdk.cpp:5128]Leave CLIENT_DHPTZControl.ret:1.
[2023-11-06T18:07:34.103 info Netsdk:63708 16336:29840 dhnetsdk.cpp:5105]Enter CLIENT_DHPTZControl. [lLoginID=1519088176, nChannelID=1, dwPTZCommand=3, param1=0, param2=4, param3=0, dwStop=1, param4=0000000000000000.]
[2023-11-06T18:07:34.104 info Netsdk:63708 16336:29840 dhnetsdk.cpp:5128]Leave CLIENT_DHPTZControl.ret:1.
[2023-11-06T18:07:34.525 info Netsdk:63708 16336:29840 dhnetsdk.cpp:5105]Enter CLIENT_DHPTZControl. [lLoginID=1519088176, nChannelID=1, dwPTZCommand=3, param1=0, param2=4, param3=0, dwStop=0, param4=0000000000000000.]
[2023-11-06T18:07:34.526 info Netsdk:63708 16336:29840 dhnetsdk.cpp:5128]Leave CLIENT_DHPTZControl.ret:1.
[2023-11-06T18:07:34.847 info Netsdk:63708 16336:29840 dhnetsdk.cpp:5105]Enter CLIENT_DHPTZControl. [lLoginID=1519088176, nChannelID=1, dwPTZCommand=3, param1=0, param2=4, param3=0, dwStop=1, param4=0000000000000000.]
[2023-11-06T18:07:34.848 info Netsdk:63708 16336:29840 dhnetsdk.cpp:5128]Leave CLIENT_DHPTZControl.ret:1.
[2023-11-06T18:07:35.224 info Netsdk:63708 16336:29840 dhnetsdk.cpp:5105]Enter CLIENT_DHPTZControl. [lLoginID=1519088176, nChannelID=1, dwPTZCommand=3, param1=0, param2=4, param3=0, dwStop=0, param4=0000000000000000.]
[2023-11-06T18:07:35.224 info Netsdk:63708 16336:29840 dhnetsdk.cpp:5128]Leave CLIENT_DHPTZControl.ret:1.
[2023-11-06T18:07:35.399 info Netsdk:63708 16336:29840 dhnetsdk.cpp:5105]Enter CLIENT_DHPTZControl. [lLoginID=1519088176, nChannelID=1, dwPTZCommand=3, param1=0, param2=4, param3=0, dwStop=1, param4=0000000000000000.]
[2023-11-06T18:07:35.400 info Netsdk:63708 16336:29840 dhnetsdk.cpp:5128]Leave CLIENT_DHPTZControl.ret:1.
[2023-11-06T18:07:35.876 info Netsdk:63708 16336:29840 dhnetsdk.cpp:5105]Enter CLIENT_DHPTZControl. [lLoginID=1519088176, nChannelID=1, dwPTZCommand=3, param1=0, param2=4, param3=0, dwStop=0, param4=0000000000000000.]
[2023-11-06T18:07:35.877 info Netsdk:63708 16336:29840 dhnetsdk.cpp:5128]Leave CLIENT_DHPTZControl.ret:1.
[2023-11-06T18:07:36.047 info Netsdk:63708 16336:29840 dhnetsdk.cpp:5105]Enter CLIENT_DHPTZControl. [lLoginID=1519088176, nChannelID=1, dwPTZCommand=3, param1=0, param2=4, param3=0, dwStop=1, param4=0000000000000000.]
[2023-11-06T18:07:36.048 info Netsdk:63708 16336:29840 dhnetsdk.cpp:5128]Leave CLIENT_DHPTZControl.ret:1.
[2023-11-06T18:07:36.473 info Netsdk:63708 16336:29840 dhnetsdk.cpp:5105]Enter CLIENT_DHPTZControl. [lLoginID=1519088176, nChannelID=1, dwPTZCommand=3, param1=0, param2=4, param3=0, dwStop=0, param4=0000000000000000.]
[2023-11-06T18:07:36.474 info Netsdk:63708 16336:29840 dhnetsdk.cpp:5128]Leave CLIENT_DHPTZControl.ret:1.
[2023-11-06T18:07:36.635 info Netsdk:63708 16336:29840 dhnetsdk.cpp:5105]Enter CLIENT_DHPTZControl. [lLoginID=1519088176, nChannelID=1, dwPTZCommand=3, param1=0, param2=4, param3=0, dwStop=1, param4=0000000000000000.]
[2023-11-06T18:07:36.635 info Netsdk:63708 16336:29840 dhnetsdk.cpp:5128]Leave CLIENT_DHPTZControl.ret:1.
[2023-11-06T18:07:37.224 info Netsdk:63708 16336:29840 dhnetsdk.cpp:5105]Enter CLIENT_DHPTZControl. [lLoginID=1519088176, nChannelID=1, dwPTZCommand=3, param1=0, param2=4, param3=0, dwStop=0, param4=0000000000000000.]
[2023-11-06T18:07:37.224 info Netsdk:63708 16336:29840 dhnetsdk.cpp:5128]Leave CLIENT_DHPTZControl.ret:1.
[2023-11-06T18:07:38.017 info Netsdk:63708 16336:29840 dhnetsdk.cpp:5105]Enter CLIENT_DHPTZControl. [lLoginID=1519088176, nChannelID=1, dwPTZCommand=3, param1=0, param2=4, param3=0, dwStop=1, param4=0000000000000000.]
[2023-11-06T18:07:38.017 info Netsdk:63708 16336:29840 dhnetsdk.cpp:5128]Leave CLIENT_DHPTZControl.ret:1.
[2023-11-06T18:07:38.736 info Netsdk:63708 16336:29840 dhnetsdk.cpp:5105]Enter CLIENT_DHPTZControl. [lLoginID=1519088176, nChannelID=1, dwPTZCommand=3, param1=0, param2=4, param3=0, dwStop=0, param4=0000000000000000.]
[2023-11-06T18:07:38.736 info Netsdk:63708 16336:29840 dhnetsdk.cpp:5128]Leave CLIENT_DHPTZControl.ret:1.
[2023-11-06T18:07:38.879 info Netsdk:63708 16336:29840 dhnetsdk.cpp:5105]Enter CLIENT_DHPTZControl. [lLoginID=1519088176, nChannelID=1, dwPTZCommand=3, param1=0, param2=4, param3=0, dwStop=1, param4=0000000000000000.]
[2023-11-06T18:07:38.880 info Netsdk:63708 16336:29840 dhnetsdk.cpp:5128]Leave CLIENT_DHPTZControl.ret:1.
[2023-11-06T18:07:39.400 info Netsdk:63708 16336:29840 dhnetsdk.cpp:5105]Enter CLIENT_DHPTZControl. [lLoginID=1519088176, nChannelID=1, dwPTZCommand=3, param1=0, param2=4, param3=0, dwStop=0, param4=0000000000000000.]
[2023-11-06T18:07:39.401 info Netsdk:63708 16336:29840 dhnetsdk.cpp:5128]Leave CLIENT_DHPTZControl.ret:1.
[2023-11-06T18:07:39.585 info Netsdk:63708 16336:29840 dhnetsdk.cpp:5105]Enter CLIENT_DHPTZControl. [lLoginID=1519088176, nChannelID=1, dwPTZCommand=3, param1=0, param2=4, param3=0, dwStop=1, param4=0000000000000000.]
[2023-11-06T18:07:39.586 info Netsdk:63708 16336:29840 dhnetsdk.cpp:5128]Leave CLIENT_DHPTZControl.ret:1.
[2023-11-06T18:07:41.990 info Netsdk:63708 16336:29840 dhnetsdk.cpp:5105]Enter CLIENT_DHPTZControl. [lLoginID=1519088176, nChannelID=1, dwPTZCommand=1, param1=0, param2=4, param3=0, dwStop=0, param4=0000000000000000.]
[2023-11-06T18:07:41.990 info Netsdk:63708 16336:29840 dhnetsdk.cpp:5128]Leave CLIENT_DHPTZControl.ret:1.
[2023-11-06T18:07:42.134 info Netsdk:63708 16336:29840 dhnetsdk.cpp:5105]Enter CLIENT_DHPTZControl. [lLoginID=1519088176, nChannelID=1, dwPTZCommand=1, param1=0, param2=4, param3=0, dwStop=1, param4=0000000000000000.]
[2023-11-06T18:07:42.134 info Netsdk:63708 16336:29840 dhnetsdk.cpp:5128]Leave CLIENT_DHPTZControl.ret:1.
Begin Time:2023-11-06T18:10:11.355
[2023-11-06T18:10:11.357 info Netsdk:63708 36984:15176 AVNetSDKMgr.cpp:504]Load avnetsdk library dynamically
[2023-11-06T18:10:11.400 info Netsdk:63708 36984:15176 AVNetSDKMgr.cpp:549]avnetsdk module handle: 000001E1BADE0000

[2023-11-06T18:10:11.400 info Netsdk:63708 36984:15176 AVNetSDKMgr.cpp:823]Load configsdk dynamically
[2023-11-06T18:10:11.407 info Netsdk:63708 36984:15176 dhnetsdk.cpp:352]Enter CLIENT_SetNetworkParam:[nWaittime=0, nConnectTime=0, nConnectTryNum=2, nSubConnectSpaceTime=0, nGetDevInfoTime=3000, nConnectBufSize=0, nGetConnInfoTime=0, nSearchRecordTime=0, nsubDisconnetTime=0, byNetType=0, byPlaybackBufSize=0, bDetectDisconnTime=0, bKeepLifeInterval=0, nPicBufSize=0].
[2023-11-06T18:10:11.407 info Netsdk:63708 36984:15176 dhnetsdk.cpp:367]Leave CLIENT_SetNetworkParam.
[2023-11-06T18:10:11.407 info Netsdk:63708 36984:15176 dhnetsdk.cpp:302]Enter CLIENT_SetAutoReconnect:[cbAutoConnect=00007FF73B829CA4, dwUser=000000CCE8DAE330].
[2023-11-06T18:10:11.407 info Netsdk:63708 36984:15176 dhnetsdk.cpp:304]Leave CLIENT_SetAutoReconnect.
[2023-11-06T18:10:11.546 info Netsdk:63708 36984:15176 dhnetsdk.cpp:991]Enter CLIENT_LoginWithHighLevelSecurity. pstInParam:000000CCE8DAC8A0, pstOutParam:000000CCE8DAC9A0.
[2023-11-06T18:10:11.546 info Netsdk:63708 36984:15176 dhnetsdk.cpp:1007]IP:218.240.128.210, port:37777, SpeCap:0, CapParam:0000000000000000, TLSCap:0
Begin Time:2023-11-06T18:10:11.620
[2023-11-06T18:10:11.620 info Netsdk:63708 22224:34228 AVNetSDKMgr.cpp:504]Load avnetsdk library dynamically
[2023-11-06T18:10:11.625 info Netsdk:63708 22224:34228 AVNetSDKMgr.cpp:549]avnetsdk module handle: 000002040AC80000

[2023-11-06T18:10:11.625 info Netsdk:63708 22224:34228 AVNetSDKMgr.cpp:823]Load configsdk dynamically
[2023-11-06T18:10:11.628 info Netsdk:63708 22224:34228 dhnetsdk.cpp:302]Enter CLIENT_SetAutoReconnect:[cbAutoConnect=00007FF6A3389DA8, dwUser=000000E21C2FCF80].
[2023-11-06T18:10:11.628 info Netsdk:63708 22224:34228 dhnetsdk.cpp:304]Leave CLIENT_SetAutoReconnect.
[2023-11-06T18:10:11.663 info Netsdk:63708 22224:34228 dhnetsdk.cpp:991]Enter CLIENT_LoginWithHighLevelSecurity. pstInParam:000000E21C2FB410, pstOutParam:000000E21C2FB510.
[2023-11-06T18:10:11.663 info Netsdk:63708 22224:34228 dhnetsdk.cpp:1007]IP:218.240.128.210, port:37777, SpeCap:0, CapParam:0000000000000000, TLSCap:0
[2023-11-06T18:10:11.833 info Netsdk:63708 36984:15176 dhnetsdk.cpp:1054]Leave CLIENT_LoginWithHighLevelSecurity. error:0, login ID:-1217037744.
[2023-11-06T18:10:11.837 info Netsdk:63708 36984:15176 dhnetsdk.cpp:8181]Enter CLIENT_QueryDevState. [lLoginID=-1217037744, nType=4, pBuf=000000CCE8DAAEE0, nBufLen=3076, pRetLen=000000CCE8DAC734, waittime=3000.]
[2023-11-06T18:10:11.863 info Netsdk:63708 36984:15176 dhnetsdk.cpp:8205]Leave CLIENT_QueryDevState.ret:1.
[2023-11-06T18:10:11.903 info Netsdk:63708 22224:34228 dhnetsdk.cpp:1054]Leave CLIENT_LoginWithHighLevelSecurity. error:0, login ID:125403696.
[2023-11-06T18:10:11.917 info Netsdk:63708 22224:34228 dhnetsdk.cpp:8181]Enter CLIENT_QueryDevState. [lLoginID=125403696, nType=82, pBuf=000000E21C2FB638, nBufLen=60, pRetLen=000000E21C2FB614, waittime=1000.]
[2023-11-06T18:10:12.027 info Netsdk:63708 22224:34228 dhnetsdk.cpp:8205]Leave CLIENT_QueryDevState.ret:1.
[2023-11-06T18:10:12.043 info Netsdk:63708 22224:34228 dhnetsdk.cpp:1288]Enter CLIENT_RealPlayEx. lLoginID:125403696. nChannelID:0. rType:0
[2023-11-06T18:10:12.349 error Netsdk:63708 22224:34228 Generation2ProtocolSecureTransmit.cpp:661]Not find
[2023-11-06T18:10:12.349 info Netsdk:63708 22224:34228 DevConfigEx.cpp:11689]IN SetupSession PORT=0 and PORT: 37777
[2023-11-06T18:10:12.493 info Netsdk:63708 22224:34228 dhnetsdk.cpp:1354]Leave CLIENT_RealPlayEx. ret:186776224
Begin Time:2023-11-06T18:10:34.648
[2023-11-06T18:10:34.649 info Netsdk:63708 1384:35112 AVNetSDKMgr.cpp:504]Load avnetsdk library dynamically
[2023-11-06T18:10:34.659 info Netsdk:63708 1384:35112 AVNetSDKMgr.cpp:549]avnetsdk module handle: 000001E1DE890000

[2023-11-06T18:10:34.659 info Netsdk:63708 1384:35112 AVNetSDKMgr.cpp:823]Load configsdk dynamically
[2023-11-06T18:10:34.693 info Netsdk:63708 1384:35112 dhnetsdk.cpp:302]Enter CLIENT_SetAutoReconnect:[cbAutoConnect=00007FF642429DA8, dwUser=000000D03FAFCF50].
[2023-11-06T18:10:34.693 info Netsdk:63708 1384:35112 dhnetsdk.cpp:304]Leave CLIENT_SetAutoReconnect.
[2023-11-06T18:10:34.728 info Netsdk:63708 1384:35112 dhnetsdk.cpp:991]Enter CLIENT_LoginWithHighLevelSecurity. pstInParam:000000D03FAFB3E0, pstOutParam:000000D03FAFB4E0.
[2023-11-06T18:10:34.728 info Netsdk:63708 1384:35112 dhnetsdk.cpp:1007]IP:218.240.128.210, port:37777, SpeCap:0, CapParam:0000000000000000, TLSCap:0
[2023-11-06T18:10:35.951 info Netsdk:63708 1384:35112 dhnetsdk.cpp:1054]Leave CLIENT_LoginWithHighLevelSecurity. error:0, login ID:-624332240.
[2023-11-06T18:10:35.964 info Netsdk:63708 1384:35112 dhnetsdk.cpp:8181]Enter CLIENT_QueryDevState. [lLoginID=-624332240, nType=82, pBuf=000000D03FAFB608, nBufLen=60, pRetLen=000000D03FAFB5E4, waittime=1000.]
[2023-11-06T18:10:36.127 info Netsdk:63708 1384:35112 dhnetsdk.cpp:8205]Leave CLIENT_QueryDevState.ret:1.
[2023-11-06T18:10:36.130 info Netsdk:63708 1384:35112 dhnetsdk.cpp:1288]Enter CLIENT_RealPlayEx. lLoginID:-624332240. nChannelID:0. rType:0
[2023-11-06T18:10:36.428 error Netsdk:63708 1384:35112 Generation2ProtocolSecureTransmit.cpp:661]Not find
[2023-11-06T18:10:36.428 info Netsdk:63708 1384:35112 DevConfigEx.cpp:11689]IN SetupSession PORT=0 and PORT: 37777
[2023-11-06T18:10:36.540 info Netsdk:63708 1384:35112 dhnetsdk.cpp:1354]Leave CLIENT_RealPlayEx. ret:-555178352
Begin Time:2023-11-06T18:11:21.607
[2023-11-06T18:11:21.607 info Netsdk:63708 26048:24356 AVNetSDKMgr.cpp:504]Load avnetsdk library dynamically
[2023-11-06T18:11:21.617 info Netsdk:63708 26048:24356 AVNetSDKMgr.cpp:549]avnetsdk module handle: 0000015524D50000

[2023-11-06T18:11:21.617 info Netsdk:63708 26048:24356 AVNetSDKMgr.cpp:823]Load configsdk dynamically
[2023-11-06T18:11:21.652 info Netsdk:63708 26048:24356 dhnetsdk.cpp:302]Enter CLIENT_SetAutoReconnect:[cbAutoConnect=00007FF6FD379DA8, dwUser=00000048C9AFCEB0].
[2023-11-06T18:11:21.652 info Netsdk:63708 26048:24356 dhnetsdk.cpp:304]Leave CLIENT_SetAutoReconnect.
[2023-11-06T18:11:21.781 info Netsdk:63708 26048:24356 dhnetsdk.cpp:991]Enter CLIENT_LoginWithHighLevelSecurity. pstInParam:00000048C9AFB340, pstOutParam:00000048C9AFB440.
[2023-11-06T18:11:21.781 info Netsdk:63708 26048:24356 dhnetsdk.cpp:1007]IP:218.240.128.210, port:37777, SpeCap:0, CapParam:0000000000000000, TLSCap:0
[2023-11-06T18:11:23.027 info Netsdk:63708 26048:24356 dhnetsdk.cpp:1054]Leave CLIENT_LoginWithHighLevelSecurity. error:0, login ID:556499520.
[2023-11-06T18:11:23.032 info Netsdk:63708 26048:24356 dhnetsdk.cpp:8181]Enter CLIENT_QueryDevState. [lLoginID=556499520, nType=82, pBuf=00000048C9AFB568, nBufLen=60, pRetLen=00000048C9AFB544, waittime=1000.]
[2023-11-06T18:11:23.228 info Netsdk:63708 26048:24356 dhnetsdk.cpp:8205]Leave CLIENT_QueryDevState.ret:1.
[2023-11-06T18:11:23.235 info Netsdk:63708 26048:24356 dhnetsdk.cpp:1288]Enter CLIENT_RealPlayEx. lLoginID:556499520. nChannelID:0. rType:0
[2023-11-06T18:11:23.488 error Netsdk:63708 26048:24356 Generation2ProtocolSecureTransmit.cpp:661]Not find
[2023-11-06T18:11:23.488 info Netsdk:63708 26048:24356 DevConfigEx.cpp:11689]IN SetupSession PORT=0 and PORT: 37777
[2023-11-06T18:11:23.633 info Netsdk:63708 26048:24356 dhnetsdk.cpp:1354]Leave CLIENT_RealPlayEx. ret:643553920
[2023-11-06T18:11:56.657 info Netsdk:63708 26048:24356 dhnetsdk.cpp:2090]Enter CLIENT_StopRealPlayEx. lRealHandle:643553920.
[2023-11-06T18:11:56.673 info Netsdk:63708 26048:24356 dhnetsdk.cpp:2104]Leave CLIENT_StopRealPlayEx. ret:1
[2023-11-06T18:11:56.673 info Netsdk:63708 26048:24356 dhnetsdk.cpp:1075]Enter CLIENT_Logout. lLoginID:556499520.
[2023-11-06T18:11:56.673 error Netsdk:63708 26048:24356 TPTCPClient.cpp:723]Device is not online, ip:218.240.128.210
[2023-11-06T18:11:56.674 info Netsdk:63708 26048:24356 dhnetsdk.cpp:1097]Leave CLIENT_Logout. ret:1
Begin Time:2023-11-06T18:12:14.116
[2023-11-06T18:12:14.116 info Netsdk:63708 33980:25244 AVNetSDKMgr.cpp:504]Load avnetsdk library dynamically
[2023-11-06T18:12:14.166 info Netsdk:63708 33980:25244 AVNetSDKMgr.cpp:549]avnetsdk module handle: 000001B98F5C0000

[2023-11-06T18:12:14.167 info Netsdk:63708 33980:25244 AVNetSDKMgr.cpp:823]Load configsdk dynamically
[2023-11-06T18:12:14.174 info Netsdk:63708 33980:25244 dhnetsdk.cpp:352]Enter CLIENT_SetNetworkParam:[nWaittime=0, nConnectTime=0, nConnectTryNum=2, nSubConnectSpaceTime=0, nGetDevInfoTime=3000, nConnectBufSize=0, nGetConnInfoTime=0, nSearchRecordTime=0, nsubDisconnetTime=0, byNetType=0, byPlaybackBufSize=0, bDetectDisconnTime=0, bKeepLifeInterval=0, nPicBufSize=0].
[2023-11-06T18:12:14.175 info Netsdk:63708 33980:25244 dhnetsdk.cpp:367]Leave CLIENT_SetNetworkParam.
[2023-11-06T18:12:14.175 info Netsdk:63708 33980:25244 dhnetsdk.cpp:302]Enter CLIENT_SetAutoReconnect:[cbAutoConnect=00007FF73B829CA4, dwUser=00000098FDAFE460].
[2023-11-06T18:12:14.175 info Netsdk:63708 33980:25244 dhnetsdk.cpp:304]Leave CLIENT_SetAutoReconnect.
[2023-11-06T18:12:14.430 info Netsdk:63708 33980:25244 dhnetsdk.cpp:991]Enter CLIENT_LoginWithHighLevelSecurity. pstInParam:00000098FDAFC9D0, pstOutParam:00000098FDAFCAD0.
[2023-11-06T18:12:14.431 info Netsdk:63708 33980:25244 dhnetsdk.cpp:1007]IP:218.240.128.210, port:37777, SpeCap:0, CapParam:0000000000000000, TLSCap:0
Begin Time:2023-11-06T18:12:14.638
[2023-11-06T18:12:14.639 info Netsdk:63708 18720:23020 AVNetSDKMgr.cpp:504]Load avnetsdk library dynamically
[2023-11-06T18:12:14.645 info Netsdk:63708 18720:23020 AVNetSDKMgr.cpp:549]avnetsdk module handle: 000001E6096A0000

[2023-11-06T18:12:14.645 info Netsdk:63708 18720:23020 AVNetSDKMgr.cpp:823]Load configsdk dynamically
[2023-11-06T18:12:14.648 info Netsdk:63708 18720:23020 dhnetsdk.cpp:302]Enter CLIENT_SetAutoReconnect:[cbAutoConnect=00007FF6FD379DA8, dwUser=00000043FACFCCF0].
[2023-11-06T18:12:14.648 info Netsdk:63708 18720:23020 dhnetsdk.cpp:304]Leave CLIENT_SetAutoReconnect.
[2023-11-06T18:12:14.671 info Netsdk:63708 33980:25244 dhnetsdk.cpp:1054]Leave CLIENT_LoginWithHighLevelSecurity. error:0, login ID:-1964801888.
[2023-11-06T18:12:14.681 info Netsdk:63708 33980:25244 dhnetsdk.cpp:8181]Enter CLIENT_QueryDevState. [lLoginID=-1964801888, nType=4, pBuf=00000098FDAFB010, nBufLen=3076, pRetLen=00000098FDAFC864, waittime=3000.]
[2023-11-06T18:12:14.693 info Netsdk:63708 33980:25244 dhnetsdk.cpp:8205]Leave CLIENT_QueryDevState.ret:1.
[2023-11-06T18:12:14.803 info Netsdk:63708 18720:23020 dhnetsdk.cpp:991]Enter CLIENT_LoginWithHighLevelSecurity. pstInParam:00000043FACFB180, pstOutParam:00000043FACFB280.
[2023-11-06T18:12:14.803 info Netsdk:63708 18720:23020 dhnetsdk.cpp:1007]IP:218.240.128.210, port:37777, SpeCap:0, CapParam:0000000000000000, TLSCap:0
[2023-11-06T18:12:15.024 info Netsdk:63708 18720:23020 dhnetsdk.cpp:1054]Leave CLIENT_LoginWithHighLevelSecurity. error:0, login ID:102132848.
[2023-11-06T18:12:15.038 info Netsdk:63708 18720:23020 dhnetsdk.cpp:8181]Enter CLIENT_QueryDevState. [lLoginID=102132848, nType=82, pBuf=00000043FACFB3A8, nBufLen=60, pRetLen=00000043FACFB384, waittime=1000.]
[2023-11-06T18:12:15.168 info Netsdk:63708 18720:23020 dhnetsdk.cpp:8205]Leave CLIENT_QueryDevState.ret:1.
[2023-11-06T18:12:15.178 info Netsdk:63708 18720:23020 dhnetsdk.cpp:1288]Enter CLIENT_RealPlayEx. lLoginID:102132848. nChannelID:0. rType:0
[2023-11-06T18:12:15.409 error Netsdk:63708 18720:23020 Generation2ProtocolSecureTransmit.cpp:661]Not find
[2023-11-06T18:12:15.409 info Netsdk:63708 18720:23020 DevConfigEx.cpp:11689]IN SetupSession PORT=0 and PORT: 37777
[2023-11-06T18:12:15.482 info Netsdk:63708 18720:23020 dhnetsdk.cpp:1354]Leave CLIENT_RealPlayEx. ret:102152176
[2023-11-06T18:13:16.172 error Netsdk:63708 18720:15264 TcpSocket.cpp:864]Heartbeat failed, second:60
[2023-11-06T18:14:20.236 error Netsdk:63708 18720:15264 TcpSocket.cpp:864]Heartbeat failed, second:60
Begin Time:2023-11-07T09:36:18.213
[2023-11-07T09:36:18.213 info Netsdk:63708 35596:16232 AVNetSDKMgr.cpp:504]Load avnetsdk library dynamically
[2023-11-07T09:36:18.239 info Netsdk:63708 35596:16232 AVNetSDKMgr.cpp:549]avnetsdk module handle: 000001F001410000

[2023-11-07T09:36:18.239 info Netsdk:63708 35596:16232 AVNetSDKMgr.cpp:823]Load configsdk dynamically
[2023-11-07T09:36:18.246 info Netsdk:63708 35596:16232 dhnetsdk.cpp:352]Enter CLIENT_SetNetworkParam:[nWaittime=0, nConnectTime=0, nConnectTryNum=2, nSubConnectSpaceTime=0, nGetDevInfoTime=3000, nConnectBufSize=0, nGetConnInfoTime=0, nSearchRecordTime=0, nsubDisconnetTime=0, byNetType=0, byPlaybackBufSize=0, bDetectDisconnTime=0, bKeepLifeInterval=0, nPicBufSize=0].
[2023-11-07T09:36:18.246 info Netsdk:63708 35596:16232 dhnetsdk.cpp:367]Leave CLIENT_SetNetworkParam.
[2023-11-07T09:36:18.246 info Netsdk:63708 35596:16232 dhnetsdk.cpp:302]Enter CLIENT_SetAutoReconnect:[cbAutoConnect=00007FF65BC09CA4, dwUser=0000002957CFE3B0].
[2023-11-07T09:36:18.247 info Netsdk:63708 35596:16232 dhnetsdk.cpp:304]Leave CLIENT_SetAutoReconnect.
[2023-11-07T09:36:18.346 info Netsdk:63708 35596:16232 dhnetsdk.cpp:991]Enter CLIENT_LoginWithHighLevelSecurity. pstInParam:0000002957CFC920, pstOutParam:0000002957CFCA20.
[2023-11-07T09:36:18.347 info Netsdk:63708 35596:16232 dhnetsdk.cpp:1007]IP:218.240.128.210, port:37777, SpeCap:0, CapParam:0000000000000000, TLSCap:0
[2023-11-07T09:36:18.533 info Netsdk:63708 35596:16232 dhnetsdk.cpp:1054]Leave CLIENT_LoginWithHighLevelSecurity. error:0, login ID:2135138864.
[2023-11-07T09:36:18.540 info Netsdk:63708 35596:16232 dhnetsdk.cpp:8181]Enter CLIENT_QueryDevState. [lLoginID=2135138864, nType=4, pBuf=0000002957CFAF60, nBufLen=3076, pRetLen=0000002957CFC7B4, waittime=3000.]
[2023-11-07T09:36:18.569 info Netsdk:63708 35596:16232 dhnetsdk.cpp:8205]Leave CLIENT_QueryDevState.ret:1.
Begin Time:2023-11-07T09:36:18.630
[2023-11-07T09:36:18.630 info Netsdk:63708 27212:22748 AVNetSDKMgr.cpp:504]Load avnetsdk library dynamically
[2023-11-07T09:36:18.634 info Netsdk:63708 27212:22748 AVNetSDKMgr.cpp:549]avnetsdk module handle: 000002A997110000

[2023-11-07T09:36:18.634 info Netsdk:63708 27212:22748 AVNetSDKMgr.cpp:823]Load configsdk dynamically
[2023-11-07T09:36:18.636 info Netsdk:63708 27212:22748 dhnetsdk.cpp:302]Enter CLIENT_SetAutoReconnect:[cbAutoConnect=00007FF60C859DA8, dwUser=000000BA291ECDE0].
[2023-11-07T09:36:18.636 info Netsdk:63708 27212:22748 dhnetsdk.cpp:304]Leave CLIENT_SetAutoReconnect.
[2023-11-07T09:36:18.734 info Netsdk:63708 27212:22748 dhnetsdk.cpp:991]Enter CLIENT_LoginWithHighLevelSecurity. pstInParam:000000BA291EB270, pstOutParam:000000BA291EB370.
[2023-11-07T09:36:18.734 info Netsdk:63708 27212:22748 dhnetsdk.cpp:1007]IP:218.240.128.210, port:37777, SpeCap:0, CapParam:0000000000000000, TLSCap:0
[2023-11-07T09:36:18.931 info Netsdk:63708 27212:22748 dhnetsdk.cpp:1054]Leave CLIENT_LoginWithHighLevelSecurity. error:0, login ID:-1857282976.
[2023-11-07T09:36:18.939 info Netsdk:63708 27212:22748 dhnetsdk.cpp:8181]Enter CLIENT_QueryDevState. [lLoginID=-1857282976, nType=82, pBuf=000000BA291EB498, nBufLen=60, pRetLen=000000BA291EB474, waittime=1000.]
[2023-11-07T09:36:19.031 info Netsdk:63708 27212:22748 dhnetsdk.cpp:8205]Leave CLIENT_QueryDevState.ret:1.
[2023-11-07T09:36:19.036 info Netsdk:63708 27212:22748 dhnetsdk.cpp:1288]Enter CLIENT_RealPlayEx. lLoginID:-1857282976. nChannelID:0. rType:0
[2023-11-07T09:36:19.326 error Netsdk:63708 27212:22748 Generation2ProtocolSecureTransmit.cpp:661]Not find
[2023-11-07T09:36:19.326 info Netsdk:63708 27212:22748 DevConfigEx.cpp:11689]IN SetupSession PORT=0 and PORT: 37777
[2023-11-07T09:36:19.389 info Netsdk:63708 27212:22748 dhnetsdk.cpp:1354]Leave CLIENT_RealPlayEx. ret:-1857259440
[2023-11-07T09:36:36.108 info Netsdk:63708 35596:16232 dhnetsdk.cpp:8113]Enter CLIENT_ControlDevice. [lLoginID=2135138864, type=12, param=0000000000000000, waittime=3000.]
[2023-11-07T09:36:36.108 info Netsdk:63708 35596:16232 dhnetsdk.cpp:8136]Leave CLIENT_ControlDevice.ret:1.
[2023-11-07T09:36:40.542 info Netsdk:63708 27212:22748 dhnetsdk.cpp:2090]Enter CLIENT_StopRealPlayEx. lRealHandle:-1857259440.
[2023-11-07T09:36:40.555 info Netsdk:63708 27212:22748 dhnetsdk.cpp:2104]Leave CLIENT_StopRealPlayEx. ret:1
[2023-11-07T09:36:40.555 info Netsdk:63708 27212:22748 dhnetsdk.cpp:1288]Enter CLIENT_RealPlayEx. lLoginID:-1857282976. nChannelID:1. rType:0
[2023-11-07T09:36:40.591 error Netsdk:63708 27212:22748 Generation2ProtocolSecureTransmit.cpp:661]Not find
[2023-11-07T09:36:40.591 info Netsdk:63708 27212:22748 DevConfigEx.cpp:11689]IN SetupSession PORT=0 and PORT: 37777
[2023-11-07T09:36:40.602 info Netsdk:63708 27212:22748 dhnetsdk.cpp:1354]Leave CLIENT_RealPlayEx. ret:-1857259440
[2023-11-07T09:36:40.603 info Netsdk:63708 27212:22748 dhnetsdk.cpp:5105]Enter CLIENT_DHPTZControl. [lLoginID=-1857282976, nChannelID=1, dwPTZCommand=2, param1=0, param2=4, param3=0, dwStop=0, param4=0000000000000000.]
[2023-11-07T09:36:40.603 info Netsdk:63708 27212:22748 dhnetsdk.cpp:5128]Leave CLIENT_DHPTZControl.ret:1.
[2023-11-07T09:36:40.689 info Netsdk:63708 27212:22748 dhnetsdk.cpp:5105]Enter CLIENT_DHPTZControl. [lLoginID=-1857282976, nChannelID=1, dwPTZCommand=2, param1=0, param2=4, param3=0, dwStop=1, param4=0000000000000000.]
[2023-11-07T09:36:40.690 info Netsdk:63708 27212:22748 dhnetsdk.cpp:5128]Leave CLIENT_DHPTZControl.ret:1.
[2023-11-07T09:36:42.790 info Netsdk:63708 27212:22748 dhnetsdk.cpp:5105]Enter CLIENT_DHPTZControl. [lLoginID=-1857282976, nChannelID=1, dwPTZCommand=2, param1=0, param2=4, param3=0, dwStop=0, param4=0000000000000000.]
[2023-11-07T09:36:42.791 info Netsdk:63708 27212:22748 dhnetsdk.cpp:5128]Leave CLIENT_DHPTZControl.ret:1.
[2023-11-07T09:36:43.241 info Netsdk:63708 27212:22748 dhnetsdk.cpp:5105]Enter CLIENT_DHPTZControl. [lLoginID=-1857282976, nChannelID=1, dwPTZCommand=2, param1=0, param2=4, param3=0, dwStop=1, param4=0000000000000000.]
[2023-11-07T09:36:43.241 info Netsdk:63708 27212:22748 dhnetsdk.cpp:5128]Leave CLIENT_DHPTZControl.ret:1.
[2023-11-07T09:36:44.118 info Netsdk:63708 27212:22748 dhnetsdk.cpp:5105]Enter CLIENT_DHPTZControl. [lLoginID=-1857282976, nChannelID=1, dwPTZCommand=2, param1=0, param2=4, param3=0, dwStop=0, param4=0000000000000000.]
[2023-11-07T09:36:44.118 info Netsdk:63708 27212:22748 dhnetsdk.cpp:5128]Leave CLIENT_DHPTZControl.ret:1.
[2023-11-07T09:36:44.706 info Netsdk:63708 27212:22748 dhnetsdk.cpp:5105]Enter CLIENT_DHPTZControl. [lLoginID=-1857282976, nChannelID=1, dwPTZCommand=2, param1=0, param2=4, param3=0, dwStop=1, param4=0000000000000000.]
[2023-11-07T09:36:44.707 info Netsdk:63708 27212:22748 dhnetsdk.cpp:5128]Leave CLIENT_DHPTZControl.ret:1.
[2023-11-07T09:36:46.478 info Netsdk:63708 27212:22748 dhnetsdk.cpp:5105]Enter CLIENT_DHPTZControl. [lLoginID=-1857282976, nChannelID=1, dwPTZCommand=3, param1=0, param2=4, param3=0, dwStop=0, param4=0000000000000000.]
[2023-11-07T09:36:46.478 info Netsdk:63708 27212:22748 dhnetsdk.cpp:5128]Leave CLIENT_DHPTZControl.ret:1.
[2023-11-07T09:36:47.146 info Netsdk:63708 27212:22748 dhnetsdk.cpp:5105]Enter CLIENT_DHPTZControl. [lLoginID=-1857282976, nChannelID=1, dwPTZCommand=3, param1=0, param2=4, param3=0, dwStop=1, param4=0000000000000000.]
[2023-11-07T09:36:47.146 info Netsdk:63708 27212:22748 dhnetsdk.cpp:5128]Leave CLIENT_DHPTZControl.ret:1.
[2023-11-07T09:36:58.889 info Netsdk:63708 35596:16232 dhnetsdk.cpp:8113]Enter CLIENT_ControlDevice. [lLoginID=2135138864, type=11, param=0000000000000000, waittime=3000.]
[2023-11-07T09:36:58.889 info Netsdk:63708 35596:16232 dhnetsdk.cpp:8136]Leave CLIENT_ControlDevice.ret:1.
[2023-11-07T09:37:01.445 info Netsdk:63708 27212:22748 dhnetsdk.cpp:2090]Enter CLIENT_StopRealPlayEx. lRealHandle:-1857259440.
[2023-11-07T09:37:01.466 info Netsdk:63708 27212:22748 dhnetsdk.cpp:2104]Leave CLIENT_StopRealPlayEx. ret:1
[2023-11-07T09:37:01.466 info Netsdk:63708 27212:22748 dhnetsdk.cpp:1288]Enter CLIENT_RealPlayEx. lLoginID:-1857282976. nChannelID:0. rType:0
[2023-11-07T09:37:01.485 error Netsdk:63708 27212:22748 Generation2ProtocolSecureTransmit.cpp:661]Not find
[2023-11-07T09:37:01.485 info Netsdk:63708 27212:22748 DevConfigEx.cpp:11689]IN SetupSession PORT=0 and PORT: 37777
[2023-11-07T09:37:01.505 info Netsdk:63708 27212:22748 dhnetsdk.cpp:1354]Leave CLIENT_RealPlayEx. ret:-1735125312
[2023-11-07T09:37:01.506 info Netsdk:63708 27212:22748 dhnetsdk.cpp:5105]Enter CLIENT_DHPTZControl. [lLoginID=-1857282976, nChannelID=0, dwPTZCommand=2, param1=0, param2=4, param3=0, dwStop=0, param4=0000000000000000.]
[2023-11-07T09:37:01.507 info Netsdk:63708 27212:22748 dhnetsdk.cpp:5128]Leave CLIENT_DHPTZControl.ret:1.
[2023-11-07T09:37:01.707 info Netsdk:63708 27212:22748 dhnetsdk.cpp:5105]Enter CLIENT_DHPTZControl. [lLoginID=-1857282976, nChannelID=0, dwPTZCommand=2, param1=0, param2=4, param3=0, dwStop=1, param4=0000000000000000.]
[2023-11-07T09:37:01.708 info Netsdk:63708 27212:22748 dhnetsdk.cpp:5128]Leave CLIENT_DHPTZControl.ret:1.
[2023-11-07T09:37:02.118 info Netsdk:63708 27212:22748 dhnetsdk.cpp:5105]Enter CLIENT_DHPTZControl. [lLoginID=-1857282976, nChannelID=0, dwPTZCommand=2, param1=0, param2=4, param3=0, dwStop=0, param4=0000000000000000.]
[2023-11-07T09:37:02.119 info Netsdk:63708 27212:22748 dhnetsdk.cpp:5128]Leave CLIENT_DHPTZControl.ret:1.
[2023-11-07T09:37:02.479 info Netsdk:63708 27212:22748 dhnetsdk.cpp:5105]Enter CLIENT_DHPTZControl. [lLoginID=-1857282976, nChannelID=0, dwPTZCommand=2, param1=0, param2=4, param3=0, dwStop=1, param4=0000000000000000.]
[2023-11-07T09:37:02.479 info Netsdk:63708 27212:22748 dhnetsdk.cpp:5128]Leave CLIENT_DHPTZControl.ret:1.
[2023-11-07T09:37:02.822 info Netsdk:63708 27212:22748 dhnetsdk.cpp:5105]Enter CLIENT_DHPTZControl. [lLoginID=-1857282976, nChannelID=0, dwPTZCommand=2, param1=0, param2=4, param3=0, dwStop=0, param4=0000000000000000.]
[2023-11-07T09:37:02.822 info Netsdk:63708 27212:22748 dhnetsdk.cpp:5128]Leave CLIENT_DHPTZControl.ret:1.
[2023-11-07T09:37:03.062 info Netsdk:63708 27212:22748 dhnetsdk.cpp:5105]Enter CLIENT_DHPTZControl. [lLoginID=-1857282976, nChannelID=0, dwPTZCommand=2, param1=0, param2=4, param3=0, dwStop=1, param4=0000000000000000.]
[2023-11-07T09:37:03.062 info Netsdk:63708 27212:22748 dhnetsdk.cpp:5128]Leave CLIENT_DHPTZControl.ret:1.
[2023-11-07T09:37:03.442 info Netsdk:63708 27212:22748 dhnetsdk.cpp:5105]Enter CLIENT_DHPTZControl. [lLoginID=-1857282976, nChannelID=0, dwPTZCommand=2, param1=0, param2=4, param3=0, dwStop=0, param4=0000000000000000.]
[2023-11-07T09:37:03.443 info Netsdk:63708 27212:22748 dhnetsdk.cpp:5128]Leave CLIENT_DHPTZControl.ret:1.
[2023-11-07T09:37:03.619 info Netsdk:63708 27212:22748 dhnetsdk.cpp:5105]Enter CLIENT_DHPTZControl. [lLoginID=-1857282976, nChannelID=0, dwPTZCommand=2, param1=0, param2=4, param3=0, dwStop=1, param4=0000000000000000.]
[2023-11-07T09:37:03.619 info Netsdk:63708 27212:22748 dhnetsdk.cpp:5128]Leave CLIENT_DHPTZControl.ret:1.
[2023-11-07T09:37:54.701 info Netsdk:63708 27212:22748 dhnetsdk.cpp:2090]Enter CLIENT_StopRealPlayEx. lRealHandle:-1735125312.
[2023-11-07T09:37:54.711 info Netsdk:63708 27212:22748 dhnetsdk.cpp:2104]Leave CLIENT_StopRealPlayEx. ret:1
[2023-11-07T09:37:54.711 info Netsdk:63708 27212:22748 dhnetsdk.cpp:1075]Enter CLIENT_Logout. lLoginID:-1857282976.
[2023-11-07T09:37:54.714 error Netsdk:63708 27212:22748 TPTCPClient.cpp:723]Device is not online, ip:218.240.128.210
[2023-11-07T09:37:54.714 info Netsdk:63708 27212:22748 dhnetsdk.cpp:1097]Leave CLIENT_Logout. ret:1
[2023-11-07T09:37:55.329 info Netsdk:63708 35596:16232 dhnetsdk.cpp:1075]Enter CLIENT_Logout. lLoginID:2135138864.
[2023-11-07T09:37:55.329 error Netsdk:63708 35596:16232 TPTCPClient.cpp:723]Device is not online, ip:218.240.128.210
[2023-11-07T09:37:55.329 info Netsdk:63708 35596:16232 dhnetsdk.cpp:1097]Leave CLIENT_Logout. ret:1
Begin Time:2023-11-07T10:58:34.083
[2023-11-07T10:58:34.083 info Netsdk:63708 3840:19792 AVNetSDKMgr.cpp:504]Load avnetsdk library dynamically
[2023-11-07T10:58:34.109 info Netsdk:63708 3840:19792 AVNetSDKMgr.cpp:549]avnetsdk module handle: 000001E94C6E0000

[2023-11-07T10:58:34.110 info Netsdk:63708 3840:19792 AVNetSDKMgr.cpp:823]Load configsdk dynamically
[2023-11-07T10:58:34.117 info Netsdk:63708 3840:19792 dhnetsdk.cpp:352]Enter CLIENT_SetNetworkParam:[nWaittime=0, nConnectTime=0, nConnectTryNum=2, nSubConnectSpaceTime=0, nGetDevInfoTime=3000, nConnectBufSize=0, nGetConnInfoTime=0, nSearchRecordTime=0, nsubDisconnetTime=0, byNetType=0, byPlaybackBufSize=0, bDetectDisconnTime=0, bKeepLifeInterval=0, nPicBufSize=0].
[2023-11-07T10:58:34.117 info Netsdk:63708 3840:19792 dhnetsdk.cpp:367]Leave CLIENT_SetNetworkParam.
[2023-11-07T10:58:34.117 info Netsdk:63708 3840:19792 dhnetsdk.cpp:302]Enter CLIENT_SetAutoReconnect:[cbAutoConnect=00007FF65BC09CA4, dwUser=000000906D0FE6F0].
[2023-11-07T10:58:34.117 info Netsdk:63708 3840:19792 dhnetsdk.cpp:304]Leave CLIENT_SetAutoReconnect.
Begin Time:2023-11-07T10:58:34.146
[2023-11-07T10:58:34.146 info Netsdk:63708 4584:33412 AVNetSDKMgr.cpp:504]Load avnetsdk library dynamically
[2023-11-07T10:58:34.150 info Netsdk:63708 4584:33412 AVNetSDKMgr.cpp:549]avnetsdk module handle: 000002506B070000

[2023-11-07T10:58:34.150 info Netsdk:63708 4584:33412 AVNetSDKMgr.cpp:823]Load configsdk dynamically
[2023-11-07T10:58:34.153 info Netsdk:63708 4584:33412 dhnetsdk.cpp:302]Enter CLIENT_SetAutoReconnect:[cbAutoConnect=00007FF60C859DA8, dwUser=0000005562AFCBD0].
[2023-11-07T10:58:34.153 info Netsdk:63708 4584:33412 dhnetsdk.cpp:304]Leave CLIENT_SetAutoReconnect.
[2023-11-07T10:58:34.260 info Netsdk:63708 3840:19792 dhnetsdk.cpp:991]Enter CLIENT_LoginWithHighLevelSecurity. pstInParam:000000906D0FCC60, pstOutParam:000000906D0FCD60.
[2023-11-07T10:58:34.260 info Netsdk:63708 3840:19792 dhnetsdk.cpp:1007]IP:218.240.128.210, port:37777, SpeCap:0, CapParam:0000000000000000, TLSCap:0
[2023-11-07T10:58:34.291 info Netsdk:63708 4584:33412 dhnetsdk.cpp:991]Enter CLIENT_LoginWithHighLevelSecurity. pstInParam:0000005562AFB060, pstOutParam:0000005562AFB160.
[2023-11-07T10:58:34.292 info Netsdk:63708 4584:33412 dhnetsdk.cpp:1007]IP:218.240.128.210, port:37777, SpeCap:0, CapParam:0000000000000000, TLSCap:0
[2023-11-07T10:58:34.489 info Netsdk:63708 3840:19792 dhnetsdk.cpp:1054]Leave CLIENT_LoginWithHighLevelSecurity. error:0, login ID:1233154608.
[2023-11-07T10:58:34.493 info Netsdk:63708 4584:33412 dhnetsdk.cpp:1054]Leave CLIENT_LoginWithHighLevelSecurity. error:0, login ID:1721856560.
[2023-11-07T10:58:34.494 info Netsdk:63708 3840:19792 dhnetsdk.cpp:8181]Enter CLIENT_QueryDevState. [lLoginID=1233154608, nType=4, pBuf=000000906D0FB2A0, nBufLen=3076, pRetLen=000000906D0FCAF4, waittime=3000.]
[2023-11-07T10:58:34.497 info Netsdk:63708 4584:33412 dhnetsdk.cpp:8181]Enter CLIENT_QueryDevState. [lLoginID=1721856560, nType=82, pBuf=0000005562AFB288, nBufLen=60, pRetLen=0000005562AFB264, waittime=1000.]
[2023-11-07T10:58:34.564 info Netsdk:63708 3840:19792 dhnetsdk.cpp:8205]Leave CLIENT_QueryDevState.ret:1.
[2023-11-07T10:58:34.644 info Netsdk:63708 4584:33412 dhnetsdk.cpp:8205]Leave CLIENT_QueryDevState.ret:1.
[2023-11-07T10:58:34.649 info Netsdk:63708 4584:33412 dhnetsdk.cpp:1288]Enter CLIENT_RealPlayEx. lLoginID:1721856560. nChannelID:0. rType:0
[2023-11-07T10:58:34.884 error Netsdk:63708 4584:33412 Generation2ProtocolSecureTransmit.cpp:661]Not find
[2023-11-07T10:58:34.884 info Netsdk:63708 4584:33412 DevConfigEx.cpp:11689]IN SetupSession PORT=0 and PORT: 37777
[2023-11-07T10:58:34.938 info Netsdk:63708 4584:33412 dhnetsdk.cpp:1354]Leave CLIENT_RealPlayEx. ret:1721882720
[2023-11-07T10:59:17.132 info Netsdk:63708 3840:19792 dhnetsdk.cpp:1075]Enter CLIENT_Logout. lLoginID:1233154608.
[2023-11-07T10:59:17.132 error Netsdk:63708 3840:19792 TPTCPClient.cpp:723]Device is not online, ip:218.240.128.210
[2023-11-07T10:59:17.133 info Netsdk:63708 3840:19792 dhnetsdk.cpp:1097]Leave CLIENT_Logout. ret:1
[2023-11-07T10:59:17.167 info Netsdk:63708 4584:33412 dhnetsdk.cpp:2090]Enter CLIENT_StopRealPlayEx. lRealHandle:1721882720.
[2023-11-07T10:59:17.173 info Netsdk:63708 4584:33412 dhnetsdk.cpp:2104]Leave CLIENT_StopRealPlayEx. ret:1
[2023-11-07T10:59:17.173 info Netsdk:63708 4584:33412 dhnetsdk.cpp:1075]Enter CLIENT_Logout. lLoginID:1721856560.
[2023-11-07T10:59:17.174 error Netsdk:63708 4584:33412 TPTCPClient.cpp:723]Device is not online, ip:218.240.128.210
[2023-11-07T10:59:17.174 info Netsdk:63708 4584:33412 dhnetsdk.cpp:1097]Leave CLIENT_Logout. ret:1
Begin Time:2023-11-07T11:00:02.135
[2023-11-07T11:00:02.135 info Netsdk:63708 37912:21932 AVNetSDKMgr.cpp:504]Load avnetsdk library dynamically
[2023-11-07T11:00:02.162 info Netsdk:63708 37912:21932 AVNetSDKMgr.cpp:549]avnetsdk module handle: 0000024980000000

[2023-11-07T11:00:02.162 info Netsdk:63708 37912:21932 AVNetSDKMgr.cpp:823]Load configsdk dynamically
[2023-11-07T11:00:02.169 info Netsdk:63708 37912:21932 dhnetsdk.cpp:352]Enter CLIENT_SetNetworkParam:[nWaittime=0, nConnectTime=0, nConnectTryNum=2, nSubConnectSpaceTime=0, nGetDevInfoTime=3000, nConnectBufSize=0, nGetConnInfoTime=0, nSearchRecordTime=0, nsubDisconnetTime=0, byNetType=0, byPlaybackBufSize=0, bDetectDisconnTime=0, bKeepLifeInterval=0, nPicBufSize=0].
[2023-11-07T11:00:02.169 info Netsdk:63708 37912:21932 dhnetsdk.cpp:367]Leave CLIENT_SetNetworkParam.
[2023-11-07T11:00:02.169 info Netsdk:63708 37912:21932 dhnetsdk.cpp:302]Enter CLIENT_SetAutoReconnect:[cbAutoConnect=00007FF65BC09CA4, dwUser=0000007C2E0FE860].
[2023-11-07T11:00:02.169 info Netsdk:63708 37912:21932 dhnetsdk.cpp:304]Leave CLIENT_SetAutoReconnect.
[2023-11-07T11:00:02.242 info Netsdk:63708 37912:21932 dhnetsdk.cpp:991]Enter CLIENT_LoginWithHighLevelSecurity. pstInParam:0000007C2E0FCDD0, pstOutParam:0000007C2E0FCED0.
[2023-11-07T11:00:02.242 info Netsdk:63708 37912:21932 dhnetsdk.cpp:1007]IP:218.240.128.210, port:37777, SpeCap:0, CapParam:0000000000000000, TLSCap:0
[2023-11-07T11:00:02.461 info Netsdk:63708 37912:21932 dhnetsdk.cpp:1054]Leave CLIENT_LoginWithHighLevelSecurity. error:0, login ID:-64589264.
[2023-11-07T11:00:02.466 info Netsdk:63708 37912:21932 dhnetsdk.cpp:8181]Enter CLIENT_QueryDevState. [lLoginID=-64589264, nType=4, pBuf=0000007C2E0FB410, nBufLen=3076, pRetLen=0000007C2E0FCC64, waittime=3000.]
[2023-11-07T11:00:02.488 info Netsdk:63708 37912:21932 dhnetsdk.cpp:8205]Leave CLIENT_QueryDevState.ret:1.
Begin Time:2023-11-07T11:00:04.154
[2023-11-07T11:00:04.154 info Netsdk:63708 38360:26384 AVNetSDKMgr.cpp:504]Load avnetsdk library dynamically
[2023-11-07T11:00:04.158 info Netsdk:63708 38360:26384 AVNetSDKMgr.cpp:549]avnetsdk module handle: 0000011A4C470000

[2023-11-07T11:00:04.158 info Netsdk:63708 38360:26384 AVNetSDKMgr.cpp:823]Load configsdk dynamically
[2023-11-07T11:00:04.160 info Netsdk:63708 38360:26384 dhnetsdk.cpp:302]Enter CLIENT_SetAutoReconnect:[cbAutoConnect=00007FF619AE9DA8, dwUser=000000119178CD90].
[2023-11-07T11:00:04.160 info Netsdk:63708 38360:26384 dhnetsdk.cpp:304]Leave CLIENT_SetAutoReconnect.
[2023-11-07T11:00:04.176 info Netsdk:63708 38360:26384 dhnetsdk.cpp:991]Enter CLIENT_LoginWithHighLevelSecurity. pstInParam:000000119178B220, pstOutParam:000000119178B320.
[2023-11-07T11:00:04.176 info Netsdk:63708 38360:26384 dhnetsdk.cpp:1007]IP:218.240.128.210, port:37777, SpeCap:0, CapParam:0000000000000000, TLSCap:0
[2023-11-07T11:00:05.459 info Netsdk:63708 38360:26384 dhnetsdk.cpp:1054]Leave CLIENT_LoginWithHighLevelSecurity. error:0, login ID:1207987200.
[2023-11-07T11:00:05.469 info Netsdk:63708 38360:26384 dhnetsdk.cpp:8181]Enter CLIENT_QueryDevState. [lLoginID=1207987200, nType=82, pBuf=000000119178B448, nBufLen=60, pRetLen=000000119178B424, waittime=1000.]
[2023-11-07T11:00:05.591 info Netsdk:63708 38360:26384 dhnetsdk.cpp:8205]Leave CLIENT_QueryDevState.ret:1.
[2023-11-07T11:00:05.599 info Netsdk:63708 38360:26384 dhnetsdk.cpp:1288]Enter CLIENT_RealPlayEx. lLoginID:1207987200. nChannelID:0. rType:0
[2023-11-07T11:00:05.823 error Netsdk:63708 38360:26384 Generation2ProtocolSecureTransmit.cpp:661]Not find
[2023-11-07T11:00:05.823 info Netsdk:63708 38360:26384 DevConfigEx.cpp:11689]IN SetupSession PORT=0 and PORT: 37777
[2023-11-07T11:00:05.898 info Netsdk:63708 38360:26384 dhnetsdk.cpp:1354]Leave CLIENT_RealPlayEx. ret:1208018448
[2023-11-07T11:00:13.207 info Netsdk:63708 37912:21932 dhnetsdk.cpp:8113]Enter CLIENT_ControlDevice. [lLoginID=-64589264, type=12, param=0000000000000000, waittime=3000.]
[2023-11-07T11:00:13.208 info Netsdk:63708 37912:21932 dhnetsdk.cpp:8136]Leave CLIENT_ControlDevice.ret:1.
[2023-11-07T11:00:19.366 info Netsdk:63708 38360:26384 dhnetsdk.cpp:2090]Enter CLIENT_StopRealPlayEx. lRealHandle:1208018448.
[2023-11-07T11:00:19.373 info Netsdk:63708 38360:26384 dhnetsdk.cpp:2104]Leave CLIENT_StopRealPlayEx. ret:1
[2023-11-07T11:00:19.373 info Netsdk:63708 38360:26384 dhnetsdk.cpp:1288]Enter CLIENT_RealPlayEx. lLoginID:1207987200. nChannelID:1. rType:0
[2023-11-07T11:00:19.403 error Netsdk:63708 38360:26384 Generation2ProtocolSecureTransmit.cpp:661]Not find
[2023-11-07T11:00:19.403 info Netsdk:63708 38360:26384 DevConfigEx.cpp:11689]IN SetupSession PORT=0 and PORT: 37777
[2023-11-07T11:00:19.448 info Netsdk:63708 38360:26384 dhnetsdk.cpp:1354]Leave CLIENT_RealPlayEx. ret:1208018448
[2023-11-07T11:00:19.449 info Netsdk:63708 38360:26384 dhnetsdk.cpp:5105]Enter CLIENT_DHPTZControl. [lLoginID=1207987200, nChannelID=1, dwPTZCommand=2, param1=0, param2=4, param3=0, dwStop=0, param4=0000000000000000.]
[2023-11-07T11:00:19.449 info Netsdk:63708 38360:26384 dhnetsdk.cpp:5128]Leave CLIENT_DHPTZControl.ret:1.
[2023-11-07T11:00:19.679 info Netsdk:63708 38360:26384 dhnetsdk.cpp:5105]Enter CLIENT_DHPTZControl. [lLoginID=1207987200, nChannelID=1, dwPTZCommand=2, param1=0, param2=4, param3=0, dwStop=1, param4=0000000000000000.]
[2023-11-07T11:00:19.680 info Netsdk:63708 38360:26384 dhnetsdk.cpp:5128]Leave CLIENT_DHPTZControl.ret:1.
[2023-11-07T11:00:20.609 info Netsdk:63708 38360:26384 dhnetsdk.cpp:5105]Enter CLIENT_DHPTZControl. [lLoginID=1207987200, nChannelID=1, dwPTZCommand=2, param1=0, param2=4, param3=0, dwStop=0, param4=0000000000000000.]
[2023-11-07T11:00:20.609 info Netsdk:63708 38360:26384 dhnetsdk.cpp:5128]Leave CLIENT_DHPTZControl.ret:1.
[2023-11-07T11:00:21.219 info Netsdk:63708 38360:26384 dhnetsdk.cpp:5105]Enter CLIENT_DHPTZControl. [lLoginID=1207987200, nChannelID=1, dwPTZCommand=2, param1=0, param2=4, param3=0, dwStop=1, param4=0000000000000000.]
[2023-11-07T11:00:21.219 info Netsdk:63708 38360:26384 dhnetsdk.cpp:5128]Leave CLIENT_DHPTZControl.ret:1.
[2023-11-07T11:00:22.660 info Netsdk:63708 38360:26384 dhnetsdk.cpp:5105]Enter CLIENT_DHPTZControl. [lLoginID=1207987200, nChannelID=1, dwPTZCommand=3, param1=0, param2=4, param3=0, dwStop=0, param4=0000000000000000.]
[2023-11-07T11:00:22.660 info Netsdk:63708 38360:26384 dhnetsdk.cpp:5128]Leave CLIENT_DHPTZControl.ret:1.
[2023-11-07T11:00:23.218 info Netsdk:63708 38360:26384 dhnetsdk.cpp:5105]Enter CLIENT_DHPTZControl. [lLoginID=1207987200, nChannelID=1, dwPTZCommand=3, param1=0, param2=4, param3=0, dwStop=1, param4=0000000000000000.]
[2023-11-07T11:00:23.218 info Netsdk:63708 38360:26384 dhnetsdk.cpp:5128]Leave CLIENT_DHPTZControl.ret:1.
[2023-11-07T11:00:24.588 info Netsdk:63708 38360:26384 dhnetsdk.cpp:5105]Enter CLIENT_DHPTZControl. [lLoginID=1207987200, nChannelID=1, dwPTZCommand=1, param1=0, param2=4, param3=0, dwStop=0, param4=0000000000000000.]
[2023-11-07T11:00:24.588 info Netsdk:63708 38360:26384 dhnetsdk.cpp:5128]Leave CLIENT_DHPTZControl.ret:1.
[2023-11-07T11:00:25.101 info Netsdk:63708 38360:26384 dhnetsdk.cpp:5105]Enter CLIENT_DHPTZControl. [lLoginID=1207987200, nChannelID=1, dwPTZCommand=1, param1=0, param2=4, param3=0, dwStop=1, param4=0000000000000000.]
[2023-11-07T11:00:25.101 info Netsdk:63708 38360:26384 dhnetsdk.cpp:5128]Leave CLIENT_DHPTZControl.ret:1.
[2023-11-07T11:00:26.715 info Netsdk:63708 38360:26384 dhnetsdk.cpp:5105]Enter CLIENT_DHPTZControl. [lLoginID=1207987200, nChannelID=1, dwPTZCommand=0, param1=0, param2=4, param3=0, dwStop=0, param4=0000000000000000.]
[2023-11-07T11:00:26.715 info Netsdk:63708 38360:26384 dhnetsdk.cpp:5128]Leave CLIENT_DHPTZControl.ret:1.
[2023-11-07T11:00:27.725 info Netsdk:63708 38360:26384 dhnetsdk.cpp:5105]Enter CLIENT_DHPTZControl. [lLoginID=1207987200, nChannelID=1, dwPTZCommand=0, param1=0, param2=4, param3=0, dwStop=1, param4=0000000000000000.]
[2023-11-07T11:00:27.726 info Netsdk:63708 38360:26384 dhnetsdk.cpp:5128]Leave CLIENT_DHPTZControl.ret:1.
[2023-11-07T11:01:19.272 info Netsdk:63708 37912:21932 dhnetsdk.cpp:1075]Enter CLIENT_Logout. lLoginID:-64589264.
[2023-11-07T11:01:19.272 error Netsdk:63708 37912:21932 TPTCPClient.cpp:723]Device is not online, ip:218.240.128.210
[2023-11-07T11:01:19.272 info Netsdk:63708 37912:21932 dhnetsdk.cpp:1097]Leave CLIENT_Logout. ret:1
[2023-11-07T11:01:19.272 info Netsdk:63708 38360:26384 dhnetsdk.cpp:2090]Enter CLIENT_StopRealPlayEx. lRealHandle:1208018448.
[2023-11-07T11:01:19.281 info Netsdk:63708 38360:26384 dhnetsdk.cpp:2104]Leave CLIENT_StopRealPlayEx. ret:1
[2023-11-07T11:01:19.281 info Netsdk:63708 38360:26384 dhnetsdk.cpp:1075]Enter CLIENT_Logout. lLoginID:1207987200.
[2023-11-07T11:01:19.281 error Netsdk:63708 38360:26384 TPTCPClient.cpp:723]Device is not online, ip:218.240.128.210
[2023-11-07T11:01:19.281 info Netsdk:63708 38360:26384 dhnetsdk.cpp:1097]Leave CLIENT_Logout. ret:1
Begin Time:2023-11-07T13:18:02.107
[2023-11-07T13:18:02.108 info Netsdk:63708 4176:12344 AVNetSDKMgr.cpp:504]Load avnetsdk library dynamically
[2023-11-07T13:18:02.134 info Netsdk:63708 4176:12344 AVNetSDKMgr.cpp:549]avnetsdk module handle: 00000241FC8B0000

[2023-11-07T13:18:02.134 info Netsdk:63708 4176:12344 AVNetSDKMgr.cpp:823]Load configsdk dynamically
[2023-11-07T13:18:02.143 info Netsdk:63708 4176:12344 dhnetsdk.cpp:352]Enter CLIENT_SetNetworkParam:[nWaittime=0, nConnectTime=0, nConnectTryNum=2, nSubConnectSpaceTime=0, nGetDevInfoTime=3000, nConnectBufSize=0, nGetConnInfoTime=0, nSearchRecordTime=0, nsubDisconnetTime=0, byNetType=0, byPlaybackBufSize=0, bDetectDisconnTime=0, bKeepLifeInterval=0, nPicBufSize=0].
[2023-11-07T13:18:02.143 info Netsdk:63708 4176:12344 dhnetsdk.cpp:367]Leave CLIENT_SetNetworkParam.
[2023-11-07T13:18:02.143 info Netsdk:63708 4176:12344 dhnetsdk.cpp:302]Enter CLIENT_SetAutoReconnect:[cbAutoConnect=00007FF7D6829CA4, dwUser=000000EB19AFE540].
[2023-11-07T13:18:02.143 info Netsdk:63708 4176:12344 dhnetsdk.cpp:304]Leave CLIENT_SetAutoReconnect.
Begin Time:2023-11-07T13:18:02.156
[2023-11-07T13:18:02.156 info Netsdk:63708 21516:21728 AVNetSDKMgr.cpp:504]Load avnetsdk library dynamically
[2023-11-07T13:18:02.160 info Netsdk:63708 21516:21728 AVNetSDKMgr.cpp:549]avnetsdk module handle: 00000172D8E20000

[2023-11-07T13:18:02.160 info Netsdk:63708 21516:21728 AVNetSDKMgr.cpp:823]Load configsdk dynamically
[2023-11-07T13:18:02.163 info Netsdk:63708 21516:21728 dhnetsdk.cpp:302]Enter CLIENT_SetAutoReconnect:[cbAutoConnect=00007FF736299DA8, dwUser=000000034AF8CBD0].
[2023-11-07T13:18:02.163 info Netsdk:63708 21516:21728 dhnetsdk.cpp:304]Leave CLIENT_SetAutoReconnect.
[2023-11-07T13:18:02.192 info Netsdk:63708 21516:21728 dhnetsdk.cpp:991]Enter CLIENT_LoginWithHighLevelSecurity. pstInParam:000000034AF8B060, pstOutParam:000000034AF8B160.
[2023-11-07T13:18:02.193 info Netsdk:63708 21516:21728 dhnetsdk.cpp:1007]IP:218.240.128.210, port:37777, SpeCap:0, CapParam:0000000000000000, TLSCap:0
[2023-11-07T13:18:02.215 info Netsdk:63708 4176:12344 dhnetsdk.cpp:991]Enter CLIENT_LoginWithHighLevelSecurity. pstInParam:000000EB19AFCAB0, pstOutParam:000000EB19AFCBB0.
[2023-11-07T13:18:02.215 info Netsdk:63708 4176:12344 dhnetsdk.cpp:1007]IP:218.240.128.210, port:37777, SpeCap:0, CapParam:0000000000000000, TLSCap:0
[2023-11-07T13:18:02.615 info Netsdk:63708 21516:21728 dhnetsdk.cpp:1054]Leave CLIENT_LoginWithHighLevelSecurity. error:0, login ID:-719688544.
[2023-11-07T13:18:02.624 info Netsdk:63708 21516:21728 dhnetsdk.cpp:8181]Enter CLIENT_QueryDevState. [lLoginID=-719688544, nType=82, pBuf=000000034AF8B288, nBufLen=60, pRetLen=000000034AF8B264, waittime=1000.]
[2023-11-07T13:18:02.655 info Netsdk:63708 4176:12344 dhnetsdk.cpp:1054]Leave CLIENT_LoginWithHighLevelSecurity. error:0, login ID:-113988608.
[2023-11-07T13:18:02.659 info Netsdk:63708 4176:12344 dhnetsdk.cpp:8181]Enter CLIENT_QueryDevState. [lLoginID=-113988608, nType=4, pBuf=000000EB19AFB0F0, nBufLen=3076, pRetLen=000000EB19AFC944, waittime=3000.]
[2023-11-07T13:18:02.680 info Netsdk:63708 4176:12344 dhnetsdk.cpp:8205]Leave CLIENT_QueryDevState.ret:1.
[2023-11-07T13:18:02.776 info Netsdk:63708 21516:21728 dhnetsdk.cpp:8205]Leave CLIENT_QueryDevState.ret:1.
[2023-11-07T13:18:02.779 info Netsdk:63708 21516:21728 dhnetsdk.cpp:1288]Enter CLIENT_RealPlayEx. lLoginID:-719688544. nChannelID:0. rType:0
[2023-11-07T13:18:03.034 error Netsdk:63708 21516:21728 Generation2ProtocolSecureTransmit.cpp:661]Not find
[2023-11-07T13:18:03.034 info Netsdk:63708 21516:21728 DevConfigEx.cpp:11689]IN SetupSession PORT=0 and PORT: 37777
[2023-11-07T13:18:03.138 info Netsdk:63708 21516:21728 dhnetsdk.cpp:1354]Leave CLIENT_RealPlayEx. ret:-719661472
[2023-11-07T13:18:46.211 info Netsdk:63708 4176:12344 dhnetsdk.cpp:1075]Enter CLIENT_Logout. lLoginID:-113988608.
[2023-11-07T13:18:46.221 error Netsdk:63708 4176:12344 TPTCPClient.cpp:723]Device is not online, ip:218.240.128.210
[2023-11-07T13:18:46.223 info Netsdk:63708 4176:12344 dhnetsdk.cpp:1097]Leave CLIENT_Logout. ret:1
[2023-11-07T13:18:46.253 info Netsdk:63708 21516:21728 dhnetsdk.cpp:2090]Enter CLIENT_StopRealPlayEx. lRealHandle:-719661472.
[2023-11-07T13:18:46.270 info Netsdk:63708 21516:21728 dhnetsdk.cpp:2104]Leave CLIENT_StopRealPlayEx. ret:1
[2023-11-07T13:18:46.270 info Netsdk:63708 21516:21728 dhnetsdk.cpp:1075]Enter CLIENT_Logout. lLoginID:-719688544.
[2023-11-07T13:18:46.271 error Netsdk:63708 21516:21728 TPTCPClient.cpp:723]Device is not online, ip:218.240.128.210
[2023-11-07T13:18:46.271 info Netsdk:63708 21516:21728 dhnetsdk.cpp:1097]Leave CLIENT_Logout. ret:1
